C14ID,SiteID,LONGITUDE,Latitude,SITE,SITE_TYPE,LabCode,C14Age,C14SD,C13_AGE,C13_ERROR,MATERIAL,Material,CONTEXT,DEPTH_FROM_SURFACE_CM,METHOD,TECHNIQUE,Data pertinent for time-series analysis or calibration,Open or Closed Site,Directly Related to occupation? Yes/Unknown,SOURCE,NOTES,RECORD_SOURCE,DATE_ISSUES,AGE_NORM,ADDITIONAL_DATA_ISSUES,,,Country
12678,Arnhem Plateau,Longitude,-12.43,Birriwilk rockshelter,Rockshelter,Wk-33542,298,25,-26,0.2,Charcoal,Charcoal,XU 12,21-24,Radiocarbon,,Terrestrial,Closed,Y,Shine et al. 2013,"A rockshelter located in in Mikinj Valley, southwest Arnhem Land. The rockshelter was an elevated terrace some 13 x 7 m in size, and overlooks Birriwilk lagoon. The rockshelter contains 30 images of primarily bi and tri chrome x-ray fish art, as well as few animals. Excavations consisted of 1 sq. m at the base of the rock art panel within the shelter. Excavations reached bedrock at 103 cm below surface. Excavations recovered 412 artefacts, charcoal, shell and worked and unworked ochre. Glass was also found in XU3-4. Data suggests initial use from XU 31 at c. 4.5ka (Wk-33541) with intermittent use from c. 4ka (Wk-32919) and peak activity between c. 0.7-0.3ka (Wk-33540-Wk-33542), with decline in use in uppermost deposits. Artefacts show changing use in material over time beginning with tuff, then chert and finally quartzite, the latter being associated with bifacial points. Faunal remains included turtle and fish species.",c14,,298,,,,AUSTRALIA
12679,Arnhem Plateau,133.01,-12.43,Birriwilk rockshelter,Rockshelter,Wk-33540,742,25,-26,0.2,Charcoal,Charcoal,XU 15,28-30,Radiocarbon,,Terrestrial,Closed,Y,Shine et al. 2013,"A rockshelter located in in Mikinj Valley, southwest Arnhem Land. The rockshelter was an elevated terrace some 13 x 7 m in size, and overlooks Birriwilk lagoon. The rockshelter contains 30 images of primarily bi and tri chrome x-ray fish art, as well as few animals. Excavations consisted of 1 sq. m at the base of the rock art panel within the shelter. Excavations reached bedrock at 103 cm below surface. Excavations recovered 412 artefacts, charcoal, shell and worked and unworked ochre. Glass was also found in XU3-4. Data suggests initial use from XU 31 at c. 4.5ka (Wk-33541) with intermittent use from c. 4ka (Wk-32919) and peak activity between c. 0.7-0.3ka (Wk-33540-Wk-33542), with decline in use in uppermost deposits. Artefacts show changing use in material over time beginning with tuff, then chert and finally quartzite, the latter being associated with bifacial points. Faunal remains included turtle and fish species.",c14,,742,,,,AUSTRALIA
12680,Arnhem Plateau,133.01,-12.43,Birriwilk rockshelter,Rockshelter,Wk-35588,3865,25,-24.7,0.2,Charcoal,Charcoal,XU 19,37-39,Radiocarbon,,Terrestrial,Closed,Y,Shine et al. 2013,"A rockshelter located in in Mikinj Valley, southwest Arnhem Land. The rockshelter was an elevated terrace some 13 x 7 m in size, and overlooks Birriwilk lagoon. The rockshelter contains 30 images of primarily bi and tri chrome x-ray fish art, as well as few animals. Excavations consisted of 1 sq. m at the base of the rock art panel within the shelter. Excavations reached bedrock at 103 cm below surface. Excavations recovered 412 artefacts, charcoal, shell and worked and unworked ochre. Glass was also found in XU3-4. Data suggests initial use from XU 31 at c. 4.5ka (Wk-33541) with intermittent use from c. 4ka (Wk-32919) and peak activity between c. 0.7-0.3ka (Wk-33540-Wk-33542), with decline in use in uppermost deposits. Artefacts show changing use in material over time beginning with tuff, then chert and finally quartzite, the latter being associated with bifacial points. Faunal remains included turtle and fish species.",c14,,3865,,,,AUSTRALIA
12677,Arnhem Plateau,133.01,-12.43,Birriwilk rockshelter,Rockshelter,Wk-32918,147,26,-27.1,0.2,Charcoal,Charcoal,XU 8,14-16,Radiocarbon,,Terrestrial,Closed,Y,Shine et al. 2013,"A rockshelter located in in Mikinj Valley, southwest Arnhem Land. The rockshelter was an elevated terrace some 13 x 7 m in size, and overlooks Birriwilk lagoon. The rockshelter contains 30 images of primarily bi and tri chrome x-ray fish art, as well as few animals. Excavations consisted of 1 sq. m at the base of the rock art panel within the shelter. Excavations reached bedrock at 103 cm below surface. Excavations recovered 412 artefacts, charcoal, shell and worked and unworked ochre. Glass was also found in XU3-4. Data suggests initial use from XU 31 at c. 4.5ka (Wk-33541) with intermittent use from c. 4ka (Wk-32919) and peak activity between c. 0.7-0.3ka (Wk-33540-Wk-33542), with decline in use in uppermost deposits. Artefacts show changing use in material over time beginning with tuff, then chert and finally quartzite, the latter being associated with bifacial points. Faunal remains included turtle and fish species.",c14,,147,,,,AUSTRALIA
12683,Arnhem Plateau,133.01,-12.43,Birriwilk rockshelter,Rockshelter,Wk-33541,4525,29,-24.2,0.2,Charcoal,Charcoal,XU 31,66-70,Radiocarbon,,Terrestrial,Closed,Y,Shine et al. 2013,"A rockshelter located in in Mikinj Valley, southwest Arnhem Land. The rockshelter was an elevated terrace some 13 x 7 m in size, and overlooks Birriwilk lagoon. The rockshelter contains 30 images of primarily bi and tri chrome x-ray fish art, as well as few animals. Excavations consisted of 1 sq. m at the base of the rock art panel within the shelter. Excavations reached bedrock at 103 cm below surface. Excavations recovered 412 artefacts, charcoal, shell and worked and unworked ochre. Glass was also found in XU3-4. Data suggests initial use from XU 31 at c. 4.5ka (Wk-33541) with intermittent use from c. 4ka (Wk-32919) and peak activity between c. 0.7-0.3ka (Wk-33540-Wk-33542), with decline in use in uppermost deposits. Artefacts show changing use in material over time beginning with tuff, then chert and finally quartzite, the latter being associated with bifacial points. Faunal remains included turtle and fish species.",c14,,4525,,,,AUSTRALIA
10248,Victoria Volcanic Plain,141.82,-38.07,Muldoons Trap Complex (Lake Condah),Fish Trap,OZL-605,260,30,-24,0.1,Carbonised Eucalypt sp.,Charcoal,"Sq. B, XU 6, sample 1",12.3-14.3,Radiocarbon,,Terrestrial,Open,Y,"McNiven et al., 2012","A detailed investigation of a fish trap on the edge of Lake Condah. One area of the fish trap, F10, was excavated in detail with 15 AMS radiocarbon dates being recovered from infilled material. Bone, charcoal and artefacts were also recovered from the sediments and indicate broadly increasing densities in more recent periods. The radiocarbon dates indicate that the fish traps were primarily used during two periods - between 0.19 - 1.37ka and 5.4 - 8.88ka. There is also evidence of a wall building phase around 0.6-0.8ka. Interpretations suggest a focus on the resources associated with higher lake levels in the mid Holocene climatic optimum and the more recent late Holocene, with a hiatus occurring during periods of intense ENSO (4-2ka).",c14,,260,,,,AUSTRALIA
10250,Victoria Volcanic Plain,141.82,-38.07,Muldoons Trap Complex (Lake Condah),Fish Trap,Wk-29098,397,30,,,Carbonised wood,Charcoal,"Sq. B, XU 11a, sample 5",24.0-27.3,Radiocarbon,,Terrestrial,Open,Y,"McNiven et al., 2012","A detailed investigation of a fish trap on the edge of Lake Condah. One area of the fish trap, F10, was excavated in detail with 15 AMS radiocarbon dates being recovered from infilled material. Bone, charcoal and artefacts were also recovered from the sediments and indicate broadly increasing densities in more recent periods. The radiocarbon dates indicate that the fish traps were primarily used during two periods - between 0.19 - 1.37ka and 5.4 - 8.88ka. There is also evidence of a wall building phase around 0.6-0.8ka. Interpretations suggest a focus on the resources associated with higher lake levels in the mid Holocene climatic optimum and the more recent late Holocene, with a hiatus occurring during periods of intense ENSO (4-2ka).",c14,,397,,,,AUSTRALIA
10253,Victoria Volcanic Plain,141.82,-38.07,Muldoons Trap Complex (Lake Condah),Fish Trap,Wk-28885,687,30,-28.7,0.2,Carbonised wood,Charcoal,"Sq. B, XU 10a, sample 12",21.4-24.0,Radiocarbon,,Terrestrial,Open,Y,"McNiven et al., 2012","A detailed investigation of a fish trap on the edge of Lake Condah. One area of the fish trap, F10, was excavated in detail with 15 AMS radiocarbon dates being recovered from infilled material. Bone, charcoal and artefacts were also recovered from the sediments and indicate broadly increasing densities in more recent periods. The radiocarbon dates indicate that the fish traps were primarily used during two periods - between 0.19 - 1.37ka and 5.4 - 8.88ka. There is also evidence of a wall building phase around 0.6-0.8ka. Interpretations suggest a focus on the resources associated with higher lake levels in the mid Holocene climatic optimum and the more recent late Holocene, with a hiatus occurring during periods of intense ENSO (4-2ka).",c14,,687,,,,AUSTRALIA
10254,Victoria Volcanic Plain,141.82,-38.07,Muldoons Trap Complex (Lake Condah),Fish Trap,Wk-29096,752,30,-26,0.2,Carbonised wood,Charcoal,"Sq. B, XU 9a, sample 8",18.6-21.4,Radiocarbon,,Terrestrial,Open,Y,"McNiven et al., 2012","A detailed investigation of a fish trap on the edge of Lake Condah. One area of the fish trap, F10, was excavated in detail with 15 AMS radiocarbon dates being recovered from infilled material. Bone, charcoal and artefacts were also recovered from the sediments and indicate broadly increasing densities in more recent periods. The radiocarbon dates indicate that the fish traps were primarily used during two periods - between 0.19 - 1.37ka and 5.4 - 8.88ka. There is also evidence of a wall building phase around 0.6-0.8ka. Interpretations suggest a focus on the resources associated with higher lake levels in the mid Holocene climatic optimum and the more recent late Holocene, with a hiatus occurring during periods of intense ENSO (4-2ka).",c14,,752,,,,AUSTRALIA
10256,Victoria Volcanic Plain,141.82,-38.07,Muldoons Trap Complex (Lake Condah),Fish Trap,Wk-28888,919,30,-25.2,0.2,Carbonised wood,Charcoal,"Sq. B, XU 11a, sample 3",24.0-27.3,Radiocarbon,,Terrestrial,Open,Y,"McNiven et al., 2012","A detailed investigation of a fish trap on the edge of Lake Condah. One area of the fish trap, F10, was excavated in detail with 15 AMS radiocarbon dates being recovered from infilled material. Bone, charcoal and artefacts were also recovered from the sediments and indicate broadly increasing densities in more recent periods. The radiocarbon dates indicate that the fish traps were primarily used during two periods - between 0.19 - 1.37ka and 5.4 - 8.88ka. There is also evidence of a wall building phase around 0.6-0.8ka. Interpretations suggest a focus on the resources associated with higher lake levels in the mid Holocene climatic optimum and the more recent late Holocene, with a hiatus occurring during periods of intense ENSO (4-2ka).",c14,,919,,,,AUSTRALIA
13577,NSW North Coast,152.91,-29.59,Seelands,Rockshelter,GaK-370,1210,30,,,Charcoal,Charcoal,"Trench 5(e), IIIA",,Radiocarbon,,Terrestrial,Closed,Y,"Bermingham, 1966; McBryde, 1965, 1966; Kigoshi et al., 1965","An extensive study of the rockshleter including four trenches across various parts of the site. Radiocarbon dating and analysis done on each of the trenches, with later compilation in McBryde 1874. A compilation of all these trenches revealed a uniface pebble industry in levels, IV, V and VI composed primarily indurated mudstone, siltstone and greywacke (all available from the nearby Clarence River). These lower depths retained very few artefacts between c. 2000 - 5000 BP. Level IIIA and IV similarly contains greywacke uniface pebbles, but also the appearanance of blade tools,  geometric microliths and ground-edged tools (c. 2000 BP). Level IV also contains bone artefacts, which gain in importance in levels II and III. Levels I, II and III dominated by small tool tradition. Stratigraphically relates to, but does not correlate with, V-11. Relates to the talus slope, which contained a dark black soil retaining few animal bones, blade tools, high concentrations of stone artefacts. Dates the first appearance of uniface pebbles edge ground artefacts in the region.",c14,,1210,,,,AUSTRALIA
12415,Sydney Basin,151.27,-33.87,"Royal Sydney Golf Course, Rose Bay",Open site,Wk-27466,1265,30,-25,0.2,Charcoal,Charcoal,Feature 1,>1 m,Radiocarbon,,Terrestrial,Open,Y,"Jo McDonald Cultural Heritage Management Pty Ltd, 2010","A salvage excavation prior to the development of new structures at the Royal Sydney Golf Club, located on the Botany Bay sand dune system.  Extensive excavation of the northern bowling lawn recovered several human remains (at least 3) and over 5,700 artefacts within a disturbed and truncated dune deposit. This sample came from beneath skeletal remains in feature 1. The assemblage wa of middle to late Bondaian age and was dominated by quartz with lesser proportions of silcrete, silicified tuff. silicified wood, quartzite and other FGS. Several backed blades and bipolar flakes and cores were recovered.",c14,,1265,,,,AUSTRALIA
10257,Victoria Volcanic Plain,141.82,-38.07,Muldoons Trap Complex (Lake Condah),Fish Trap,Wk-29097,1543,30,-22.6,0.2,Carbonised wood,Charcoal,"Sq. B, XU 10a, sample 9",21.4-24.0,Radiocarbon,,Terrestrial,Open,Y,"McNiven et al., 2012","A detailed investigation of a fish trap on the edge of Lake Condah. One area of the fish trap, F10, was excavated in detail with 15 AMS radiocarbon dates being recovered from infilled material. Bone, charcoal and artefacts were also recovered from the sediments and indicate broadly increasing densities in more recent periods. The radiocarbon dates indicate that the fish traps were primarily used during two periods - between 0.19 - 1.37ka and 5.4 - 8.88ka. There is also evidence of a wall building phase around 0.6-0.8ka. Interpretations suggest a focus on the resources associated with higher lake levels in the mid Holocene climatic optimum and the more recent late Holocene, with a hiatus occurring during periods of intense ENSO (4-2ka).",c14,,1543,,,,AUSTRALIA
12395,Sydney Basin,151.76,-32.92,Palais Royale,Open site,Wk-26882,2055,30,-24.2,0.2,Charcoal,Charcoal,"TP B12, spit 3",192.5,Radiocarbon,,Terrestrial,Open,Y,AN Williams unpub,Relates to a hearth found in association with the uppermost (and largest) of three artefact assemblages within this site. This assemblage was four times the size of others and retained extensive backed blades and exotic materials. AMS Measurement,c14,,2055,,,,AUSTRALIA
10128,Sydney Basin,151.3,-33.71,Narrabeen Man,Burial,CAMS-120202,3480,30,,,Human bone,Bone,,,Radiocarbon,,Terrestrial,Open,Y,"McDonald et al., 2007","A human skeleton (male between 30-40 years old) was uncovered during the installation of an electrical cable about 1.5 m below current street surface in Narrabeen, NSW. The skeleton contained several backed blades embedded within the bones and indicated he was killed by at least three hafted weaopns, including a spear. It provides the first definitive evidence of baked blades being used in a hafted context and used for violent means. Skeletal position and geomorphological evidence indicates he was partially burned and naturally buried by dune progression in the area.",c14,,3480,Information within this entry has been inferred by authors - see Notes,,,AUSTRALIA
12122,South East Coastal Plain,145.19,-38,Bend Road (AAV # 7921-0735/6),Open site,Wk-23983,4485,30,,,Charcoal,Charcoal,"BR1/N/15, SU 3b",54.7,Radiocarbon,,Terrestrial,Open,Y,"Hewitt & Allen, 2010","An open site investigated by La Trobe University prior to the installation of a new Freeway in Keysborough, southeast Melbourne. The site was primarily composed of a homogenous sand sheet - part of the Cranebourne sands - overlying coffee rock and cemented sands. The excavation identified 8 SU's- SU 1 - 6 is primarily sand of various colours, SU 7 is coffee rock, SU 8 is cemented sands and clays. SU 3a was divided based on the appearance and presence of backed blades. Extensive dating indicated that SU 3b occurred at c.5-6.5ka, while SU 4 is primairly of LGM age. SU 5 and 6 both date to 29-35ka. The artefact distributions occurred in three main layers (spits 2-4; 5-11; and 13-15), the lower two were considered to represent deflation/lag deposits of artefacts, one pre-LGM, and one at the LGM; the upper assemblage containing backed blades revealed conjoins and indicated some level of 'intactness'. Some discrepancy between the radiocarbon and OSL dates (the latter saying the deposits were older) was noted, but the upper assemblage was considered to be mid-late Holocene in age.",c14,,4485,,,,AUSTRALIA
10251,Victoria Volcanic Plain,141.82,-38.07,Muldoons Trap Complex (Lake Condah),Fish Trap,Wk-28881,624,31,-25.5,0.2,Carbonised wood,Charcoal,"Sq. B, XU 8, sample 2",15.0-18.6,Radiocarbon,,Terrestrial,Open,Y,"McNiven et al., 2012","A detailed investigation of a fish trap on the edge of Lake Condah. One area of the fish trap, F10, was excavated in detail with 15 AMS radiocarbon dates being recovered from infilled material. Bone, charcoal and artefacts were also recovered from the sediments and indicate broadly increasing densities in more recent periods. The radiocarbon dates indicate that the fish traps were primarily used during two periods - between 0.19 - 1.37ka and 5.4 - 8.88ka. There is also evidence of a wall building phase around 0.6-0.8ka. Interpretations suggest a focus on the resources associated with higher lake levels in the mid Holocene climatic optimum and the more recent late Holocene, with a hiatus occurring during periods of intense ENSO (4-2ka).",c14,,624,,,,AUSTRALIA
10252,Victoria Volcanic Plain,141.82,-38.07,Muldoons Trap Complex (Lake Condah),Fish Trap,Wk-28882,665,31,-25,0.2,Carbonised wood,Charcoal,"Sq. B, XU 8, sample 6",15.0-18.6,Radiocarbon,,Terrestrial,Open,Y,"McNiven et al., 2012","A detailed investigation of a fish trap on the edge of Lake Condah. One area of the fish trap, F10, was excavated in detail with 15 AMS radiocarbon dates being recovered from infilled material. Bone, charcoal and artefacts were also recovered from the sediments and indicate broadly increasing densities in more recent periods. The radiocarbon dates indicate that the fish traps were primarily used during two periods - between 0.19 - 1.37ka and 5.4 - 8.88ka. There is also evidence of a wall building phase around 0.6-0.8ka. Interpretations suggest a focus on the resources associated with higher lake levels in the mid Holocene climatic optimum and the more recent late Holocene, with a hiatus occurring during periods of intense ENSO (4-2ka).",c14,,665,,,,AUSTRALIA
10255,Victoria Volcanic Plain,141.82,-38.07,Muldoons Trap Complex (Lake Condah),Fish Trap,Wk-28880,889,31,-24.4,0.2,Carbonised wood,Charcoal,"Sq. B, XU 8, sample 1",15.0-18.6,Radiocarbon,,Terrestrial,Open,Y,"McNiven et al., 2012","A detailed investigation of a fish trap on the edge of Lake Condah. One area of the fish trap, F10, was excavated in detail with 15 AMS radiocarbon dates being recovered from infilled material. Bone, charcoal and artefacts were also recovered from the sediments and indicate broadly increasing densities in more recent periods. The radiocarbon dates indicate that the fish traps were primarily used during two periods - between 0.19 - 1.37ka and 5.4 - 8.88ka. There is also evidence of a wall building phase around 0.6-0.8ka. Interpretations suggest a focus on the resources associated with higher lake levels in the mid Holocene climatic optimum and the more recent late Holocene, with a hiatus occurring during periods of intense ENSO (4-2ka).",c14,,889,,,,AUSTRALIA
12681,Arnhem Plateau,133.01,-12.43,Birriwilk rockshelter,Rockshelter,Wk-32919,4056,31,-25.3,0.2,Charcoal,Charcoal,XU 24,48-50,Radiocarbon,,Terrestrial,Closed,Y,Shine et al. 2013,"A rockshelter located in in Mikinj Valley, southwest Arnhem Land. The rockshelter was an elevated terrace some 13 x 7 m in size, and overlooks Birriwilk lagoon. The rockshelter contains 30 images of primarily bi and tri chrome x-ray fish art, as well as few animals. Excavations consisted of 1 sq. m at the base of the rock art panel within the shelter. Excavations reached bedrock at 103 cm below surface. Excavations recovered 412 artefacts, charcoal, shell and worked and unworked ochre. Glass was also found in XU3-4. Data suggests initial use from XU 31 at c. 4.5ka (Wk-33541) with intermittent use from c. 4ka (Wk-32919) and peak activity between c. 0.7-0.3ka (Wk-33540-Wk-33542), with decline in use in uppermost deposits. Artefacts show changing use in material over time beginning with tuff, then chert and finally quartzite, the latter being associated with bifacial points. Faunal remains included turtle and fish species.",c14,,4056,,,,AUSTRALIA
12396,Sydney Basin,151.76,-32.92,Palais Royale,Open site,Wk-26883,5812,31,-24.2,0.2,Charcoal,Charcoal,"TP B3, spit 20",28.5,Radiocarbon,,Terrestrial,Open,Y,AN Williams unpub,Relates to the lowermost assemblage within a stratified sand dune/beach facies sequence containing three discrete artefact assemblages.,c14,,5812,,,,AUSTRALIA
12118,South East Coastal Plain,145.19,-38,Bend Road (AAV # 7921-0735/6),Open site,Wk-23462,1391,32,,,Charcoal,Charcoal,"BR1/N/12, SU 3a",47.5,Radiocarbon,,Terrestrial,Open,Y,"Hewitt & Allen, 2010","An open site investigated by La Trobe University prior to the installation of a new Freeway in Keysborough, southeast Melbourne. The site was primarily composed of a homogenous sand sheet - part of the Cranebourne sands - overlying coffee rock and cemented sands. The excavation identified 8 SU's- SU 1 - 6 is primarily sand of various colours, SU 7 is coffee rock, SU 8 is cemented sands and clays. SU 3a was divided based on the appearance and presence of backed blades. Extensive dating indicated that SU 3b occurred at c.5-6.5ka, while SU 4 is primairly of LGM age. SU 5 and 6 both date to 29-35ka. The artefact distributions occurred in three main layers (spits 2-4; 5-11; and 13-15), the lower two were considered to represent deflation/lag deposits of artefacts, one pre-LGM, and one at the LGM; the upper assemblage containing backed blades revealed conjoins and indicated some level of 'intactness'. Some discrepancy between the radiocarbon and OSL dates (the latter saying the deposits were older) was noted, but the upper assemblage was considered to be mid-late Holocene in age.",c14,,1391,,,,AUSTRALIA
12120,South East Coastal Plain,145.19,-38,Bend Road (AAV # 7921-0735/6),Open site,Wk-23460,2277,32,,,Charcoal,Charcoal,"BR1/N/6, SU 3a",32.2,Radiocarbon,,Terrestrial,Open,Y,"Hewitt & Allen, 2010","An open site investigated by La Trobe University prior to the installation of a new Freeway in Keysborough, southeast Melbourne. The site was primarily composed of a homogenous sand sheet - part of the Cranebourne sands - overlying coffee rock and cemented sands. The excavation identified 8 SU's- SU 1 - 6 is primarily sand of various colours, SU 7 is coffee rock, SU 8 is cemented sands and clays. SU 3a was divided based on the appearance and presence of backed blades. Extensive dating indicated that SU 3b occurred at c.5-6.5ka, while SU 4 is primairly of LGM age. SU 5 and 6 both date to 29-35ka. The artefact distributions occurred in three main layers (spits 2-4; 5-11; and 13-15), the lower two were considered to represent deflation/lag deposits of artefacts, one pre-LGM, and one at the LGM; the upper assemblage containing backed blades revealed conjoins and indicated some level of 'intactness'. Some discrepancy between the radiocarbon and OSL dates (the latter saying the deposits were older) was noted, but the upper assemblage was considered to be mid-late Holocene in age.",c14,,2277,,,,AUSTRALIA
12121,South East Coastal Plain,145.19,-38,Bend Road (AAV # 7921-0735/6),Open site,Wk-19710,2350,32,,,Charcoal,Charcoal,"BR1/N/8, SU 3a",37.9,Radiocarbon,,Terrestrial,Open,Y,"Hewitt & Allen, 2010","An open site investigated by La Trobe University prior to the installation of a new Freeway in Keysborough, southeast Melbourne. The site was primarily composed of a homogenous sand sheet - part of the Cranebourne sands - overlying coffee rock and cemented sands. The excavation identified 8 SU's- SU 1 - 6 is primarily sand of various colours, SU 7 is coffee rock, SU 8 is cemented sands and clays. SU 3a was divided based on the appearance and presence of backed blades. Extensive dating indicated that SU 3b occurred at c.5-6.5ka, while SU 4 is primairly of LGM age. SU 5 and 6 both date to 29-35ka. The artefact distributions occurred in three main layers (spits 2-4; 5-11; and 13-15), the lower two were considered to represent deflation/lag deposits of artefacts, one pre-LGM, and one at the LGM; the upper assemblage containing backed blades revealed conjoins and indicated some level of 'intactness'. Some discrepancy between the radiocarbon and OSL dates (the latter saying the deposits were older) was noted, but the upper assemblage was considered to be mid-late Holocene in age.",c14,,2350,,,,AUSTRALIA
11339,Sydney Basin,151.151,-34.084,"96-98 Loftus Street, Bundeena",Midden,Wk-22761,3643,32,-25.9,0.2,Charcoal,Charcoal,"C15, spit 4, sample 1",45,Radiocarbon,,Terrestrial,Open,Y,"Mary Dallas Consulting Archaeologist, 2008","Site recorded as DECCW number #52-3-1224. Site was a disturbed shallow midden deposit overlying, and occurring within cracks of, a sandstone platform. It was salvaged as part of a development and recovered 1645 artefacts primarily of silcrete and faunal remains of small mammals, birds, fish and shell. All dates were basal and were found in association with artefacts.",c14,,3643,,,,AUSTRALIA
11341,Sydney Basin,151.151,-34.084,"96-98 Loftus Street, Bundeena",Midden,Wk-22764,4151,32,-24.7,0.2,Charcoal,Charcoal,"H15, spit 4, unit 1",30,Radiocarbon,,Terrestrial,Open,Y,"Mary Dallas Consulting Archaeologist, 2008","Site recorded as DECCW number #52-3-1224. Site was a disturbed shallow midden deposit overlying, and occurring within cracks of, a sandstone platform. It was salvaged as part of a development and recovered 1645 artefacts primarily of silcrete and faunal remains of small mammals, birds, fish and shell. All dates were basal and were found in association with artefacts.",c14,,4151,,,,AUSTRALIA
10278,Broken Hill Complex,143.6,-30.8,"26_24014 (Cluster 26, Rutherfords Creek near Peery Lake)",Hearth,Wk-19594,190,33,,,Charcoal,Charcoal,Hearth,,Radiocarbon,,Terrestrial,Open,Y,Holdaway et al. 2008,"Study of several hearths exploring the intensification theory developed in the 1980s. Results indicate sporadic use of the region during the late Holocene, and combined with erosion/deflation, does not support the intensification theory",c14,,190,,,,AUSTRALIA
10269,Broken Hill Complex,143.6,-30.8,"11_18048 (Cluster RC11, Rutherfords Creek near Peery Lake)",Hearth,Wk-19574,235,33,,,Charcoal,Charcoal,Hearth,,Radiocarbon,,Terrestrial,Open,Y,Holdaway et al. 2008,"Study of several hearths exploring the intensification theory developed in the 1980s. Results indicate sporadic use of the region during the late Holocene, and combined with erosion/deflation, does not support the intensification theory",c14,,235,,,,AUSTRALIA
12441,Sydney Basin,150.52,-34.57,Wingecaribbee Swamp (WEP 1),Open site,Wk-13331,1685,33,-24.5,0.2,Charcoal,Charcoal,"Sq. 20E 38N, spit 2",c.20,Radiocarbon,,Terrestrial,Open,Y,"Jo McDonald Cultural Heritage Management Pty Ltd, 2003","An excavation of a peat deposit on the edges of the Wingecarribee Swamp near Robertson, NSW. Excavations were undertaken following a catastrophic collapse of nearby swamp edge. The excavations were focussed on two main areas, WEP 1 and 2, both of which formed transects from the swamp edge to the higher ground. Excavations and bore-holing revealed a peat deposit about 1 m thick away from the swamp edge to 2 m at the swamp edge. The ongoing growth of the peat indicated its formation about 3 ka with a high likelihood of burying earlier sites through its ongoing formation. Archaeological material was found to depths dating to at least c.2.7ka and was generally within 5 - 20 m of the swamp's edge. Evidence of at least two burning phases (possible human) between 1500-1650 AD and at c.1.6ka were evident. Artefacts were Bondaian in nature throughout and indicate an earlier use of silcrete with a later preference for quartz. Artefact focus occurred in areas that were closer and more accessible to the water's edge. Highest artefact discard rates were located at c.1.6 ka.",c14,,1685,,,,AUSTRALIA
11342,Sydney Basin,151.151,-34.084,"96-98 Loftus Street, Bundeena",Midden,Wk-22763,4563,33,-25.3,0.2,Charcoal,Charcoal,"H15, spit 3, unit 1",30,Radiocarbon,,Terrestrial,Open,Y,"Mary Dallas Consulting Archaeologist, 2008","Site recorded as DECCW number #52-3-1224. Site was a disturbed shallow midden deposit overlying, and occurring within cracks of, a sandstone platform. It was salvaged as part of a development and recovered 1645 artefacts primarily of silcrete and faunal remains of small mammals, birds, fish and shell. All dates were basal and were found in association with artefacts.",c14,,4563,,,,AUSTRALIA
11461,Great Sandy Desert,130.58,-22.74,Karrku  ochre mine,Ochre mine,Wk-21268,183,34,,,Wood,Wood/Plant Material,,,Radiocarbon,,Terrestrial,Open,Y,M A Smith unpub,98/3 Wood from mine workings,c14,,183,,,,AUSTRALIA
13403,MacDonnell Ranges,131.37,-24.13,Watarrka NEP23 (Upper Reedy Creek),Rockshelter,Wk-22757,259,34,,,Charcoal,Charcoal,Sq S8 spit 2,,Radiocarbon,,Terrestrial,Open,Y,M A Smith unpub,NEP23/S8/2 dates top of occupation deposit,c14,,259,,,,AUSTRALIA
10281,Broken Hill Complex,143.6,-30.8,"26_24018 (Cluster 26, Rutherfords Creek near Peery Lake)",Hearth,Wk-19598,795,34,,,Charcoal,Charcoal,Hearth,,Radiocarbon,,Terrestrial,Open,Y,Holdaway et al. 2008,"Study of several hearths exploring the intensification theory developed in the 1980s. Results indicate sporadic use of the region during the late Holocene, and combined with erosion/deflation, does not support the intensification theory",c14,,795,,,,AUSTRALIA
10287,Broken Hill Complex,143.6,-30.8,"26_24027 (Cluster 26, Rutherfords Creek near Peery Lake)",Hearth,Wk-19606,938,34,,,Charcoal,Charcoal,Hearth,,Radiocarbon,,Terrestrial,Open,Y,Holdaway et al. 2008,"Study of several hearths exploring the intensification theory developed in the 1980s. Results indicate sporadic use of the region during the late Holocene, and combined with erosion/deflation, does not support the intensification theory",c14,,938,,,,AUSTRALIA
10266,Broken Hill Complex,143.6,-30.8,"11_18042 (Cluster RC11, Rutherfords Creek near Peery Lake)",Hearth,Wk-19570,982,34,,,Charcoal,Charcoal,Hearth,,Radiocarbon,,Terrestrial,Open,Y,Holdaway et al. 2008,"Study of several hearths exploring the intensification theory developed in the 1980s. Results indicate sporadic use of the region during the late Holocene, and combined with erosion/deflation, does not support the intensification theory",c14,,982,,,,AUSTRALIA
10495,South East Coastal Plain,145,-38.33,"McLears Hill 1, Dromana",Hearth,Wk-23407,2171,34,-27,0.2,Charcoal,Charcoal,"Tr. D2, sq 1, spit 6",60,Radiocarbon,,Terrestrial,Open,Y,"Archaeological & Heritage Management Solutions Pty Ltd, 2008","A possible hearh identified as part of a test excavation prior to a proposed residential development in Dromana, VIC. A series of machine dug test excavations across several landforms of interest revealed a contiuous artefact scatter on elevated areas over-looking swampy ground and flood prone areas. The assemblage was within aeolian sediments.  The assemblage was bondaian in composition with evidence of increasing use of silcrete through time. Two circular charcoal features were observed during the excavation, and were thought to be heaths. This sample comes from one of these features.",c14,,2171,,,,AUSTRALIA
10150,Arnhem Plateau,133.5,-13.5,DB-01,Burial (dingo),Wk-25381,77,35,,,Bone,Bone,,,Radiocarbon,,Terrestrial,Open,Y,Gunn et al. 2010,A bundle burial containing a dingo within a rockshelter,c14,,77,Information within this entry has been inferred by authors - see Notes,,,AUSTRALIA
10247,Victoria Volcanic Plain,141.82,-38.07,Muldoons Trap Complex (Lake Condah),Fish Trap,OZL-604,205,35,-26.6,0.1,Carbonised Eucalypt sp.,Charcoal,"Sq. B, XU 4, sample 1",5.9-8.7,Radiocarbon,,Terrestrial,Open,Y,"McNiven et al., 2012","A detailed investigation of a fish trap on the edge of Lake Condah. One area of the fish trap, F10, was excavated in detail with 15 AMS radiocarbon dates being recovered from infilled material. Bone, charcoal and artefacts were also recovered from the sediments and indicate broadly increasing densities in more recent periods. The radiocarbon dates indicate that the fish traps were primarily used during two periods - between 0.19 - 1.37ka and 5.4 - 8.88ka. There is also evidence of a wall building phase around 0.6-0.8ka. Interpretations suggest a focus on the resources associated with higher lake levels in the mid Holocene climatic optimum and the more recent late Holocene, with a hiatus occurring during periods of intense ENSO (4-2ka).",c14,,205,,,,AUSTRALIA
13973,Sydney Basin,151.19,-33.2,Emu Tracks 2,Rockshelter,Wk-14104,219,35,,,Charcoal,Charcoal,T2a/2,5.5-10,Radiocarbon,,Terrestrial,Closed,Y,"Attenbrow, 2007","A follow up study of one of Attenbrow's original Upper Mangrove creek sites. Emu Tracks 2 is a small south facing rockshelter (8.3 x 2.2 x 2 m). 15 engravings emu tracks were located on the back wall of the shelter. Test pit T1 was located against the back wall immediately below the engravings, but found they did not continue below the surface. Two adjoining 50 x 50 cm test pits, T2a and T2b, were excavated into the deposit to a depth of 80 cm and recovered some 7,000 artefacts (63 backed artefacts). The most abundant raw material was quartz, with FGS, silcrete and chert (tuff) also being present. Peak densities occurred between spits 8-11. Spit 5 was the uppermost bondi point; spit 11 was the peak artefact densities (of quartz); and spit 15 was the lowest level of artefacts. Some evidence that the lowest part of the excavations were disturbed (and hence some inversions of radiocarbon dates). In summary, the site began to be occupied about 3.7-3.5 ka, with backed blades appearing between 3.2 - 1.1 ka.",c14,,219,,,,AUSTRALIA
11463,Great Sandy Desert,130.58,-22.74,Karrku  ochre mine,Ochre mine,Wk-21267,223,35,,,Wood,Wood/Plant Material,,,Radiocarbon,,Terrestrial,Open,Y,M A Smith unpub,98/2 Wood from mine workings,c14,,223,,,,AUSTRALIA
12443,Sydney Basin,150.52,-34.57,Wingecaribbee Swamp (WEP 2),Open site,Wk-13291,266,35,-24.3,0.2,Charred wood,Wood/Plant Material,"Sq. E8 N6, spit 1-2",c.10-20,Radiocarbon,,Terrestrial,Open,Y,"Jo McDonald Cultural Heritage Management Pty Ltd, 2003","An excavation of a peat deposit on the edges of the Wingecarribee Swamp near Robertson, NSW. Excavations were undertaken following a catastrophic collapse of nearby swamp edge. The excavations were focussed on two main areas, WEP 1 and 2, both of which formed transects from the swamp edge to the higher ground. Excavations and bore-holing revealed a peat deposit about 1 m thick away from the swamp edge to 2 m at the swamp edge. The ongoing growth of the peat indicated its formation about 3 ka with a high likelihood of burying earlier sites through its ongoing formation. Archaeological material was found to depths dating to at least c.2.7ka and was generally within 5 - 20 m of the swamp's edge. Evidence of at least two burning phases (possible human) between 1500-1650 AD and at c.1.6ka were evident. Artefacts were Bondaian in nature throughout and indicate an earlier use of silcrete with a later preference for quartz. Artefact focus occurred in areas that were closer and more accessible to the water's edge. Highest artefact discard rates were located at c.1.6 ka.",c14,,266,,,,AUSTRALIA
10282,Broken Hill Complex,143.6,-30.8,"26_24020 (Cluster 26, Rutherfords Creek near Peery Lake)",Hearth,Wk-19600,348,35,,,Charcoal,Charcoal,Hearth,,Radiocarbon,,Terrestrial,Open,Y,Holdaway et al. 2008,"Study of several hearths exploring the intensification theory developed in the 1980s. Results indicate sporadic use of the region during the late Holocene, and combined with erosion/deflation, does not support the intensification theory",c14,,348,,,,AUSTRALIA
10288,Broken Hill Complex,143.6,-30.8,"26_24029 (Cluster 26, Rutherfords Creek near Peery Lake)",Hearth,Wk-19607,357,35,,,Charcoal,Charcoal,Hearth,,Radiocarbon,,Terrestrial,Open,Y,Holdaway et al. 2008,"Study of several hearths exploring the intensification theory developed in the 1980s. Results indicate sporadic use of the region during the late Holocene, and combined with erosion/deflation, does not support the intensification theory",c14,,357,,,,AUSTRALIA
10274,Broken Hill Complex,143.6,-30.8,"11_18077 (Cluster RC11, Rutherfords Creek near Peery Lake)",Hearth,Wk-19579,410,35,,,Charcoal,Charcoal,Hearth,,Radiocarbon,,Terrestrial,Open,Y,Holdaway et al. 2008,"Study of several hearths exploring the intensification theory developed in the 1980s. Results indicate sporadic use of the region during the late Holocene, and combined with erosion/deflation, does not support the intensification theory",c14,,410,,,,AUSTRALIA
10286,Broken Hill Complex,143.6,-30.8,"26_24025 (Cluster 26, Rutherfords Creek near Peery Lake)",Hearth,Wk-19604,416,35,,,Charcoal,Charcoal,Hearth,,Radiocarbon,,Terrestrial,Open,Y,Holdaway et al. 2008,"Study of several hearths exploring the intensification theory developed in the 1980s. Results indicate sporadic use of the region during the late Holocene, and combined with erosion/deflation, does not support the intensification theory",c14,,416,,,,AUSTRALIA
12809,Brigalow Belt South,148.089,-24.116,Springsure Keeping Place 2,Rockshelter,OZF-253,580,35,,,Bark,Wood/Plant Material,,0,Radiocarbon,,Terrestrial,Closed,Y,L'Oste-Brown et al. 2002,Sample of bark from crypt floor,c14,,580,,,,AUSTRALIA
10268,Broken Hill Complex,143.6,-30.8,"11_18045 (Cluster RC11, Rutherfords Creek near Peery Lake)",Hearth,Wk-19573,928,35,,,Charcoal,Charcoal,Hearth,,Radiocarbon,,Terrestrial,Open,Y,Holdaway et al. 2008,"Study of several hearths exploring the intensification theory developed in the 1980s. Results indicate sporadic use of the region during the late Holocene, and combined with erosion/deflation, does not support the intensification theory",c14,,928,,,,AUSTRALIA
13974,Sydney Basin,151.19,-33.2,Emu Tracks 2,Rockshelter,Wk-14105,1432,35,,,Charcoal,Charcoal,T2a/5,21.5-26.5,Radiocarbon,,Terrestrial,Closed,Y,"Attenbrow, 2007","A follow up study of one of Attenbrow's original Upper Mangrove creek sites. Emu Tracks 2 is a small south facing rockshelter (8.3 x 2.2 x 2 m). 15 engravings emu tracks were located on the back wall of the shelter. Test pit T1 was located against the back wall immediately below the engravings, but found they did not continue below the surface. Two adjoining 50 x 50 cm test pits, T2a and T2b, were excavated into the deposit to a depth of 80 cm and recovered some 7,000 artefacts (63 backed artefacts). The most abundant raw material was quartz, with FGS, silcrete and chert (tuff) also being present. Peak densities occurred between spits 8-11. Spit 5 was the uppermost bondi point; spit 11 was the peak artefact densities (of quartz); and spit 15 was the lowest level of artefacts. Some evidence that the lowest part of the excavations were disturbed (and hence some inversions of radiocarbon dates). In summary, the site began to be occupied about 3.7-3.5 ka, with backed blades appearing between 3.2 - 1.1 ka.",c14,,1432,,,,AUSTRALIA
14925,Darwin Coastal,130.9,-12.5,HI81,Shell mound,OZH-891,1570,35,,,Charcoal,Charcoal,,05-Sep,Radiocarbon,,Terrestrial,Open,Y,"Brockwell et al., 2009",,c14,,1570,Information within this entry has been inferred by authors - see Notes,,,AUSTRALIA
14928,Darwin Coastal,130.9,-12.5,HI81,Shell mound,OZH-890,1835,35,,,Charcoal,Charcoal,,140-142,Radiocarbon,,Terrestrial,Open,Y,"Brockwell et al., 2009",,c14,,1835,Information within this entry has been inferred by authors - see Notes,,,AUSTRALIA
13989,Sydney Basin,151.14,-33.16,Kangaroo & Echnida,Rockshelter,Wk-14102,2942,35,,,Charcoal,Charcoal,T2a/3-lower,16.0-22.0,Radiocarbon,,Terrestrial,Closed,Y,"Attenbrow, 2007","A follow up study of one of Attenbrow's original Upper Mangrove creek sites. This was a large west-facing shelter (46 x 9.8 x <13.5 m). Charcoal drawings (including a kangaroo and echidna) were found in the shelter. Two test pits were excavated, one in an upper dry area of the cave, another in the lower damp area. The latter (T1) was abandoned. T2 was expanded into four 50 x 50 cm test pits abd reached a maximum depth of 71 cm. Sixty one artefacts were recovered from spits 1-5. This date was undertaken since in the original study, an age of 6 ka (SUA-2172) was located midway through the sequence suggesting an age of 9.8 ka for the base of the cultural sequence, which was considered to old given the distance between the date and the base of the excavations (<12 cm). This date demonstrates that initial occupation at 6.7 ka is more realistic. Within the assemblage, a bondi point, three complete ground-edged implements, and five bipolar core/flakes were recovered. Spit 3, which was originally thought to be 5 - 2.8 ka, is now also considered to be too early, with a new date of 2.9 ka for its deposition thought likely. These new dates suggest a break in occupation has occurred between spits 4 and 5 (c.7.5 ka), and spit 3 (c.4-3ka).",c14,,2942,,,,AUSTRALIA
12416,Sydney Basin,151.01,-33.82,RTA-G1 (#45-6-2673),Open site,Wk-17436,3270,35,,,Charcoal,Charcoal,"Sq. 45E, 60N",13,Radiocarbon,,Terrestrial,Open,Y,"Jo McDonald Cultural Heritage Management Pty Ltd, 2005a","A large salvage excavation of a deep sand body at 109-113 George Street, Parramatta. Some 122 sq. m of the site were hand excavated to depths of >80 cm. Some 4,775 artefacts were recovered in a bimodal distribution. In the upper 20 cm, glossy and heat -treated silcrete material was recovered. In the lower deposits, and mainly between 40-60cm, a dense layer of pre-Bondaian/Capertian artefacts were found primarily composed of silified tuff. The assemblage was dominated by debitage and manuport. Current dating of this site indicates it is one of the earliest in the Sydney Basin. This sample was found in association and/or in close proximity to several edge-ground axes.",c14,,3270,,,,AUSTRALIA
13977,Sydney Basin,151.19,-33.2,Emu Tracks 2,Rockshelter,Wk-14106,3423,35,,,Charcoal,Charcoal,T2a/11,52.0-56.5,Radiocarbon,,Terrestrial,Closed,Y,"Attenbrow, 2007","A follow up study of one of Attenbrow's original Upper Mangrove creek sites. Emu Tracks 2 is a small south facing rockshelter (8.3 x 2.2 x 2 m). 15 engravings emu tracks were located on the back wall of the shelter. Test pit T1 was located against the back wall immediately below the engravings, but found they did not continue below the surface. Two adjoining 50 x 50 cm test pits, T2a and T2b, were excavated into the deposit to a depth of 80 cm and recovered some 7,000 artefacts (63 backed artefacts). The most abundant raw material was quartz, with FGS, silcrete and chert (tuff) also being present. Peak densities occurred between spits 8-11. Spit 5 was the uppermost bondi point; spit 11 was the peak artefact densities (of quartz); and spit 15 was the lowest level of artefacts. Some evidence that the lowest part of the excavations were disturbed (and hence some inversions of radiocarbon dates). In summary, the site began to be occupied about 3.7-3.5 ka, with backed blades appearing between 3.2 - 1.1 ka.",c14,,3423,,,,AUSTRALIA
12417,Sydney Basin,151.01,-33.82,RTA-G1 (#45-6-2673),Open site,Wk-17432,4433,35,,,Charcoal,Charcoal,"Sq. 59E, 58N",30-33,Radiocarbon,,Terrestrial,Open,Y,"Jo McDonald Cultural Heritage Management Pty Ltd, 2005a","A large salvage excavation of a deep sand body at 109-113 George Street, Parramatta. Some 122 sq. m of the site were hand excavated to depths of >80 cm. Some 4,775 artefacts were recovered in a bimodal distribution. In the upper 20 cm, glossy and heat -treated silcrete material was recovered. In the lower deposits, and mainly between 40-60cm, a dense layer of pre-Bondaian/Capertian artefacts were found primarily composed of silified tuff. The assemblage was dominated by debitage and manuport. Current dating of this site indicates it is one of the earliest in the Sydney Basin. This sample was a large charcoal feature found just over-lying a cluster of manuports, as well as parts of the silcrete assemblage.",c14,,4433,,,,AUSTRALIA
10283,Broken Hill Complex,143.6,-30.8,"26_24021 (Cluster 26, Rutherfords Creek near Peery Lake)",Hearth,Wk-19601,326,36,,,Charcoal,Charcoal,Hearth,,Radiocarbon,,Terrestrial,Open,Y,Holdaway et al. 2008,"Study of several hearths exploring the intensification theory developed in the 1980s. Results indicate sporadic use of the region during the late Holocene, and combined with erosion/deflation, does not support the intensification theory",c14,,326,,,,AUSTRALIA
10279,Broken Hill Complex,143.6,-30.8,"26_24016 (Cluster 26, Rutherfords Creek near Peery Lake)",Hearth,Wk-19596,342,36,,,Charcoal,Charcoal,Hearth,,Radiocarbon,,Terrestrial,Open,Y,Holdaway et al. 2008,"Study of several hearths exploring the intensification theory developed in the 1980s. Results indicate sporadic use of the region during the late Holocene, and combined with erosion/deflation, does not support the intensification theory",c14,,342,,,,AUSTRALIA
10289,Broken Hill Complex,143.6,-30.8,"26_24031 (Cluster 26, Rutherfords Creek near Peery Lake)",Hearth,Wk-19608,366,36,,,Charcoal,Charcoal,Hearth,,Radiocarbon,,Terrestrial,Open,Y,Holdaway et al. 2008,"Study of several hearths exploring the intensification theory developed in the 1980s. Results indicate sporadic use of the region during the late Holocene, and combined with erosion/deflation, does not support the intensification theory",c14,,366,,,,AUSTRALIA
10470,NSW North Coast,151.83,-32.81,Williamstown Aerospace Park,Hearth,Wk-28864,579,36,-25.7,0.2,Charcoal,Charcoal,"Tp 1, unit III",48,Radiocarbon,,Terrestrial,Open,Y,"RPS, 2010","A test excavation and surface collection undertaken as part of the Williamstown aerospace park development. Test trench 1 (6 cubic m) recovered about 1160 artefacts in association with two hearths. This sample comes from the hearth, which also contained shell and artefacts. Shell (presumably across the site) was dominated by Anadara and whelk. Pipi and oyster were also present, as was macropod bones. This sample was taken from the same hearth as Wk-28865.",c14,,579,,,,AUSTRALIA
11520,Cape York Peninsula,142.1084,-10.0881,Argan Stone Arrangement,Open site,Wk-11949,604,36,,,Charcoal,Charcoal,,14.4,Radiocarbon,,Terrestrial,Open,Y,David et al. 2004d,,c14,,604,,,,AUSTRALIA
10290,Broken Hill Complex,143.6,-30.8,"26_27029 (Cluster 26, Rutherfords Creek near Peery Lake)",Hearth,Wk-19614,635,36,,,Charcoal,Charcoal,Hearth,,Radiocarbon,,Terrestrial,Open,Y,Holdaway et al. 2008,"Study of several hearths exploring the intensification theory developed in the 1980s. Results indicate sporadic use of the region during the late Holocene, and combined with erosion/deflation, does not support the intensification theory",c14,,635,,,,AUSTRALIA
10520,Sydney Basin,150.86,-32.32,WCUSE1,Hearth,Wk-14626,852,36,-25.9,0.2,Charcoal,Charcoal,R45-C,,Radiocarbon,,Terrestrial,Open,Y,"South East Archaeology Pty Ltd, 2004","A salvage excavation of Mount Arthur North Coal Mine. A suite of excavation techniques undertook 780 sq. m of excavation and recovered 32,866 artefacts. This included some squares retaining 2,173 per sq m. The assemblage was primarily knapping debitage (97%) with a focus on backed blade production. Bipolar flaking, mircoblade production, and loss/discard of non-microlith tools were also present. The assemblage was dominated by silcrete (59%) with lesser amounts of tuff (19%) and porcellainite (10%), most coming from local resources. The findings indicated the proxmity to Whites Creek was more important than to Hunter River. Based on several radiocarbon dates from a series of hearths, the assemblage/s were all <5,000 years in age. This sample was taken from one of these hearths.",c14,,852,,,,AUSTRALIA
10471,NSW North Coast,151.83,-32.81,Williamstown Aerospace Park,Hearth,Wk-28865,939,36,-27.4,0.2,Charcoal,Charcoal,"Tp 1, unit III",48,Radiocarbon,,Terrestrial,Open,Y,"RPS, 2010","A test excavation and surface collection undertaken as part of the Williamstown aerospace park development. Test trench 1 (6 cubic m) recovered about 1160 artefacts in association with two hearths. This sample comes from the hearth, which also contained shell and artefacts. Shell (presumably across the site) was dominated by Anadara and whelk. Pipi and oyster were also present, as was macropod bones. This sample was taken from the same hearth as Wk-28864.",c14,,939,,,,AUSTRALIA
10267,Broken Hill Complex,143.6,-30.8,"11_18044 (Cluster RC11, Rutherfords Creek near Peery Lake)",Hearth,Wk-19572,942,36,,,Charcoal,Charcoal,Hearth,,Radiocarbon,,Terrestrial,Open,Y,Holdaway et al. 2008,"Study of several hearths exploring the intensification theory developed in the 1980s. Results indicate sporadic use of the region during the late Holocene, and combined with erosion/deflation, does not support the intensification theory",c14,,942,,,,AUSTRALIA
10516,Sydney Basin,150.86,-32.32,WCMSS2C,Hearth,Wk-14617,1248,36,-25.1,0.2,Charcoal,Charcoal,HE10-5,,Radiocarbon,,Terrestrial,Open,Y,"South East Archaeology Pty Ltd, 2004","A salvage excavation of Mount Arthur North Coal Mine. A suite of excavation techniques undertook 780 sq. m of excavation and recovered 32,866 artefacts. This included some squares retaining 2,173 per sq m. The assemblage was primarily knapping debitage (97%) with a focus on backed blade production. Bipolar flaking, mircoblade production, and loss/discard of non-microlith tools were also present. The assemblage was dominated by silcrete (59%) with lesser amounts of tuff (19%) and porcellainite (10%), most coming from local resources. The findings indicated the proxmity to Whites Creek was more important than to Hunter River. Based on several radiocarbon dates from a series of hearths, the assemblage/s were all <5,000 years in age. This sample was taken from one of these hearths.",c14,,1248,,,,AUSTRALIA
11118,South East Corner,150.15,-35.95,Congo Road,Midden,Wk-22421,1352,36,-25.4,0.2,Scattered charcoal,Charcoal,"Probe 12, spit 5",c.50,Radiocarbon,,Terrestrial,Open,Y,"Archeo Analysis Cultural Heritage Management, 2007","Investigation of a proposed dwelling at 692 Congo Road, Moruya. A transect of probes were undertaken across the site and revealed cultural material in a sand body to depths of 1.7 m below the surface. Shell material was predominantly present in the upper 6 spits (and highest in spit 4). Artefact concentrations were highest in spits 11-13. Artefact material was dominated by silcrete (77%) followed by quartz (9%) and was Bondaian in appearance. Shell material totalled 373g and was dominated by Cabestana spengleri. Only the upper midden was dated, but assuming constant accumulation, the lower artefact concentrations would have dated to c.2.9-3.5 ka.",c14,,1352,,,,AUSTRALIA
12119,South East Coastal Plain,145.19,-38,Bend Road (AAV # 7921-0735/6),Open site,Wk-23461,1828,36,,,Charcoal,Charcoal,"BR1/N/11, SU 3a",45.2,Radiocarbon,,Terrestrial,Open,Y,"Hewitt & Allen, 2010","An open site investigated by La Trobe University prior to the installation of a new Freeway in Keysborough, southeast Melbourne. The site was primarily composed of a homogenous sand sheet - part of the Cranebourne sands - overlying coffee rock and cemented sands. The excavation identified 8 SU's- SU 1 - 6 is primarily sand of various colours, SU 7 is coffee rock, SU 8 is cemented sands and clays. SU 3a was divided based on the appearance and presence of backed blades. Extensive dating indicated that SU 3b occurred at c.5-6.5ka, while SU 4 is primairly of LGM age. SU 5 and 6 both date to 29-35ka. The artefact distributions occurred in three main layers (spits 2-4; 5-11; and 13-15), the lower two were considered to represent deflation/lag deposits of artefacts, one pre-LGM, and one at the LGM; the upper assemblage containing backed blades revealed conjoins and indicated some level of 'intactness'. Some discrepancy between the radiocarbon and OSL dates (the latter saying the deposits were older) was noted, but the upper assemblage was considered to be mid-late Holocene in age.",c14,,1828,,,,AUSTRALIA
10494,Simpson Strzelecki Dunefields,140.13,-28.88,Strzelecki Creek,Hearth,Wk-16998,2838,36,-25.2,0.2,Charcoal,Charcoal,5cm below hearth surface,,Radiocarbon,,Terrestrial,Open,Y,Hamm unpub,,c14,,2838,,,,AUSTRALIA
10514,Sydney Basin,150.86,-32.32,WCMSS2A,Hearth,Wk-14623,199,37,-25.4,0.2,Charcoal,Charcoal,HE-4-9,,Radiocarbon,,Terrestrial,Open,Y,"South East Archaeology Pty Ltd, 2004","A salvage excavation of Mount Arthur North Coal Mine. A suite of excavation techniques undertook 780 sq. m of excavation and recovered 32,866 artefacts. This included some squares retaining 2,173 per sq m. The assemblage was primarily knapping debitage (97%) with a focus on backed blade production. Bipolar flaking, mircoblade production, and loss/discard of non-microlith tools were also present. The assemblage was dominated by silcrete (59%) with lesser amounts of tuff (19%) and porcellainite (10%), most coming from local resources. The findings indicated the proxmity to Whites Creek was more important than to Hunter River. Based on several radiocarbon dates from a series of hearths, the assemblage/s were all <5,000 years in age. This sample was taken from one of these hearths.",c14,,199,,,,AUSTRALIA
11462,Great Sandy Desert,130.58,-22.74,Karrku  ochre mine,Ochre mine,Wk-21266,211,37,,,Wood,Wood/Plant Material,,,Radiocarbon,,Terrestrial,Open,Y,M A Smith unpub,98/1 Wood from mine workings,c14,,211,,,,AUSTRALIA
12409,Sydney Basin,150.93,-33.69,RH/SP12 South,Open site,Wk-16226,337,37,,,Charcoal,Charcoal,"Sq. 051E 677N, spits 3A+B+C",10-Dec,Radiocarbon,,Terrestrial,Open,Y,"Jo McDonald Cultural Heritage Management Pty Ltd, 2005","A large excavation of an open site on the banks of Second Ponds creek. Excavation of 387 sq. m recovered 22,860 lithics. These included rare items such as hatchets, hammerstone and an elouera, as well as 456 backed blades. A quarter of the backed blades were incomplete and suggest blade production was being undertaken at this site. Raw material was primarily silcrete, although some silicified tuff, quartz and petrified wood was also recovered. Radiocarbon suggests the site is between 3.6 - 0.6 ka in age and overlies an older alluvial terrace some 10 ka in age.",c14,,337,,,,AUSTRALIA
10293,Broken Hill Complex,141.6,-31.3,Fowlers Gap (ND11),Hearth,Wk-9340,678,37,,,Charcoal,Charcoal,Hearth,,Radiocarbon,,Terrestrial,Open,Y,Fanning et al. 2007,A precursor study to Holdaway et al 2008. Similar findings,c14,,678,,,,AUSTRALIA
10280,Broken Hill Complex,143.6,-30.8,"26_24017 (Cluster 26, Rutherfords Creek near Peery Lake)",Hearth,Wk-19597,991,37,,,Charcoal,Charcoal,Hearth,,Radiocarbon,,Terrestrial,Open,Y,Holdaway et al. 2008,"Study of several hearths exploring the intensification theory developed in the 1980s. Results indicate sporadic use of the region during the late Holocene, and combined with erosion/deflation, does not support the intensification theory",c14,,991,,,,AUSTRALIA
10517,Sydney Basin,150.86,-32.32,WCMSS2C,Hearth,Wk-14622,1256,37,-25.3,0.2,Charcoal,Charcoal,HE14-8,,Radiocarbon,,Terrestrial,Open,Y,"South East Archaeology Pty Ltd, 2004","A salvage excavation of Mount Arthur North Coal Mine. A suite of excavation techniques undertook 780 sq. m of excavation and recovered 32,866 artefacts. This included some squares retaining 2,173 per sq m. The assemblage was primarily knapping debitage (97%) with a focus on backed blade production. Bipolar flaking, mircoblade production, and loss/discard of non-microlith tools were also present. The assemblage was dominated by silcrete (59%) with lesser amounts of tuff (19%) and porcellainite (10%), most coming from local resources. The findings indicated the proxmity to Whites Creek was more important than to Hunter River. Based on several radiocarbon dates from a series of hearths, the assemblage/s were all <5,000 years in age. This sample was taken from one of these hearths.",c14,,1256,,,,AUSTRALIA
10264,Broken Hill Complex,143.6,-30.8,"11_18023 (Cluster RC11, Rutherfords Creek near Peery Lake)",Hearth,Wk-19581,1587,37,,,Charcoal,Charcoal,Hearth,,Radiocarbon,,Terrestrial,Open,Y,Holdaway et al. 2008,"Study of several hearths exploring the intensification theory developed in the 1980s. Results indicate sporadic use of the region during the late Holocene, and combined with erosion/deflation, does not support the intensification theory",c14,,1587,,,,AUSTRALIA
10270,Broken Hill Complex,143.6,-30.8,"11_18050(Cluster RC11, Rutherfords Creek near Peery Lake)",Hearth,Wk-19575,1745,37,,,Charcoal,Charcoal,Hearth,,Radiocarbon,,Terrestrial,Open,Y,Holdaway et al. 2008,"Study of several hearths exploring the intensification theory developed in the 1980s. Results indicate sporadic use of the region during the late Holocene, and combined with erosion/deflation, does not support the intensification theory",c14,,1745,,,,AUSTRALIA
10297,Broken Hill Complex,141.6,-31.3,Fowlers Gap (ND6),Hearth,Wk-9336,468,38,,,Charcoal,Charcoal,Hearth,,Radiocarbon,,Terrestrial,Open,Y,Fanning et al. 2007,A precursor study to Holdaway et al 2008. Similar findings,c14,,468,,,,AUSTRALIA
12411,Sydney Basin,150.93,-33.69,RH/SP12 South,Open site,Wk-16230,592,38,,,Charcoal,Charcoal,"Sq. 036E 669N, spit 3A+B",13-15,Radiocarbon,,Terrestrial,Open,Y,"Jo McDonald Cultural Heritage Management Pty Ltd, 2005","A large excavation of an open site on the banks of Second Ponds creek. Excavation of 387 sq. m recovered 22,860 lithics. These included rare items such as hatchets, hammerstone and an elouera, as well as 456 backed blades. A quarter of the backed blades were incomplete and suggest blade production was being undertaken at this site. Raw material was primarily silcrete, although some silicified tuff, quartz and petrified wood was also recovered. Radiocarbon suggests the site is between 3.6 - 0.6 ka in age and overlies an older alluvial terrace some 10 ka in age.",c14,,592,,,,AUSTRALIA
10277,Broken Hill Complex,143.6,-30.8,"11_18126 (Cluster RC11, Rutherfords Creek near Peery Lake)",Hearth,Wk-19584,638,38,,,Charcoal,Charcoal,Hearth,,Radiocarbon,,Terrestrial,Open,Y,Holdaway et al. 2008,"Study of several hearths exploring the intensification theory developed in the 1980s. Results indicate sporadic use of the region during the late Holocene, and combined with erosion/deflation, does not support the intensification theory",c14,,638,,,,AUSTRALIA
10512,Sydney Basin,150.86,-32.32,WCMSE1,Hearth,WK-14624,743,38,-25.5,0.2,Charcoal,Charcoal,HE4-6,,Radiocarbon,,Terrestrial,Open,Y,"South East Archaeology Pty Ltd, 2004","A salvage excavation of Mount Arthur North Coal Mine. A suite of excavation techniques undertook 780 sq. m of excavation and recovered 32,866 artefacts. This included some squares retaining 2,173 per sq m. The assemblage was primarily knapping debitage (97%) with a focus on backed blade production. Bipolar flaking, mircoblade production, and loss/discard of non-microlith tools were also present. The assemblage was dominated by silcrete (59%) with lesser amounts of tuff (19%) and porcellainite (10%), most coming from local resources. The findings indicated the proxmity to Whites Creek was more important than to Hunter River. Based on several radiocarbon dates from a series of hearths, the assemblage/s were all <5,000 years in age. This sample was taken from one of these hearths.",c14,,743,,,,AUSTRALIA
10265,Broken Hill Complex,143.6,-30.8,"11_18029 (Cluster RC11, Rutherfords Creek near Peery Lake)",Hearth,Wk-19585,1094,38,,,Charcoal,Charcoal,Hearth,,Radiocarbon,,Terrestrial,Open,Y,Holdaway et al. 2008,"Study of several hearths exploring the intensification theory developed in the 1980s. Results indicate sporadic use of the region during the late Holocene, and combined with erosion/deflation, does not support the intensification theory",c14,,1094,,,,AUSTRALIA
10271,Broken Hill Complex,143.6,-30.8,"11_18073 (Cluster RC11, Rutherfords Creek near Peery Lake)",Hearth,Wk-19576,1178,38,,,Charcoal,Charcoal,Hearth,,Radiocarbon,,Terrestrial,Open,Y,Holdaway et al. 2008,"Study of several hearths exploring the intensification theory developed in the 1980s. Results indicate sporadic use of the region during the late Holocene, and combined with erosion/deflation, does not support the intensification theory",c14,,1178,,,,AUSTRALIA
14926,Darwin Coastal,130.9,-12.5,HI81,Shell mound,Wk-16610,1635,38,,,Charcoal,Charcoal,,103,Radiocarbon,,Terrestrial,Open,Y,"Brockwell et al., 2009",,c14,,1635,Information within this entry has been inferred by authors - see Notes,,,AUSTRALIA
12442,Sydney Basin,150.52,-34.57,Wingecaribbee Swamp (WEP 2),Open site,Wk-13294,233,39,-25,0.2,Charcoal,Charcoal,"Sq. E10 N5, spit 3",c.30,Radiocarbon,,Terrestrial,Open,Y,"Jo McDonald Cultural Heritage Management Pty Ltd, 2003","An excavation of a peat deposit on the edges of the Wingecarribee Swamp near Robertson, NSW. Excavations were undertaken following a catastrophic collapse of nearby swamp edge. The excavations were focussed on two main areas, WEP 1 and 2, both of which formed transects from the swamp edge to the higher ground. Excavations and bore-holing revealed a peat deposit about 1 m thick away from the swamp edge to 2 m at the swamp edge. The ongoing growth of the peat indicated its formation about 3 ka with a high likelihood of burying earlier sites through its ongoing formation. Archaeological material was found to depths dating to at least c.2.7ka and was generally within 5 - 20 m of the swamp's edge. Evidence of at least two burning phases (possible human) between 1500-1650 AD and at c.1.6ka were evident. Artefacts were Bondaian in nature throughout and indicate an earlier use of silcrete with a later preference for quartz. Artefact focus occurred in areas that were closer and more accessible to the water's edge. Highest artefact discard rates were located at c.1.6 ka.",c14,,233,,,,AUSTRALIA
10292,Broken Hill Complex,141.6,-31.3,Fowlers Gap (ND10),Hearth,Wk-9339,314,39,,,Charcoal,Charcoal,Hearth,,Radiocarbon,,Terrestrial,Open,Y,Fanning et al. 2007,A precursor study to Holdaway et al 2008. Similar findings,c14,,314,,,,AUSTRALIA
10299,Broken Hill Complex,141.6,-31.3,Fowlers Gap (ND9),Hearth,Wk-9338,354,39,,,Charcoal,Charcoal,Hearth,,Radiocarbon,,Terrestrial,Open,Y,Fanning et al. 2007,A precursor study to Holdaway et al 2008. Similar findings,c14,,354,,,,AUSTRALIA
13363,Little Sandy Desert,122.97,-23.96,Bush Turkey 3,Rockshelter,NZA-20627,386,39,,,Charcoal,Charcoal,"Layer I/II, spit 8",,Radiocarbon,,Terrestrial,Open,Y,Veth et al. 2008,"Hearth at bounday of units. ite showed increasing lithic discard from Layer II/III boundary, peaking in mid Layer II before declining in Layer I. Sproadic use only evident before Layer II. Veth et al. states that last 1200 years (Layers I/II) retain single technological phase and high use of Chalcedony (an exotic from some distance), Layers III/IV suggest use of local materials mainly. Believed longer term use and occupation of the site in the last 1,000 years, possibly due to increasing logistical mobility",c14,,386,Information within this entry has been inferred by authors - see Notes,,,AUSTRALIA
10284,Broken Hill Complex,143.6,-30.8,"26_24022 (Cluster 26, Rutherfords Creek near Peery Lake)",Hearth,Wk-19602,752,39,,,Charcoal,Charcoal,Hearth,,Radiocarbon,,Terrestrial,Open,Y,Holdaway et al. 2008,"Study of several hearths exploring the intensification theory developed in the 1980s. Results indicate sporadic use of the region during the late Holocene, and combined with erosion/deflation, does not support the intensification theory",c14,,752,,,,AUSTRALIA
10515,Sydney Basin,150.86,-32.32,WCMSS2C,Hearth,Wk-14619,1109,39,-26.5,0.2,Charcoal,Charcoal,HE14-2,,Radiocarbon,,Terrestrial,Open,Y,"South East Archaeology Pty Ltd, 2004","A salvage excavation of Mount Arthur North Coal Mine. A suite of excavation techniques undertook 780 sq. m of excavation and recovered 32,866 artefacts. This included some squares retaining 2,173 per sq m. The assemblage was primarily knapping debitage (97%) with a focus on backed blade production. Bipolar flaking, mircoblade production, and loss/discard of non-microlith tools were also present. The assemblage was dominated by silcrete (59%) with lesser amounts of tuff (19%) and porcellainite (10%), most coming from local resources. The findings indicated the proxmity to Whites Creek was more important than to Hunter River. Based on several radiocarbon dates from a series of hearths, the assemblage/s were all <5,000 years in age. This sample was taken from one of these hearths.",c14,,1109,,,,AUSTRALIA
10513,Sydney Basin,150.86,-32.32,WCMSE1,Hearth,Wk-14618,1116,39,-25.2,0.2,Charcoal,Charcoal,HE6-3,,Radiocarbon,,Terrestrial,Open,Y,"South East Archaeology Pty Ltd, 2004","A salvage excavation of Mount Arthur North Coal Mine. A suite of excavation techniques undertook 780 sq. m of excavation and recovered 32,866 artefacts. This included some squares retaining 2,173 per sq m. The assemblage was primarily knapping debitage (97%) with a focus on backed blade production. Bipolar flaking, mircoblade production, and loss/discard of non-microlith tools were also present. The assemblage was dominated by silcrete (59%) with lesser amounts of tuff (19%) and porcellainite (10%), most coming from local resources. The findings indicated the proxmity to Whites Creek was more important than to Hunter River. Based on several radiocarbon dates from a series of hearths, the assemblage/s were all <5,000 years in age. This sample was taken from one of these hearths.",c14,,1116,,,,AUSTRALIA
12412,Sydney Basin,150.93,-33.69,RH/SP12 South,Open site,Wk-16229,3010,39,,,Charcoal,Charcoal,Sq. 037E 674N/C3,09-Nov,Radiocarbon,,Terrestrial,Open,Y,"Jo McDonald Cultural Heritage Management Pty Ltd, 2005","A large excavation of an open site on the banks of Second Ponds creek. Excavation of 387 sq. m recovered 22,860 lithics. These included rare items such as hatchets, hammerstone and an elouera, as well as 456 backed blades. A quarter of the backed blades were incomplete and suggest blade production was being undertaken at this site. Raw material was primarily silcrete, although some silicified tuff, quartz and petrified wood was also recovered. Radiocarbon suggests the site is between 3.6 - 0.6 ka in age and overlies an older alluvial terrace some 10 ka in age.",c14,,3010,,,,AUSTRALIA
10291,Broken Hill Complex,142.32,-31.27,"Amphitheatre Gorge, Mutawintji",Hearth,Wk-5493,270,40,,,Charcoal,Charcoal,Cooking Pit,,Radiocarbon,,Terrestrial,Open,Y,"Fanning, 1999",,c14,,270,,,,AUSTRALIA
10249,Victoria Volcanic Plain,141.82,-38.07,Muldoons Trap Complex (Lake Condah),Fish Trap,OZL-758,300,40,-27.9,0.1,Carbonised plant material,Charcoal,"Sq. A, XU 8a, sample 2",13.3-16.3,Radiocarbon,,Terrestrial,Open,Y,"McNiven et al., 2012","A detailed investigation of a fish trap on the edge of Lake Condah. One area of the fish trap, F10, was excavated in detail with 15 AMS radiocarbon dates being recovered from infilled material. Bone, charcoal and artefacts were also recovered from the sediments and indicate broadly increasing densities in more recent periods. The radiocarbon dates indicate that the fish traps were primarily used during two periods - between 0.19 - 1.37ka and 5.4 - 8.88ka. There is also evidence of a wall building phase around 0.6-0.8ka. Interpretations suggest a focus on the resources associated with higher lake levels in the mid Holocene climatic optimum and the more recent late Holocene, with a hiatus occurring during periods of intense ENSO (4-2ka).",c14,,300,,,,AUSTRALIA
10366,Gulf Plains,138.7866,-19.0339,O'Shannassy Hearths,Hearth,Not given,375,40,,,Charcoal,Charcoal,,,Radiocarbon,,Terrestrial,Open,Y,Slack 2007,,c14,,375,Information within this entry has been inferred by authors - see Notes,,,AUSTRALIA
11800,Gulf Plains,138.7866,-19.0339,O'Shannassy Hearths,Open site,OZG-691,375,40,,,Charcoal,Charcoal,,,Radiocarbon,,Terrestrial,Open,Y,Slack 2007,,c14,,375,,,,AUSTRALIA
13558,NSW North Coast,151.2,-30.53,Bendemeer Site 1,Rockshelter,GaK-569,410,40,,,Charcoal,Charcoal,"Tr. 1, Zone a, level 1","4-5""",Radiocarbon,,Terrestrial,Closed,Y,"Kigoshi et al, 1966; McBryde, 1966, 1974","Part of a wider study of prehistory in New England by I. McBryde. Four main levels were identified, I, II, IIIA and IIIB (level IIIC is also referenced, but not discussed). A large artefact assemblage was recovered primiarly occurring in IIIA and IIIB. The assemblage was predomiantly of blade tools, including Bondi points and geometric microlithis, as well as fabricators, eloureas, burins, scrapers and edge-ground tools.",c14,,410,,,,AUSTRALIA
10073,Murray Darling Depression,139.3,-35.15,Swanport Aboriginal burial ground,Burial,OZF-395,420,40,-14.47,0.39,Human bone collagen,Bone,SA Museum # A25331,,Radiocarbon,,Terrestrial,Open,Y,"Pate et al., 2003","An open site near Swanport (on the mouth of the Murray River) that contained some 136 human burials. Originally, thought to be 19th century in age, AMS dates suggest an ongoing use of the site between 2.5ka and 0.5 ka. The burials were more gracile and had smaller teeth than nearby Roonka and was considered to represent a different population from the coast to the south, rather than the inland Murray Darling Basin. Samples were taken from five individual femurs and a crania (sample #A54).",c14,,420,Information within this entry has been inferred by authors - see Notes,,,AUSTRALIA
13498,Naracoorte Coastal Plain,141.41,-38.32,Bridgewater Cave South,Rockshelter,Beta-3922,450,40,,,Charcoal,Charcoal,"Pit C, base of upper unit",c. 30,Radiocarbon,,Terrestrial,Closed,Y,"Lourandos, 1983; Lourandos, 1983 cit. Bird & Frankel, 1991; Head, 1985 cit. Bird & Frankel, 1991","A limestone rockshelter within the Bridgewater Formation near a large number of marine and lagoonal resources. Site excavated by Lourandos. Basal date of site, few shells at this depth. Shell material dominated upper deposits dating to less than 450BP. The lower unit retained fragmented bone, stone artefacts and occasional marine shell (Plebidonax deltoides mainly). Lourandos' intepretation indicated the use of the site in the terminal Pleistocene as a sporadic hunting bivouc focussing on land mammals. This activity lasted into the early and mid Holocene (i.e. no hiatus). The late Holocene saw more intense use and a wider range of resources with increasing seasonal exploitation of marine and land resoures. Also discussed in a study by Bird & Frankel, 1991. The study used radiometric dates of southwest Victoria as a proxy for occupation/activity. The paper concludes that late Holocene intensification, at least from a social perspective perspective, was not the case. However, the paper does show increasing numbers of dates (n=80) in the late Holocene. Interesting features of the study include an apparent hiatus between 6-7ka and the appearance of earth mounds only in the last 2.5ka.",c14,,450,,,,AUSTRALIA
13561,NSW North Coast,151.2,-30.53,Bendemeer Site 1,Rockshelter,GaK-571,535,40,,,Charcoal,Charcoal,"Tr. 1, zone c, level 1","2.5-3""",Radiocarbon,,Terrestrial,Closed,Y,"Kigoshi et al, 1966; McBryde, 1966, 1974","Part of a wider study of prehistory in New England by I. McBryde. Four main levels were identified, I, II, IIIA and IIIB (level IIIC is also referenced, but not discussed). A large artefact assemblage was recovered primiarly occurring in IIIA and IIIB. The assemblage was predomiantly of blade tools, including Bondi points and geometric microlithis, as well as fabricators, eloureas, burins, scrapers and edge-ground tools.  Deposit retained red ochre fragments from which rock art in the shelter was considered to have derived.",c14,,535,,,,AUSTRALIA
12810,Brigalow Belt South,147.6865,-24.6328,Tanderra,Rockshelter,OZF-257,570,40,,,Bark,Wood/Plant Material,,0,Radiocarbon,,Terrestrial,Closed,Y,L'Oste-Brown et al. 2002,Sample of bark from crypt floor,c14,,570,,,,AUSTRALIA
13562,NSW North Coast,151.2,-30.53,Bendemeer Site 1,Rockshelter,GaK-572,630,40,,,Charcoal,Charcoal,"Tr. 1, zone c, level II","9""",Radiocarbon,,Terrestrial,Closed,Y,"Kigoshi et al, 1966; McBryde, 1966, 1974","Part of a wider study of prehistory in New England by I. McBryde. Four main levels were identified, I, II, IIIA and IIIB (level IIIC is also referenced, but not discussed). A large artefact assemblage was recovered primiarly occurring in IIIA and IIIB. The assemblage was predomiantly of blade tools, including Bondi points and geometric microlithis, as well as fabricators, eloureas, burins, scrapers and edge-ground tools.",c14,,630,,,,AUSTRALIA
12808,Brigalow Belt South,148.089,-24.116,Springsure Keeping Place 1,Rockshelter,OZF-252,650,40,,,Bark,Wood/Plant Material,,0,Radiocarbon,,Terrestrial,Closed,Y,L'Oste-Brown et al. 2002,Sample of bark from crypt floor,c14,,650,,,,AUSTRALIA
13659,Pilbara (inland),119,-23,DFSH4 (West Angelas),Rockshelter,Wk-16121,716,40,,,Spinifex resin,Wood/Plant Material,4.5 cm bsl,,Radiocarbon,,Terrestrial,Closed,Y,"Dias et al 2006, Hook pers comm, Morse 2009",,c14,,716,,,,AUSTRALIA
13563,NSW North Coast,151.2,-30.53,Bendemeer Site 1,Rockshelter,GaK-570,740,40,,,Charcoal,Charcoal,"Tr. 1, zone b, level 1","7""",Radiocarbon,,Terrestrial,Closed,Y,"Kigoshi et al, 1966; McBryde, 1966, 1974","Part of a wider study of prehistory in New England by I. McBryde. Four main levels were identified, I, II, IIIA and IIIB (level IIIC is also referenced, but not discussed). A large artefact assemblage was recovered primiarly occurring in IIIA and IIIB. The assemblage was predomiantly of blade tools, including Bondi points and geometric microlithis, as well as fabricators, eloureas, burins, scrapers and edge-ground tools.  Deposit retained red ochre fragments from which rock art in the shelter was considered to have derived.",c14,,740,,,,AUSTRALIA
11288,Sydney Basin,151.22,-34.01,McCue Midden,Midden,Beta-165769,760,40,,,Charcoal,Charcoal,"Transect A, sq 110, unit 02/C2",,Radiocarbon,,Terrestrial,Open,Y,"Dallas, 2005 cit. Hutchinson & Attenbrow, 2009","A midden exacavated as part of a development at Lot 8 Captain Cook Drive, Kurnell. Referred to here as part of a mega-tsunami discussion with limited further contextual information.",c14,,760,,,,AUSTRALIA
11289,Sydney Basin,151.22,-34.01,McCue Midden,Midden,Beta-165770,770,40,,,Charcoal,Charcoal,"Transect A, sq 110, unit 02/C5",,Radiocarbon,,Terrestrial,Open,Y,"Dallas, 2005 cit. Hutchinson & Attenbrow, 2009","A midden exacavated as part of a development at Lot 8 Captain Cook Drive, Kurnell. Referred to here as part of a mega-tsunami discussion with limited further contextual information.",c14,,770,,,,AUSTRALIA
10074,Murray Darling Depression,139.3,-35.15,Swanport Aboriginal burial ground,Burial,OZF-396,820,40,-14.88,0.39,Human bone collagen,Bone,SA Museum # A24580,,Radiocarbon,,Terrestrial,Open,Y,"Pate et al., 2003","An open site near Swanport (on the mouth of the Murray River) that contained some 136 human burials. Originally, thought to be 19th century in age, AMS dates suggest an ongoing use of the site between 2.5ka and 0.5 ka. The burials were more gracile and had smaller teeth than nearby Roonka and was considered to represent a different population from the coast to the south, rather than the inland Murray Darling Basin. Samples were taken from five individual femurs and a crania (sample #A54).",c14,,820,Information within this entry has been inferred by authors - see Notes,,,AUSTRALIA
12790,Brigalow Belt South,147.2036,-24.7823,Peat Boggs,Rockshelter,OZF-256,860,40,,,Bark,Wood/Plant Material,,0,Radiocarbon,,Terrestrial,Closed,Y,L'Oste-Brown et al. 2002,Sample of bark from crypt floor,c14,,860,,,,AUSTRALIA
11290,Sydney Basin,151.22,-34.01,McCue Midden,Midden,Beta-165772,930,40,,,Charcoal,Charcoal,"Transect B, sq TT2, unit 2/2",,Radiocarbon,,Terrestrial,Open,Y,"Dallas, 2005 cit. Hutchinson & Attenbrow, 2009","A midden exacavated as part of a development at Lot 8 Captain Cook Drive, Kurnell. Referred to here as part of a mega-tsunami discussion with limited further contextual information.",c14,,930,,,,AUSTRALIA
12352,Sydney Basin,149.95,-32.49,CM-CD1,Open site,Beta-137093,930,40,,,Charcoal,Charcoal,Sq. M25 (unit 3),38.5,Radiocarbon,,Terrestrial,Open,Y,"Huonbrook Environment & Heritage Pty Ltd [Hughes & Hiscock], 2000","An investigation as part of the proposed Carrington coal mine near Lamington Road, Lamington, NSW. The excavations, which had a heavy geomorphological component, investigated the base of a slope near the Hunter River and identified an older colluvial deposit (some 45 cm thick) and a younger stratified alluvial/colluvial deposit (80 cm). These main two units were divided into seven soil units (the lower two being pre-Aboriginal arrival). The upper four units were late Holocene in origin (evident by this date from unit 3) and the lower units being early Holocene or late Pleistocene (based on accumulation and weathering rates). 72 artefacts were recovered and most of these were found in unit 5, which was considered to be early Holocene or late Pleistocene. Artefacts were composed of silcrete and indurated mudstone and composed primarily of unmodified flakes with occasional retouch. This sample comse from unit 3, which retained a few artefacts.",c14,,930,,,,AUSTRALIA
10075,Murray Darling Depression,139.3,-35.15,Swanport Aboriginal burial ground,Burial,OZF-394,1230,40,-19.94,0.33,Human bone collagen,Bone,SA Museum # A25115a,,Radiocarbon,,Terrestrial,Open,Y,"Pate et al., 2003","An open site near Swanport (on the mouth of the Murray River) that contained some 136 human burials. Originally, thought to be 19th century in age, AMS dates suggest an ongoing use of the site between 2.5ka and 0.5 ka. The burials were more gracile and had smaller teeth than nearby Roonka and was considered to represent a different population from the coast to the south, rather than the inland Murray Darling Basin. Samples were taken from five individual femurs and a crania (sample #A54).",c14,,1230,Information within this entry has been inferred by authors - see Notes,,,AUSTRALIA
11471,Brigalow Belt North,148.2147,-22.2787,Poitrel NCCD Fireplace 4,Open site,Not given,1240,40,,,Charcoal,Charcoal,,,Radiocarbon,,Terrestrial,Open,Y,Oliver et al. 2008,,c14,,1240,Information within this entry has been inferred by authors - see Notes,,,AUSTRALIA
10326,Channel Country,142.3,-29.41,Stud Creek,Hearth,Wk-5122,1260,40,-23.6,0.2,Charcoal from hearth,Charcoal,H98-22,,Radiocarbon,,Terrestrial,Open,Y,Holdaway et al. 2002,,c14,,1260,,,,AUSTRALIA
14467,Warren,115.02,-34.02,Tunnel Cave,Rockshelter,Wk-3626,1370,40,,,Charcoal,Charcoal,"Sq. G12, spit 3, layer 1 (base)",55,Radiocarbon,,Terrestrial,Closed,Y,"Dortch, 1996",A 3 m deep sequence composed of occupation layers intermixed with sterile deposits. This date comes from a hearth. Layer 7 retained 15 hearths and high densities of archaeological mateiral for the site (between 1.4-1.9m below surface).,c14,,1370,,,,AUSTRALIA
12440,Sydney Basin,150.52,-34.57,Wingecaribbee Swamp (WEP 1),Open site,Wk-13333,1652,40,-24.9,0.2,Charcoal,Charcoal,"Sq. 20E 37N, spit 5",c.50,Radiocarbon,,Terrestrial,Open,Y,"Jo McDonald Cultural Heritage Management Pty Ltd, 2003","An excavation of a peat deposit on the edges of the Wingecarribee Swamp near Robertson, NSW. Excavations were undertaken following a catastrophic collapse of nearby swamp edge. The excavations were focussed on two main areas, WEP 1 and 2, both of which formed transects from the swamp edge to the higher ground. Excavations and bore-holing revealed a peat deposit about 1 m thick away from the swamp edge to 2 m at the swamp edge. The ongoing growth of the peat indicated its formation about 3 ka with a high likelihood of burying earlier sites through its ongoing formation. Archaeological material was found to depths dating to at least c.2.7ka and was generally within 5 - 20 m of the swamp's edge. Evidence of at least two burning phases (possible human) between 1500-1650 AD and at c.1.6ka were evident. Artefacts were Bondaian in nature throughout and indicate an earlier use of silcrete with a later preference for quartz. Artefact focus occurred in areas that were closer and more accessible to the water's edge. Highest artefact discard rates were located at c.1.6 ka.",c14,,1652,,,,AUSTRALIA
11291,Sydney Basin,151.22,-34.01,McCue Midden,Midden,Beta-165768,1670,40,,,Charcoal,Charcoal,"Transect A, sq 101, unit 2/2",,Radiocarbon,,Terrestrial,Open,Y,"Dallas, 2005 cit. Hutchinson & Attenbrow, 2009","A midden exacavated as part of a development at Lot 8 Captain Cook Drive, Kurnell. Referred to here as part of a mega-tsunami discussion with limited further contextual information.",c14,,1670,,,,AUSTRALIA
14930,Darwin Coastal,130.9,-12.5,HI83,Shell mound,OZH-893,1705,40,,,Charcoal,Charcoal,,16-20,Radiocarbon,,Terrestrial,Open,Y,"Brockwell et al., 2009",,c14,,1705,Information within this entry has been inferred by authors - see Notes,,,AUSTRALIA
11292,Sydney Basin,151.22,-34.01,McCue Midden,Midden,Beta-165771,1840,40,,,Charcoal,Charcoal,"Transect A, sq 110, unit 2/C8",,Radiocarbon,,Terrestrial,Open,Y,"Dallas, 2002 cit. Attenbrow, 2004","A midden exacavated as part of a development at Lot 8 Captain Cook Drive, Kurnell. Referred to here as part of a mega-tsunami discussion with limited further contextual information.",c14,,1840,,,,AUSTRALIA
10078,Murray Darling Depression,139.3,-35.15,Swanport Aboriginal burial ground,Burial,OZF-393,2790,40,-18.78,0.29,Human bone collagen,Bone,SA Museum # A25221,,Radiocarbon,,Terrestrial,Open,Y,"Pate et al., 2003","An open site near Swanport (on the mouth of the Murray River) that contained some 136 human burials. Originally, thought to be 19th century in age, AMS dates suggest an ongoing use of the site between 2.5ka and 0.5 ka. The burials were more gracile and had smaller teeth than nearby Roonka and was considered to represent a different population from the coast to the south, rather than the inland Murray Darling Basin. Samples were taken from five individual femurs and a crania (sample #A54).",c14,,2790,Information within this entry has been inferred by authors - see Notes,,,AUSTRALIA
11473,Brigalow Belt North,148.2147,-22.2787,Poitrel NCCD Fireplace 9,Open site,Not given,2860,40,,,Charcoal,Charcoal,,,Radiocarbon,,Terrestrial,Open,Y,Oliver et al. 2008,,c14,,2860,Information within this entry has been inferred by authors - see Notes,,,AUSTRALIA
12413,Sydney Basin,150.93,-33.69,RH/SP12 South,Open site,Wk-16227,3351,40,,,Charcoal,Charcoal,Sq. 051E 675N/A,11,Radiocarbon,,Terrestrial,Open,Y,"Jo McDonald Cultural Heritage Management Pty Ltd, 2005","A large excavation of an open site on the banks of Second Ponds creek. Excavation of 387 sq. m recovered 22,860 lithics. These included rare items such as hatchets, hammerstone and an elouera, as well as 456 backed blades. A quarter of the backed blades were incomplete and suggest blade production was being undertaken at this site. Raw material was primarily silcrete, although some silicified tuff, quartz and petrified wood was also recovered. Radiocarbon suggests the site is between 3.6 - 0.6 ka in age and overlies an older alluvial terrace some 10 ka in age.",c14,,3351,,,,AUSTRALIA
12269,Southern East Queensland,151.8522,-28.0207,Talgai Skull,Open site,R2040/4,4730,40,,,Carbonate,Other,,,Radiocarbon,,Terrestrial,Open,Y,Hendy et al. 1973,,c14,,4730,,,,AUSTRALIA
11474,Brigalow Belt North,148.2147,-22.2787,Poitrel P11 Fireplace,Open site,Not given,5240,40,,,Charcoal,Charcoal,,,Radiocarbon,,Terrestrial,Open,Y,Oliver et al. 2008,,c14,,5240,Information within this entry has been inferred by authors - see Notes,,,AUSTRALIA
10260,Victoria Volcanic Plain,141.82,-38.07,Muldoons Trap Complex (Lake Condah),Fish Trap,OZL-608,5820,40,-10.2,0.1,Carbonised wood,Charcoal,"Sq. B, XU 15, sample 1",40.0-44.4,Radiocarbon,,Terrestrial,Open,Y,"McNiven et al., 2012","A detailed investigation of a fish trap on the edge of Lake Condah. One area of the fish trap, F10, was excavated in detail with 15 AMS radiocarbon dates being recovered from infilled material. Bone, charcoal and artefacts were also recovered from the sediments and indicate broadly increasing densities in more recent periods. The radiocarbon dates indicate that the fish traps were primarily used during two periods - between 0.19 - 1.37ka and 5.4 - 8.88ka. There is also evidence of a wall building phase around 0.6-0.8ka. Interpretations suggest a focus on the resources associated with higher lake levels in the mid Holocene climatic optimum and the more recent late Holocene, with a hiatus occurring during periods of intense ENSO (4-2ka).",c14,,5820,,,,AUSTRALIA
10519,Sydney Basin,150.86,-32.32,WCMSS2D,Hearth,Wk-14620,265,41,-25.2,0.2,Charcoal,Charcoal,HE15-5,,Radiocarbon,,Terrestrial,Open,Y,"South East Archaeology Pty Ltd, 2004","A salvage excavation of Mount Arthur North Coal Mine. A suite of excavation techniques undertook 780 sq. m of excavation and recovered 32,866 artefacts. This included some squares retaining 2,173 per sq m. The assemblage was primarily knapping debitage (97%) with a focus on backed blade production. Bipolar flaking, mircoblade production, and loss/discard of non-microlith tools were also present. The assemblage was dominated by silcrete (59%) with lesser amounts of tuff (19%) and porcellainite (10%), most coming from local resources. The findings indicated the proxmity to Whites Creek was more important than to Hunter River. Based on several radiocarbon dates from a series of hearths, the assemblage/s were all <5,000 years in age. This sample was taken from one of these hearths.",c14,,265,,,,AUSTRALIA
12444,Sydney Basin,150.52,-34.57,Wingecaribbee Swamp (WEP 2),Open site,Wk-13293,337,41,-25.1,0.2,Charcoal,Charcoal,"Sq. E10 N5, spit 2A",c.20,Radiocarbon,,Terrestrial,Open,Y,"Jo McDonald Cultural Heritage Management Pty Ltd, 2003","An excavation of a peat deposit on the edges of the Wingecarribee Swamp near Robertson, NSW. Excavations were undertaken following a catastrophic collapse of nearby swamp edge. The excavations were focussed on two main areas, WEP 1 and 2, both of which formed transects from the swamp edge to the higher ground. Excavations and bore-holing revealed a peat deposit about 1 m thick away from the swamp edge to 2 m at the swamp edge. The ongoing growth of the peat indicated its formation about 3 ka with a high likelihood of burying earlier sites through its ongoing formation. Archaeological material was found to depths dating to at least c.2.7ka and was generally within 5 - 20 m of the swamp's edge. Evidence of at least two burning phases (possible human) between 1500-1650 AD and at c.1.6ka were evident. Artefacts were Bondaian in nature throughout and indicate an earlier use of silcrete with a later preference for quartz. Artefact focus occurred in areas that were closer and more accessible to the water's edge. Highest artefact discard rates were located at c.1.6 ka.",c14,,337,,,,AUSTRALIA
10463,Murray Darling Depression,142.1,-33.2,Travellers Lake hinterland,Hearth,Wk-21305,1103,42,-22,0.2,Charcoal from hearth,Charcoal,,,Radiocarbon,,Terrestrial,Open,Y,Cupper 2007,,c14,,1103,,,,AUSTRALIA
10496,South East Coastal Plain,145,-38.33,"McLears Hill 1, Dromana",Hearth,Wk-23406,5463,42,-26.3,0.2,Charcoal,Charcoal,"Tr. C1, sq 2, spit 8",c.80,Radiocarbon,,Terrestrial,Open,Y,"Archaeological & Heritage Management Solutions Pty Ltd, 2008","A possible hearh identified as part of a test excavation prior to a proposed residential development in Dromana, VIC. A series of machine dug test excavations across several landforms of interest revealed a contiuous artefact scatter on elevated areas over-looking swampy ground and flood prone areas. The assemblage was within aeolian sediments.  The assemblage was bondaian in composition with evidence of increasing use of silcrete through time. Two circular charcoal features were observed during the excavation, and were thought to be heaths. This sample comes from one of these features.",c14,,5463,,,,AUSTRALIA
10272,Broken Hill Complex,143.6,-30.8,"11_18075 (Cluster RC11, Rutherfords Creek near Peery Lake)",Hearth,Wk-19577/NZA 27101,259,43,,,Charcoal,Charcoal,Hearth,,Radiocarbon,,Terrestrial,Open,Y,Holdaway et al. 2008,"Study of several hearths exploring the intensification theory developed in the 1980s. Results indicate sporadic use of the region during the late Holocene, and combined with erosion/deflation, does not support the intensification theory",c14,,259,,,,AUSTRALIA
10275,Broken Hill Complex,143.6,-30.8,"11_18124 (Cluster RC11, Rutherfords Creek near Peery Lake)",Hearth,Wk-19582/NZA 27104,858,43,,,Charcoal,Charcoal,Hearth,,Radiocarbon,,Terrestrial,Open,Y,Holdaway et al. 2008,"Study of several hearths exploring the intensification theory developed in the 1980s. Results indicate sporadic use of the region during the late Holocene, and combined with erosion/deflation, does not support the intensification theory",c14,,858,,,,AUSTRALIA
10518,Sydney Basin,150.86,-32.32,WCMSS2C,Hearth,Wk-14621,1391,43,-26.2,0.2,Charcoal,Charcoal,HE11-5,,Radiocarbon,,Terrestrial,Open,Y,"South East Archaeology Pty Ltd, 2004","A salvage excavation of Mount Arthur North Coal Mine. A suite of excavation techniques undertook 780 sq. m of excavation and recovered 32,866 artefacts. This included some squares retaining 2,173 per sq m. The assemblage was primarily knapping debitage (97%) with a focus on backed blade production. Bipolar flaking, mircoblade production, and loss/discard of non-microlith tools were also present. The assemblage was dominated by silcrete (59%) with lesser amounts of tuff (19%) and porcellainite (10%), most coming from local resources. The findings indicated the proxmity to Whites Creek was more important than to Hunter River. Based on several radiocarbon dates from a series of hearths, the assemblage/s were all <5,000 years in age. This sample was taken from one of these hearths.",c14,,1391,,,,AUSTRALIA
12445,Sydney Basin,150.52,-34.57,Wingecaribbee Swamp (WEP 2),Open site,Wk-13292,2143,43,-26.5,0.2,Charcoal,Charcoal,"Sq. E9 N4, spit 5",c.50,Radiocarbon,,Terrestrial,Open,Y,"Jo McDonald Cultural Heritage Management Pty Ltd, 2003","An excavation of a peat deposit on the edges of the Wingecarribee Swamp near Robertson, NSW. Excavations were undertaken following a catastrophic collapse of nearby swamp edge. The excavations were focussed on two main areas, WEP 1 and 2, both of which formed transects from the swamp edge to the higher ground. Excavations and bore-holing revealed a peat deposit about 1 m thick away from the swamp edge to 2 m at the swamp edge. The ongoing growth of the peat indicated its formation about 3 ka with a high likelihood of burying earlier sites through its ongoing formation. Archaeological material was found to depths dating to at least c.2.7ka and was generally within 5 - 20 m of the swamp's edge. Evidence of at least two burning phases (possible human) between 1500-1650 AD and at c.1.6ka were evident. Artefacts were Bondaian in nature throughout and indicate an earlier use of silcrete with a later preference for quartz. Artefact focus occurred in areas that were closer and more accessible to the water's edge. Highest artefact discard rates were located at c.1.6 ka.",c14,,2143,,,,AUSTRALIA
10258,Victoria Volcanic Plain,141.82,-38.07,Muldoons Trap Complex (Lake Condah),Fish Trap,Wk-28883,4715,43,-24.6,0.2,Carbonised wood,Charcoal,"Sq. B, XU 9a, sample 11",18.6-21.4,Radiocarbon,,Terrestrial,Open,Y,"McNiven et al., 2012","A detailed investigation of a fish trap on the edge of Lake Condah. One area of the fish trap, F10, was excavated in detail with 15 AMS radiocarbon dates being recovered from infilled material. Bone, charcoal and artefacts were also recovered from the sediments and indicate broadly increasing densities in more recent periods. The radiocarbon dates indicate that the fish traps were primarily used during two periods - between 0.19 - 1.37ka and 5.4 - 8.88ka. There is also evidence of a wall building phase around 0.6-0.8ka. Interpretations suggest a focus on the resources associated with higher lake levels in the mid Holocene climatic optimum and the more recent late Holocene, with a hiatus occurring during periods of intense ENSO (4-2ka).",c14,,4715,,,,AUSTRALIA
13820,South Eastern Highlands,148.5,-35.7,Y259,Rockshelter,Wk-18838,8343,43,-25.6,0.2,Charcoal,Charcoal,Spit 7,,Radiocarbon,,Terrestrial,Closed,Y,"Aplin et al, 2010.","AMS date. Small excavation of rockshelter above 1100 m ASL in the Alps. Suggest presence of human activity in early Holocene. 16 artefacts idenitified in spits 7, 8 and 9 (unit III), and faunal remains attributed to humans in units II and III (lower parts of site). Site was abandoned by the late Holocene.",c14,,8343,Information within this entry has been inferred by authors - see Notes,,,AUSTRALIA
13821,South Eastern Highlands,148.5,-35.7,Y259,Rockshelter,Wk-18839,8668,43,-25.3,0.2,Charcoal,Charcoal,Spit 9,,Radiocarbon,,Terrestrial,Closed,Y,"Aplin et al, 2010.","AMS date. Small excavation of rockshelter above 1100 m ASL in the Alps. Suggest presence of human activity in early Holocene. 16 artefacts idenitified in spits 7, 8 and 9 (unit III), and faunal remains attributed to humans in units II and III (lower parts of site). Site was abandoned by the late Holocene.",c14,,8668,Information within this entry has been inferred by authors - see Notes,,,AUSTRALIA
12410,Sydney Basin,150.93,-33.69,RH/SP12 South,Open site,Wk-16228,347,44,,,Charcoal,Charcoal,"Sq. 049E 675N, spit 3",09-Nov,Radiocarbon,,Terrestrial,Open,Y,"Jo McDonald Cultural Heritage Management Pty Ltd, 2005","A large excavation of an open site on the banks of Second Ponds creek. Excavation of 387 sq. m recovered 22,860 lithics. These included rare items such as hatchets, hammerstone and an elouera, as well as 456 backed blades. A quarter of the backed blades were incomplete and suggest blade production was being undertaken at this site. Raw material was primarily silcrete, although some silicified tuff, quartz and petrified wood was also recovered. Radiocarbon suggests the site is between 3.6 - 0.6 ka in age and overlies an older alluvial terrace some 10 ka in age.",c14,,347,,,,AUSTRALIA
11619,Cape York Peninsula,142.1622,-9.9561,Pulu Mound,Open site,Wk-10703,670,44,,,Bone,Bone,,,Radiocarbon,,Terrestrial,Open,Y,McNiven & Feldman 2003,Sample consisted of a single dugong rib,c14,,670,,,,AUSTRALIA
12446,Sydney Basin,150.52,-34.57,Wingecaribbee Swamp (WEP 2),Open site,Wk-13295,2757,44,-25.9,0.2,Charcoal,Charcoal,"Sq. E22 N6, spit 4",c.40,Radiocarbon,,Terrestrial,Open,Y,"Jo McDonald Cultural Heritage Management Pty Ltd, 2003","An excavation of a peat deposit on the edges of the Wingecarribee Swamp near Robertson, NSW. Excavations were undertaken following a catastrophic collapse of nearby swamp edge. The excavations were focussed on two main areas, WEP 1 and 2, both of which formed transects from the swamp edge to the higher ground. Excavations and bore-holing revealed a peat deposit about 1 m thick away from the swamp edge to 2 m at the swamp edge. The ongoing growth of the peat indicated its formation about 3 ka with a high likelihood of burying earlier sites through its ongoing formation. Archaeological material was found to depths dating to at least c.2.7ka and was generally within 5 - 20 m of the swamp's edge. Evidence of at least two burning phases (possible human) between 1500-1650 AD and at c.1.6ka were evident. Artefacts were Bondaian in nature throughout and indicate an earlier use of silcrete with a later preference for quartz. Artefact focus occurred in areas that were closer and more accessible to the water's edge. Highest artefact discard rates were located at c.1.6 ka.",c14,,2757,,,,AUSTRALIA
10276,Broken Hill Complex,143.6,-30.8,"11_18125 (Cluster RC11, Rutherfords Creek near Peery Lake)",Hearth,Wk-19583,286,45,,,Charcoal,Charcoal,Hearth,,Radiocarbon,,Terrestrial,Open,Y,Holdaway et al. 2008,"Study of several hearths exploring the intensification theory developed in the 1980s. Results indicate sporadic use of the region during the late Holocene, and combined with erosion/deflation, does not support the intensification theory",c14,,286,,,,AUSTRALIA
14765,South East Coastal Plain,143.33,-38.77,"Glen Aire, Cape Otway",Rockshelter with midden deposits,NZ-367,370,45,,,Charcoal,Charcoal,Layer 4,"5ft 9"" - 6ft",Radiocarbon,,Terrestrial,Closed,Y,"Mulvaney, 1961, 1962; Grant-Talyor et al. 1963; Bird & Frankel, 1991; Lournados, 1983","Date comes from 85 cm below surface and 25 cm above sandstone bedrock in association with two edge-ground axes. Date was in broad association with Gak-873. Bird & Frankel (1991) indicate a lab code of R-728 for this sample, others have referred to it as ANU-267.",c14,,370,,,,AUSTRALIA
11101,South East Corner,150.19,-35.82,Barlings Beach,Midden,Wk-12416,953,45,-0.7,0.2,Ostrea sp. shell,Marine Shell,BB 450 - 160 A,25-30,Radiocarbon,,Terrestrial,Open,Y,"Southern Cross Heritage Surveys Archaeological Consultants, 2003","A salvage excavation of a series of middens on Barling Beach prior to a residential development. Ultimately, some 760 auger and/or shovel pit probes were undertaken. The investigations identified incerasing volumes of shell dominated  by rock oyster (Saccostrea sp.) and mud whelk (Pyrazus sp.) - the latter being sourced from over 1 km from the site. Other species include conks, black periwinkles, turban and abalone. 32 holes contained bones all highly fragmented, some evidence of ringtail possum, macropod and fish bones were identifiable . 986 artefacts were recovered composed of 10 raw materials. A three fold increase in artefacts and a shift to quartz from silcrete and porphyritic volcanic stone was observed between older level B (30-60 cm) and upper level A (0-30cm). Level B was dominated by unmodified flakes with bipolar pieces being common in level A. Based on the cortex, artefacts appear to have been sourced from nearby pebble beds. This sample was taken from an auger hole from a 5 cm thick shell band some 25-30cm below the surface. Shell was found to continue to depths of >60 cm",c14,,953,,,,AUSTRALIA
10462,Murray Darling Depression,142.1,-33.2,Travellers Lake hinterland,Hearth,WK-21304,1047,45,-22.8,0.2,Charcoal from hearth,Charcoal,,,Radiocarbon,,Terrestrial,Open,Y,Cupper 2007,,c14,,1047,,,,AUSTRALIA
10165,Darwin Coastal,130.9,-12.5,HI97,Earth mound,OZH-896,1345,45,,,Charcoal,Charcoal,,14-16,Radiocarbon,,Terrestrial,Open,Y,"Brockwell et al., 2009",,c14,,1345,Information within this entry has been inferred by authors - see Notes,,,AUSTRALIA
11102,South East Corner,150.19,-35.82,Barlings Beach,Midden,Wk-12417,1715,45,1.2,0.2,Pyrazus sp. Shell,Marine Shell,BB 660-205 A,Apr-18,Radiocarbon,,Terrestrial,Open,Y,"Southern Cross Heritage Surveys Archaeological Consultants, 2003","A salvage excavation of a series of middens on Barling Beach prior to a residential development. Ultimately, some 760 auger and/or shovel pit probes were undertaken. The investigations identified incerasing volumes of shell dominated  by rock oyster (Saccostrea sp.) and mud whelk (Pyrazus sp.) - the latter being sourced from over 1 km from the site. Other species include conks, black periwinkles, turban and abalone. 32 holes contained bones all highly fragmented, some evidence of ringtail possum, macropod and fish bones were identifiable . 986 artefacts were recovered composed of 10 raw materials. A three fold increase in artefacts and a shift to quartz from silcrete and porphyritic volcanic stone was observed between older level B (30-60 cm) and upper level A (0-30cm). Level B was dominated by unmodified flakes with bipolar pieces being common in level A. Based on the cortex, artefacts appear to have been sourced from nearby pebble beds. This sample was taken from an auger hole within a very dense part of the midden. This sample was taken from between 4 and 18 cm below the surface - artefacts and shell were prevalent between 0-30 cm, but were evident to 60 cm in this location.",c14,,1715,,,,AUSTRALIA
10468,NSW North Coast,151.81,-32.86,Fern Bay Estate Site 8,Hearth,Wk-13446,2584,45,-25.5,0.2,Charcoal,Charcoal,TT1,60-70,Radiocarbon,,Terrestrial,Open,Y,"Environmental Resources Management Australia Pty Ltd, 2005","A large scale excavation of an open site as part of a testing project in advance of the Fern Bay Seaside Village, Fern Bay. The excavations revealed low densities of artefacts and shell between spits 1-7 in a dunal deposit. A total of 15 shell pieces and 51 artefacts were recovered. This sample came from a hearth which retained six Nobbys Tuff artefacts, including a Worimi cleaver. This date was considered basal.",c14,,2584,,,,AUSTRALIA
13976,Sydney Basin,151.19,-33.2,Emu Tracks 2,Rockshelter,Wk-16547,3241,45,,,Charcoal,Charcoal,T2a/13,61.0-66.0,Radiocarbon,,Terrestrial,Closed,Y,"Attenbrow, 2007","A follow up study of one of Attenbrow's original Upper Mangrove creek sites. Emu Tracks 2 is a small south facing rockshelter (8.3 x 2.2 x 2 m). 15 engravings emu tracks were located on the back wall of the shelter. Test pit T1 was located against the back wall immediately below the engravings, but found they did not continue below the surface. Two adjoining 50 x 50 cm test pits, T2a and T2b, were excavated into the deposit to a depth of 80 cm and recovered some 7,000 artefacts (63 backed artefacts). The most abundant raw material was quartz, with FGS, silcrete and chert (tuff) also being present. Peak densities occurred between spits 8-11. Spit 5 was the uppermost bondi point; spit 11 was the peak artefact densities (of quartz); and spit 15 was the lowest level of artefacts. Some evidence that the lowest part of the excavations were disturbed (and hence some inversions of radiocarbon dates). In summary, the site began to be occupied about 3.7-3.5 ka, with backed blades appearing between 3.2 - 1.1 ka.",c14,,3241,,,,AUSTRALIA
10295,Broken Hill Complex,141.6,-31.3,Fowlers Gap (ND15),Hearth,Wk-9342,379,46,,,Charcoal,Charcoal,Hearth,,Radiocarbon,,Terrestrial,Open,Y,Fanning et al. 2007,A precursor study to Holdaway et al 2008. Similar findings,c14,,379,,,,AUSTRALIA
10458,Murray Darling Depression,141.5,-32.3,Rantyga Creek,Hearth,Wk-12326,584,46,,,Charcoal from hearth,Charcoal,,,Radiocarbon,,Terrestrial,Open,Y,Shiner 2006,,c14,,584,,,,AUSTRALIA
10450,Murray Darling Depression,141.5,-32.3,Pine Creek,Hearth,Wk-12325,771,46,,,Charcoal from hearth,Charcoal,,,Radiocarbon,,Terrestrial,Open,Y,Shiner 2006,,c14,,771,,,,AUSTRALIA
10263,Broken Hill Complex,143.6,-30.8,"11_18021 (Cluster RC11, Rutherfords Creek near Peery Lake)",Hearth,Wk-19580/NZA 27103,1321,46,,,Charcoal,Charcoal,Hearth,,Radiocarbon,,Terrestrial,Open,Y,Holdaway et al. 2008,"Study of several hearths exploring the intensification theory developed in the 1980s. Results indicate sporadic use of the region during the late Holocene, and combined with erosion/deflation, does not support the intensification theory",c14,,1321,,,,AUSTRALIA
14069,Sydney Basin,151.18,-33.15,Two Moths,Rockshelter,Wk-14266,2026,46,,,Charcoal,Charcoal,T/7,30.5-35.5,Radiocarbon,,Terrestrial,Closed,Y,"Attenbrow, 2007","A follow up study of one of Attenbrow's original Upper Mangrove creek sites. This site was a north-facing shelter (10 x 7.9 x <1.7 m. The site revealed little evidence of stone artefacts or other cultural material, but two fragments of freshwater shell and small bone fragments between spits 5 and 8. The bone was considered to have been brought in by animals, but the shell was considered humanly transported. Originally through to be betwen 1 - 2ka in age, this was confirmed by this date.",c14,,2026,,,,AUSTRALIA
10183,Riverina,143.75,-36.14,Boort Swamp Mound 2,Earth mound,Wk-11149,2059,46,,,Charcoal,Charcoal,"Sq. 3, layer 3 (base)",32-37,Radiocarbon,,Terrestrial,Open,Y,"Johnston, 2004","An earth mound excavated on the edges of Lake Boort, northern Victoria. Excavations indicated occupation occurred between c. 2.2 ka - 0.2ka. The mound included evidence of hearth construction and rejuvenation of stone tools (which were dominated by quartz broken flakes). The study suggests that the nearby Kinypanial creek was exploited during lower lake levels. The site compares well with other earth mounds and fits within Coutts 'Type B' typology.",c14,,2059,,,,AUSTRALIA
10180,Riverina,143.75,-36.14,Boort Swamp Mound 2,Earth mound,Wk-11147,261,47,,,Charcoal,Charcoal,"Sq. 5, layer 1",0-6,Radiocarbon,,Terrestrial,Open,Y,"Johnston, 2004","An earth mound excavated on the edges of Lake Boort, northern Victoria. Excavations indicated occupation occurred between c. 2.2 ka - 0.2ka. The mound included evidence of hearth construction and rejuvenation of stone tools (which were dominated by quartz broken flakes). The study suggests that the nearby Kinypanial creek was exploited during lower lake levels. The site compares well with other earth mounds and fits within Coutts 'Type B' typology.",c14,,261,,,,AUSTRALIA
10181,Riverina,143.75,-36.14,Boort Swamp Mound 2,Earth mound,Wk-11145,775,47,,,Charcoal,Charcoal,"Sq. 1, layer 2 (top)",04-Sep,Radiocarbon,,Terrestrial,Open,Y,"Johnston, 2004","An earth mound excavated on the edges of Lake Boort, northern Victoria. Excavations indicated occupation occurred between c. 2.2 ka - 0.2ka. The mound included evidence of hearth construction and rejuvenation of stone tools (which were dominated by quartz broken flakes). The study suggests that the nearby Kinypanial creek was exploited during lower lake levels. The site compares well with other earth mounds and fits within Coutts 'Type B' typology.",c14,,775,,,,AUSTRALIA
10451,Murray Darling Depression,141.5,-32.3,Pine Creek,Hearth,Wk-10282,886,47,,,Charcoal from hearth,Charcoal,,,Radiocarbon,,Terrestrial,Open,Y,Shiner 2006,,c14,,886,,,,AUSTRALIA
10273,Broken Hill Complex,143.6,-30.8,"11_18076 (Cluster RC11, Rutherfords Creek near Peery Lake)",Hearth,Wk-19578/ NZA 27102,1708,47,,,Charcoal,Charcoal,Hearth,,Radiocarbon,,Terrestrial,Open,Y,Holdaway et al. 2008,"Study of several hearths exploring the intensification theory developed in the 1980s. Results indicate sporadic use of the region during the late Holocene, and combined with erosion/deflation, does not support the intensification theory",c14,,1708,,,,AUSTRALIA
14409,Victoria Midlands,142.39,-36.93,Ngamadjidi,Rockshelter,Wk-11188,2283,47,,,Charcoal,Charcoal,"Pit 4, spit 12, layer 3",50-60,Radiocarbon,,Terrestrial,Closed,Y,"Gunn, 2003","The talus and edge of a rockshelter excavated during the installation of a protection fence. The rockshelter is on the northern edge of the Grampians. An excavation of two pits to a depth of c. 80 cm revealed three main stratigraphic units. Spits 4-9 revealed the majority of the 286 artefacts recovered from the excavation with a further peak at spit 13. These were all located below a rock layer feature. The number of artefacts (>3,000 when considering the whole deposit) represents the densent concentration of stone artefacts in any site in Gariwerd. Artefacts were almost exclusively quartz. Shelter was used until European times.",c14,,2283,,,,AUSTRALIA
13578,NSW North Coast,152.91,-29.59,Seelands,Rockshelter,V-11,2852,47,,,Charcoal,Charcoal,"Trench 5(e), IIIA","18""",Radiocarbon,,Terrestrial,Closed,Y,"Bermingham, 1966; McBryde, 1961, 1966","An extensive study of the rockshleter including four trenches across various parts of the site. Radiocarbon dating and analysis done on each of the trenches, with later compilation in McBryde 1874. A compilation of all these trenches revealed a uniface pebble industry in levels, IV, V and VI composed primarily indurated mudstone, siltstone and greywacke (all available from the nearby Clarence River). These lower depths retained very few artefacts between c. 2000 - 5000 BP. Level IIIA and IV similarly contains greywacke uniface pebbles, but also the appearanance of blade tools,  geometric microliths and ground-edged tools (c. 2000 BP). Level IV also contains bone artefacts, which gain in importance in levels II and III. Levels I, II and III dominated by small tool tradition. Suggestion by Bermingham that this date was erroneous. Relates to the talus slope, which contained a dark black soil retaining few animal bones, blade tools, high concentrations of stone artefacts, uniface pebbles and first evidence of edge ground artefacts.",c14,,2852,,,,AUSTRALIA
10182,Riverina,143.75,-36.14,Boort Swamp Mound 2,Earth mound,Wk-11148,984,48,,,Charcoal,Charcoal,"Sq. 5, layer 3",16-21,Radiocarbon,,Terrestrial,Open,Y,"Johnston, 2004","An earth mound excavated on the edges of Lake Boort, northern Victoria. Excavations indicated occupation occurred between c. 2.2 ka - 0.2ka. The mound included evidence of hearth construction and rejuvenation of stone tools (which were dominated by quartz broken flakes). The study suggests that the nearby Kinypanial creek was exploited during lower lake levels. The site compares well with other earth mounds and fits within Coutts 'Type B' typology.",c14,,984,,,,AUSTRALIA
10454,Murray Darling Depression,141.5,-32.3,Pine Creek,Hearth,Wk-12319,1002,48,,,Charcoal from hearth,Charcoal,,,Radiocarbon,,Terrestrial,Open,Y,Shiner 2006,,c14,,1002,,,,AUSTRALIA
10178,Riverina,143.75,-36.14,Boort Swamp Mound 2,Earth mound,Wk-11144,187,49,,,Charcoal,Charcoal,"Sq. 1, layer 1",0-3,Radiocarbon,,Terrestrial,Open,Y,"Johnston, 2004","An earth mound excavated on the edges of Lake Boort, northern Victoria. Excavations indicated occupation occurred between c. 2.2 ka - 0.2ka. The mound included evidence of hearth construction and rejuvenation of stone tools (which were dominated by quartz broken flakes). The study suggests that the nearby Kinypanial creek was exploited during lower lake levels. The site compares well with other earth mounds and fits within Coutts 'Type B' typology.",c14,,187,,,,AUSTRALIA
10446,Murray Darling Depression,141.5,-32.3,Pine Creek,Hearth,Wk-9994,261,49,,,Charcoal from hearth,Charcoal,,,Radiocarbon,,Terrestrial,Open,Y,Shiner 2006,,c14,,261,,,,AUSTRALIA
12439,Sydney Basin,150.52,-34.57,Wingecaribbee Swamp (WEP 1),Open site,Wk-13332,1611,49,-26.5,0.2,Charcoal,Charcoal,"Sq. 20E 12 N, spit 5",c.50,Radiocarbon,,Terrestrial,Open,Y,"Jo McDonald Cultural Heritage Management Pty Ltd, 2003","An excavation of a peat deposit on the edges of the Wingecarribee Swamp near Robertson, NSW. Excavations were undertaken following a catastrophic collapse of nearby swamp edge. The excavations were focussed on two main areas, WEP 1 and 2, both of which formed transects from the swamp edge to the higher ground. Excavations and bore-holing revealed a peat deposit about 1 m thick away from the swamp edge to 2 m at the swamp edge. The ongoing growth of the peat indicated its formation about 3 ka with a high likelihood of burying earlier sites through its ongoing formation. Archaeological material was found to depths dating to at least c.2.7ka and was generally within 5 - 20 m of the swamp's edge. Evidence of at least two burning phases (possible human) between 1500-1650 AD and at c.1.6ka were evident. Artefacts were Bondaian in nature throughout and indicate an earlier use of silcrete with a later preference for quartz. Artefact focus occurred in areas that were closer and more accessible to the water's edge. Highest artefact discard rates were located at c.1.6 ka.",c14,,1611,,,,AUSTRALIA
13990,Sydney Basin,151.14,-33.16,Kangaroo & Echnida,Rockshelter,Wk-14103,6720,49,,,Charcoal,Charcoal,T2b/5,28.0-41.5,Radiocarbon,,Terrestrial,Closed,Y,"Attenbrow, 2007","A follow up study of one of Attenbrow's original Upper Mangrove creek sites. This was a large west-facing shelter (46 x 9.8 x <13.5 m). Charcoal drawings (including a kangaroo and echidna) were found in the shelter. Two test pits were excavated, one in an upper dry area of the cave, another in the lower damp area. The latter (T1) was abandoned. T2 was expanded into four 50 x 50 cm test pits abd reached a maximum depth of 71 cm. Sixty one artefacts were recovered from spits 1-5. This date was undertaken since in the original study, an age of 6 ka (SUA-2172) was located midway through the sequence suggesting an age of 9.8 ka for the base of the cultural sequence, which was considered to old given the distance between the date and the base of the excavations (<12 cm). This date demonstrates that initial occupation at 6.7 ka is more realistic. Within the assemblage, a bondi point, three complete ground-edged implements, and five bipolar core/flakes were recovered. Spit 3, which was originally thought to be 5 - 2.8 ka, is now also considered to be too early, with a new date of 2.9 ka for its deposition thought likely. These new dates suggest a break in occupation has occurred between spits 4 and 5 (c.7.5 ka), and spit 3 (c.4-3ka).",c14,,6720,,,,AUSTRALIA
10356,Flinders Lofty Block,138.22,-31.55,Hawker Lagoon,Hearth,SUA 2254,60,50,,,Charcoal,Charcoal,"HL1 , unit 1A, 0-29cm bsl",,Radiocarbon,,Terrestrial,Open,Y,"Lampert & Hughes, 1988",,c14,,60,,,,AUSTRALIA
14297,Victoria Bonaparte,129.16,-15.43,Jinmium Rockshelter,Rockshelter,OZA-303,80,50,,,Charcoal,Charcoal,C1/II/21,60,Radiocarbon,,Terrestrial,Closed,Y,"Roberts, et al., 1998",,c14,,80,,,,AUSTRALIA
14298,Victoria Bonaparte,129.16,-15.43,Jinmium Rockshelter,Rockshelter,LLNL-32255,130,50,,,Beeswax,Other,,N/A,Radiocarbon,,Terrestrial,Closed,Y,"Tacon et al., 1997",Sample of beeswax taken from a human like figure motif specific to the region.,c14,,130,,,,AUSTRALIA
10223,Victoria Midlands,144.22,-36.89,Ravenswood 18,Earth mound,Beta-69644,140,50,,,Charcoal,Charcoal,Spit 3,20-30,Radiocarbon,,Terrestrial,Open,Y,Aboriginal Affairs Victoria cit. Godfrey et al. 1996,A sample referred to as part of a wider review of Victorian radiocarbon dates. This sample is from a possible hearth within an earth mound near Bendigo.,c14,,140,Information within this entry has been inferred by authors - see Notes,,,AUSTRALIA
13506,Naracoorte Coastal Plain,140.69,-38.05,Koongine Cave,Rockshelter,Beta-21545,160,50,,,Charcoal,Charcoal,J10 10 (20),,Radiocarbon,,Terrestrial,Closed,Y,"Frankel, 1988 cit. Bird & Frankel, 1991","Referred to in a  study (Bird & Frankel, 1991) using radiometric dates of southwest Victoria as a proxy for occupation/activity. The paper concludes that late Holocene intensification, at least from a social perspective perspective, was not the case. However, the paper does show increasing numbers of dates (n=80) in the late Holocene. Interesting features of the study include an apparent hiatus between 6-7ka and the appearance of earth mounds only in the last 2.5ka. This sample was taken from the 'upper occupation'.",c14,,160,,,,AUSTRALIA
10179,Riverina,143.75,-36.14,Boort Swamp Mound 2,Earth mound,Wk-11146,187,50,,,Charcoal,Charcoal,"Sq. 1, layer 2 (base)",Sep-14,Radiocarbon,,Terrestrial,Open,Y,"Johnston, 2004","An earth mound excavated on the edges of Lake Boort, northern Victoria. Excavations indicated occupation occurred between c. 2.2 ka - 0.2ka. The mound included evidence of hearth construction and rejuvenation of stone tools (which were dominated by quartz broken flakes). The study suggests that the nearby Kinypanial creek was exploited during lower lake levels. The site compares well with other earth mounds and fits within Coutts 'Type B' typology.",c14,,187,,,,AUSTRALIA
11287,Sydney Basin,151.22,-34.01,McCue Midden,Midden,Beta-165767,200,50,,,Charcoal,Charcoal,"Transect A, sq 22, unit 02/C5",,Radiocarbon,,Terrestrial,Open,Y,"Dallas, 2005 cit. Hutchinson & Attenbrow, 2009","A midden exacavated as part of a development at Lot 8 Captain Cook Drive, Kurnell. Referred to here as part of a mega-tsunami discussion with limited further contextual information.",c14,,200,,,,AUSTRALIA
10300,Broken Hill Complex,142.32,-31.27,"Giles Creek, Mutawintji",Hearth,Wk-3142,220,50,,,Charcoal,Charcoal,Cooking Pit,,Radiocarbon,,Terrestrial,Open,Y,"Fanning, 1999",,c14,,220,,,,AUSTRALIA
10900,NSW North Coast,153.01,-31.11,Portion 162 (#30-7-0012),Midden,Beta-53299,230,50,,,Charcoal,Charcoal,,,Radiocarbon,,Terrestrial,Open,Y,Collins 1992 cit. Brown 2005,"Brown states: Sand ridge is one in a series of Inner Barrier dunes. It is orientated north-south and is 370 m long and up to 70 m wide, and between 1.95 - 8.61 m above sea level. Surface investigation of area followed by 20 x 20 m grid of auger holes. Two one metre square excavations undertaken. Remains recovered included pipi shell, macropod bone, red ochre and clay nodules, charcoal, stone artefacts and European materials. Evidence suggests use of sand ridge from about 4,500 years ago, and increased usage between 3,500 and 3,000 years ago, and continued to around 200 years ago. Dense pipi shell dating to 500 to 200 years ago, suggesting an increased reliance on this resource.",c14,,230,Information within this entry has been inferred by authors - see Notes,,,AUSTRALIA
14044,Sydney Basin,150.36,-34.26,RC-PAD (Mount Flora - Nattai National Park),Rockshelter,Beta-65747,230,50,,,Charcoal,Charcoal,,05-Oct,Radiocarbon,,Terrestrial,Closed,Y,"Rich, 1993 cit. Jo McDonald Cultural Heritage Management Pty Ltd, 2003","A rockshelter (Ropesend Creek) site referred to as part of a background review on another project. The site is referred to as RC-PAD as well as Mount Flora. The site indicates an early co-dominance of silcrete, chert and quartz raw materials (before 2,230 +/- 80). Irregular use of these raw materials occurred until a quartz dominance in the last 1,500 years. Backed blades were evident throughout the sequence, including at the lowest depths (although these were originally considered displaced, more recent evidence suggests there may have been in situ and date to 7,500 years BP), and a proliferation between 20-45cm. Two ground edge artefacts were found between 10-20cm. Flake tools were found throughout with increasing thickness below 40 cm. Bipolar flaking was also evident in higher depths (5-30 cm).",c14,,230,Information within this entry has been inferred by authors - see Notes,,,AUSTRALIA
11076,South East Coastal Plain,141.19,-38.51,Stinker Bay,Midden,Beta-7061,250,50,,,Charcoal,Charcoal,,,Radiocarbon,,Terrestrial,Open,Y,"Gaughwin & Brennan, 1986","A shallow midden overlain by a clay cap. This date comes from the lowest midden deposits and is comparable with Beta-7062. Midden contains bones, shellfish and stone artefacts. Limpets dominate the shell and 10 artefacts from flint were also recovered.",c14,,250,,,,AUSTRALIA
11197,Southern East Queensland,153.0382,-27.1404,Saint-Smith Midden,Midden,Wk-3424,250,50,,,Charcoal,Charcoal,,15-20,Radiocarbon,,Terrestrial,Open,Y,Hall 1995,Hall (1995:13) & Ulm & Hall (1996:61) report as 260?60 using 5730 half-life,c14,,250,,,,AUSTRALIA
10229,Victoria Midlands,144.22,-36.89,Ravenswood 4,Earth mound,Beta-69645,270,50,,,Charcoal,Charcoal,Spit 2,Oct-20,Radiocarbon,,Terrestrial,Open,Y,Aboriginal Affairs Victoria cit. Godfrey et al. 1996,A sample referred to as part of a wider review of Victorian radiocarbon dates. This sample is from a possible hearth within an earth mound near Bendigo.,c14,,270,Information within this entry has been inferred by authors - see Notes,,,AUSTRALIA
10996,South East Coastal Plain,144.88,-38.47,Boags Rock 7,Midden,Beta-16546,320,50,,,Charcoal,Charcoal,,,Radiocarbon,,Terrestrial,Open,Y,Aboriginal Affairs Victoria cit. Godfrey et al. 1996,A shell midden referred to as part of a compilation of radiocarbon dates for Victoria. This date is referred to as coming from a shell layer.,c14,,320,Information within this entry has been inferred by authors - see Notes,,,AUSTRALIA
10501,Sydney Basin,150.93,-33.69,CH5 (Parklea PK/CD1+2 and 4+6),Hearth,Wk-4536,330,50,,,Charcoal,Charcoal,,,Radiocarbon,,Terrestrial,Open,Y,"Balme et al., 2001","A detailed study of several charcoal features located within the the Parklea development. The study included shape, artefact content, type of wood burnt, TL analysis of burnt clay and other analysis to identify whether the eight features investigated were Aboriginal hearths. Ultimately, seven of the eight features were considered possible hearths with CH 8 believed to be a tree stump.",c14,,330,,,,AUSTRALIA
10302,Broken Hill Complex,141.7,-31.11,"Sandy Creek, Fowlers Gap",Hearth,Wk-4197,350,50,,,Charcoal,Charcoal,Cooking Pit,,Radiocarbon,,Terrestrial,Open,Y,"Fanning, 1999",,c14,,350,,,,AUSTRALIA
13756,Pilbara (inland),117.66,-23.24,Paraburdoo ERP-11b(ii) rockshelter,Rockshelter,Wk-6322,350,50,,,Charcoal from hearth,Charcoal,4cm bsl,,Radiocarbon,,Terrestrial,Closed,Y,Veitch et al. 2005,,c14,,350,,,,AUSTRALIA
10312,Channel Country,142.3,-29.41,Stud Creek,Hearth,Wk-6621,380,50,-23.6,0.2,Charcoal from hearth,Charcoal,H98-16,,Radiocarbon,,Terrestrial,Open,Y,Holdaway et al. 2002,,c14,,380,,,,AUSTRALIA
14481,Warren,115.01,-34.01,Witchcliffe RS,Rockshelter,Wk-3954,400,50,,,Charcoal,Charcoal,"Sq. T20, spit 7, layer 3",26-27,Radiocarbon,,Terrestrial,Closed,Y,"Dortch, 1996; Smith, 1999","A small rockshelter with limited human occupation, other nearby rockshelters are referred to as richer in archaeological deposit. It is envisaged that this rockshelter was only colonised in the last millennium. This date comes from a hearth. Other archaeological remains were recovered but not analysed at time of publication; they include many flakes and fragments of quartz; quantities of burnt and unburnt bone; emu eggshell fragments; well-preserved plant material, including charred leaf bases from the grasstree Xanthorrhoea sp; fragments of freshwater and marine bivalve shells; and a few fish bones and scales, probably of marine species. The small amounts of bivalve shell throughout the shelter deposit suggest that in recent times  molluscs were gathered regularly",c14,,400,,,,AUSTRALIA
10224,Victoria Midlands,144.22,-36.89,Ravenswood 18,Earth mound,Beta-69643,410,50,,,Charcoal,Charcoal,Spits 2 and 3,Oct-30,Radiocarbon,,Terrestrial,Open,Y,Aboriginal Affairs Victoria cit. Godfrey et al. 1996,A sample referred to as part of a wider review of Victorian radiocarbon dates. This sample is from a possible hearth within an earth mound near Bendigo.,c14,,410,Information within this entry has been inferred by authors - see Notes,,,AUSTRALIA
10314,Channel Country,142.3,-29.41,Stud Creek,Hearth,Wk-5332,470,50,-22.6,0.2,Charcoal from hearth,Charcoal,H98-13,,Radiocarbon,,Terrestrial,Open,Y,Holdaway et al. 2002,,c14,,470,,,,AUSTRALIA
10469,NSW North Coast,152.32,-32.34,Unnamed site,Hearth,Not given,470,50,,,Charcoal,Charcoal,,,Radiocarbon,,Terrestrial,Open,Y,"Haglund, 1992 cit. Environmental Resources Management Australia Pty Ltd, 2007","A site referred to as part of a review in this report. The sample is referred to as a hearth dated by Haglund as part of a study of the Pacific Highway Upgrade between Buladelah and Coolongolok, NSW. No further information is provided.",c14,,470,Information within this entry has been inferred by authors - see Notes,,,AUSTRALIA
11195,Southern East Queensland,153.3578,-27.4923,Lazaret Midden,Midden,Wk-8009,500,50,,,Charcoal,Charcoal,,30,Radiocarbon,,Terrestrial,Open,Y,Ross 2000,,c14,,500,,,,AUSTRALIA
11552,Cape York Peninsula,146.0103,-17.339,Bramston Beach Midden,Open site,SUA-2499,520,50,,,Nutshell,Wood/Plant Material,,27-32,Radiocarbon,,Terrestrial,Open,Y,Horsfall 1987,,c14,,520,,,,AUSTRALIA
11553,Cape York Peninsula,146.0103,-17.339,Bramston Beach Midden,Open site,SUA-2500,540,50,,,Charcoal,Charcoal,,65-70,Radiocarbon,,Terrestrial,Open,Y,Horsfall 1987,,c14,,540,,,,AUSTRALIA
13714,Pilbara (inland),117.23,-22.43,Mt Brockman BM99-10 rockshelter,Rockshelter,Wk-7099,540,50,,,Spinifex resin,Wood/Plant Material,Surface,,Radiocarbon,,Terrestrial,Closed,Y,Veitch et al. 2005,,c14,,540,,,,AUSTRALIA
13759,Pilbara (inland),117.66,-23.24,Paraburdoo ERP-22 rockshelter,Rockshelter,Wk-6324,560,50,,,Charcoal from hearth,Charcoal,7.5cm bsl,,Radiocarbon,,Terrestrial,Closed,Y,Veitch et al. 2005,,c14,,560,,,,AUSTRALIA
13796,South East Corner,150.11,-35.42,Waterfall Cave,Rockshelter,AA-5846,635,50,,,Charcoal,Charcoal,,,Radiocarbon,,Terrestrial,Closed,Y,"Officer & McDonald, 1990; McDonald et al. 1990 cit. Boot, 2002; McDonald et al. 1990 cit. Brown, 2005",One of a complex of sites in the Budawang Ranges. Sites exhibit a localised paintin technique using thick ochreous clays as pigments. This sample dates an indeterminate motif composed of these ochres.,c14,,635,Information within this entry has been inferred by authors - see Notes,,,AUSTRALIA
10317,Channel Country,142.3,-29.41,Stud Creek,Hearth,Wk-5125,660,50,-22,0.2,Charcoal from hearth,Charcoal,H98-11,,Radiocarbon,,Terrestrial,Open,Y,Holdaway et al. 2002,,c14,,660,,,,AUSTRALIA
10318,Channel Country,142.3,-29.41,Stud Creek,Hearth,Wk-6631,660,50,-23.6,0.2,Charcoal from hearth,Charcoal,H98-71,,Radiocarbon,,Terrestrial,Open,Y,Holdaway et al. 2002,,c14,,660,,,,AUSTRALIA
12374,Sydney Basin,151.16,-32.51,GCC 28/29 (Camberwell),Open site,Beta-39210,660,50,,,Charcoal,Charcoal,,,Radiocarbon,,Terrestrial,Open,Y,"Koettig, 1992","This sample formed part of a larger salvage excavation of sites within the Camberwell mining lease area. Initial surveys identified 31 open artefact scatters, most small with  GCC19 and 20 being larger, and GCC27 having raw materials indicative of other Pleistocene finds in the area. The salvage identified a continuous unpatterned occupation along the Station creek and identified features including hearths, heat treatment areas, pits, an oven, stone knapping floors, and small artefact concentrations indicating specific activities. The sites were all dominated by mudstone and silcrete with lesser proportions of chert, quartz and volcanic materials. The technological analysis revealed six type of reduction, four of whic included the removal of a flake from a flake core body. Heat treatment of silcrete cores (but not mudstone) was common. Nineteen dates indicate that the occupation was constrained to the last few thosand years, despite earlier thoughts of a Pleistocene signal. Some difference between Bondaian assemblages east of Singleton and this site were noted.",c14,,660,,,,AUSTRALIA
12572,Sydney Basin,151.02,-32.47,Narama (Site 48),Open site (hearth),Beta-48521,680,50,,,Charcoal,Charcoal,Sq. KKLL12,3,Radiocarbon,,Terrestrial,Open,Y,"Rich, 1992","A large salvage excavation of a section of Bayswater Creek prior to the Narama coal mine being developed. Overall, the excavations recovered some 10,000 artefacts predominantly found on terraces surrounding the creek (and to a lesser extent nearby hillslopes). These sites are no longer present. The excavations of site 48 revealed a large pit, believed to be a hearth, which contained some 2,500 artefacts dominated by pink silcrete. The hearth appeared to cut into an existing artefact layer within the soil profile (also dominated by pink silcrete).  The assemblage was dominated by indurated mudstone and silcrete and contained numerous backed blades and retouched pieces.  Dates the same feature as Beta-48520. This lab code may be erroneous, Rich refers to this lab code for two different dates in this report (the other is at Site 30).",c14,,680,,,,AUSTRALIA
10319,Channel Country,142.3,-29.41,Stud Creek,Hearth,Wk-5330,690,50,-23.2,0.2,Charcoal from hearth,Charcoal,H98-21,,Radiocarbon,,Terrestrial,Open,Y,Holdaway et al. 2002,,c14,,690,,,,AUSTRALIA
10557,Arnhem Coast,134.7,-12,Dirrangmuruma,Midden,ANU-8329,690,50,,,Charcoal,Charcoal,"TP 1, XU 4",,Radiocarbon,,Terrestrial,Open,Y,"Brockwell et al., 2009",,c14,,690,Information within this entry has been inferred by authors - see Notes,,,AUSTRALIA
14772,South East Corner,149.94,-37.28,Greenglade,Rockshelter with midden deposits,ANU-3047,690,50,,,Charcoal,Charcoal,,,Radiocarbon,,Terrestrial,Closed,Y,"Colley, 1990 cit. Brown, 2005; Colley, 1997","A rockshelter with midden deposits to almost 3 m depth. The stratigraphy reveals a thick midden deposit (1.5 m) over sand beneath which were several thin midden layers intermixed with sand. The midden deposits were dominated by Turbo, Cart Rut, Beaked Mussel and Edible mussel shells with a consistent presence of chitons and limpets. Bone includes mammals, fish and birds. A fish hook and two bone points were identified. Artefactual material was almost exclusively quartz and was predominantly undifferentiated flakes. Dates from the rockshelter indicate its use from around 700 BP to present. Sample also referred to as SUA-3047 in some references.",c14,,690,,,,AUSTRALIA
10498,Sydney Basin,150.93,-33.69,CH1 (Parklea PK/CD1+2 and 4+6),Hearth,Wk-4533,700,50,,,Charcoal,Charcoal,,,Radiocarbon,,Terrestrial,Open,Y,"Balme et al., 2001","A detailed study of several charcoal features located within the the Parklea development. The study included shape, artefact content, type of wood burnt, TL analysis of burnt clay and other analysis to identify whether the eight features investigated were Aboriginal hearths. Ultimately, seven of the eight features were considered possible hearths with CH 8 believed to be a tree stump.",c14,,700,,,,AUSTRALIA
10502,Sydney Basin,150.93,-33.69,CH7 (Parklea PK/CD1+2 and 4+6),Hearth,Wk-4537,740,50,,,Charcoal,Charcoal,,,Radiocarbon,,Terrestrial,Open,Y,"Balme et al., 2001","A detailed study of several charcoal features located within the the Parklea development. The study included shape, artefact content, type of wood burnt, TL analysis of burnt clay and other analysis to identify whether the eight features investigated were Aboriginal hearths. Ultimately, seven of the eight features were considered possible hearths with CH 8 believed to be a tree stump.",c14,,740,,,,AUSTRALIA
12064,Naracoorte Coastal Plain,140.13,-37.58,Bevilaqua,Open site,GaK-398,760,50,,,Wood charcoal,Wood/Plant Material,D,,Radiocarbon,,Terrestrial,Open,Y,"Kigoshi & Kobayahsi, 1965; Bird & Frankel, 1991",Samples collected by P.S Hosefield. Samples relate to two occupation sites and associated recent shoreline changes and coastal aragonite deposits. This sample was taken from the black sandy layer above the Terras Rossa soil,c14,,760,,,,AUSTRALIA
14107,Tasmanian Central Highlands,146.08,-41.7,Parmerpar Meethaner,Rockshelter,Beta-52811,780,50,,,Charcoal,Charcoal,"Sq. B, spit 2, unit 1",43,Radiocarbon,,Terrestrial,Closed,Y,"Cosgrove, 1995","A rockshelter with extensive talus slope on the edge of Forth River, south of the Lemonthyme power station. The shelter is about 12 m above the river floor; the talus is composed of quartzite soil and rubble. Excavated originally in the 1990's by Sue Kee and subsequently by La Trobe Univesity, initial investigations recovered no cultural remains. Subsequent field seasons reached over 2m of deposit before sterile deposits were reached. Surface finds included bone, artefacts and European material; at 90 cm quartz thumbnail scrapers were recovered (indicative of Late Pleistocene). A total of about 2.5 sq. m was excavated. The excavations revealed seven stratigraphic units, most of which retained artefactual material, charcoal and bone, as well as frequent layers of ash and charcoal. Unit 7 was sterile. Artefact discard rates indicate increased numbers between c. 34 - 28 ka - the period of initial occupation; at c. 21ka, a hiatus occurs with a steady rise from c.18 - 13ka, peaking at c.14.25 ka; with dramatic drop in discard after 10 ka; a last slight increase occurs at c. 3ka. Artefacts in the pre-18ka were composed of large quartzite flakes from river cobbles, with a presence of quartz; quartz becomes dominant (c.95%) between c.15-10ka; hornfels increase from 10ka and dominate after 3.5ka. Thumbnail scrapers occur between c.21 - 28ka, increasing between 18-10 ka with the appearance end scrapers.  Faunal remains included pademelon, wombat, potaroo, snake, lizard, fish, bird and marsupial mouse, and were frequently burnt. This site shows one of the few examples of continuous occupation through the LGM into the late Holocene.",c14,,780,,,,AUSTRALIA
10321,Channel Country,142.3,-29.41,Stud Creek,Hearth,Wk-6038,790,50,-22.5,0.2,Charcoal from hearth,Charcoal,H98-4,,Radiocarbon,,Terrestrial,Open,Y,Holdaway et al. 2002,,c14,,790,,,,AUSTRALIA
11283,Sydney Basin,150.92,-34.32,McCauleys Beach Midden (52-2-1336),Midden,Beta-56983,810,50,,,Charcoal,Charcoal,,,Radiocarbon,,Terrestrial,Open,Y,Fullagar et al. 1999,"The study of a midden to determine whether tsunanmis in this areas were likley. It was concluded that they were not. Midden was buried by recent sand material and included four separate midden layers dominated by Turbo torquata, Turbo undulata and Dicathais orbita. Artefacts were also recovered and included quartz, silcrete, chert and fossiled wood flakes. Artefacts were primarily located in layer 4. Backed blades and blade cores were also recovered from all layers, but not in situ. This date was taken from the upper midden, although no information on where the upper/lower midden divide is presented. This date was taken in the upper midden, it is unclear how it is associated with Beta-59943.",c14,,810,,,,AUSTRALIA
10323,Channel Country,142.3,-29.41,Stud Creek,Hearth,Wk-5329,820,50,-23.4,0.2,Charcoal from hearth,Charcoal,H98-15,,Radiocarbon,,Terrestrial,Open,Y,Holdaway et al. 2002,,c14,,820,,,,AUSTRALIA
12384,Sydney Basin,151.16,-32.51,GCC 7/8 (Camberwell),Open site,Beta-39201,830,50,,,Charcoal,Charcoal,,,Radiocarbon,,Terrestrial,Open,Y,"Koettig, 1992","This sample formed part of a larger salvage excavation of sites within the Camberwell mining lease area. Initial surveys identified 31 open artefact scatters, most small with  GCC19 and 20 being larger, and GCC27 having raw materials indicative of other Pleistocene finds in the area. The salvage identified a continuous unpatterned occupation along the Station creek and identified features including hearths, heat treatment areas, pits, an oven, stone knapping floors, and small artefact concentrations indicating specific activities. The sites were all dominated by mudstone and silcrete with lesser proportions of chert, quartz and volcanic materials. The technological analysis revealed six type of reduction, four of whic included the removal of a flake from a flake core body. Heat treatment of silcrete cores (but not mudstone) was common. Nineteen dates indicate that the occupation was constrained to the last few thosand years, despite earlier thoughts of a Pleistocene signal. Some difference between Bondaian assemblages east of Singleton and this site were noted.",c14,,830,,,,AUSTRALIA
13798,South Eastern Highlands,148.95,-35.45,Birrigai Rockshelter,Rockshelter,Beta-16650,870,50,,,Charcoal,Charcoal,"T 3B, IIa base",13.5-21.2,Radiocarbon,,Terrestrial,Closed,Y,"Flood et al., 1987","A rockshetler in Tidbinbilla, ACT. The rockshelter contains four phases of occupation: 1) pre-21,000 - sterile deposits; 2) 21-3,000 BP - occupation commences including a well-defined hearth at 15,930 BP. Plant and animal resources were used during this period. Low intensity of occupation is present with minimal artefacts, charcoal or other materials. No evidence of a change between the Pleistocene/Holocene in the site; 3) 3,000 - 100 BP - occupation intensity increases dramatically, including artefacts, charcoal and sedimentation rates; and 4) 100 BP - present - represented by layer 1 and shows a slight decline in charcoal and artefacts. The overall model produced in the paper indicated increasing occupations at 3,000 BP before a decline after 2,000 BP due to re-organisation of people in the landscape. This sample found in association with artefacts.",c14,,870,,,,AUSTRALIA
10392,Murray Darling Depression,141.91,-36.06,Lake Hindmarsh,Hearth,Beta-54054,910,50,,,Charcoal,Charcoal,,,Radiocarbon,,Terrestrial,Open,Y,"Luebbers unpub. cit. Godfrey et al., 1996",A sample referred to as part of a wider review of Victorian radiocarbon dates. This sample is of wood charcoal from a hearth with clay balls.,c14,,910,Information within this entry has been inferred by authors - see Notes,,,AUSTRALIA
10403,Murray Darling Depression,143.1,-33.8,Lake Mungo (MA-2),Hearth,ANU 660,940,50,,,Charcoal from hearth,Charcoal,,,Radiocarbon,,Terrestrial,Open,Y,"Barbetti 1973, Johnston & Clark, 1998",,c14,,940,,,,AUSTRALIA
13758,Pilbara (inland),117.66,-23.24,Paraburdoo ERP-15 rockshelter,Rockshelter,Wk-6323,950,50,,,Charcoal from hearth,Charcoal,3.1cm bsl,,Radiocarbon,,Terrestrial,Closed,Y,Veitch et al. 2005,,c14,,950,,,,AUSTRALIA
12375,Sydney Basin,151.16,-32.51,GCC 28/29 (Camberwell),Open site,Beta-39209,970,50,,,Charcoal,Charcoal,,,Radiocarbon,,Terrestrial,Open,Y,"Koettig, 1992","This sample formed part of a larger salvage excavation of sites within the Camberwell mining lease area. Initial surveys identified 31 open artefact scatters, most small with  GCC19 and 20 being larger, and GCC27 having raw materials indicative of other Pleistocene finds in the area. The salvage identified a continuous unpatterned occupation along the Station creek and identified features including hearths, heat treatment areas, pits, an oven, stone knapping floors, and small artefact concentrations indicating specific activities. The sites were all dominated by mudstone and silcrete with lesser proportions of chert, quartz and volcanic materials. The technological analysis revealed six type of reduction, four of whic included the removal of a flake from a flake core body. Heat treatment of silcrete cores (but not mudstone) was common. Nineteen dates indicate that the occupation was constrained to the last few thosand years, despite earlier thoughts of a Pleistocene signal. Some difference between Bondaian assemblages east of Singleton and this site were noted.",c14,,970,,,,AUSTRALIA
12385,Sydney Basin,151.16,-32.51,GCC 7/8 (Camberwell),Open site,Beta-39307,970,50,,,Charcoal,Charcoal,,,Radiocarbon,,Terrestrial,Open,Y,"Koettig, 1992","This sample formed part of a larger salvage excavation of sites within the Camberwell mining lease area. Initial surveys identified 31 open artefact scatters, most small with  GCC19 and 20 being larger, and GCC27 having raw materials indicative of other Pleistocene finds in the area. The salvage identified a continuous unpatterned occupation along the Station creek and identified features including hearths, heat treatment areas, pits, an oven, stone knapping floors, and small artefact concentrations indicating specific activities. The sites were all dominated by mudstone and silcrete with lesser proportions of chert, quartz and volcanic materials. The technological analysis revealed six type of reduction, four of whic included the removal of a flake from a flake core body. Heat treatment of silcrete cores (but not mudstone) was common. Nineteen dates indicate that the occupation was constrained to the last few thosand years, despite earlier thoughts of a Pleistocene signal. Some difference between Bondaian assemblages east of Singleton and this site were noted.",c14,,970,,,,AUSTRALIA
14027,Sydney Basin,150.97,-34.05,Mills Creek 11,Rockshelter,SUA-2258,980,50,,,Charcoal,Charcoal,"Sq. 2, spit 3",c.10,Radiocarbon,,Terrestrial,Closed,Y,"Koettig, 1990","A rockshelter excavated prior to the installation of a land fill site near Heathcote Road, NSW. (The landfill has destroyed/buried the sites). The rockshelter was excavated to 50 cm in several areas and revealed to two main archaeological units, I (spits 1 - 4) and II (spits 5-11); the latter unit was subsequent split into IIA (spits 5-7) and IIB (spits 8-11). Radiocarbon dates indicated the use of the site from c. 2ka to European arrival. The excavation recovered some 14,000 lithics dominated by quartz, silcrete and fine grained siliceous material. An early dominance of silcrete declined around spit 4 to a dominance in quartz in the upper levels. Small marsupial and reptile bone was found in layer I. Bipolar flaking was present throughout the site with a significant increase in bipolar knapping of silcrete in layer I. Backed blades were present in all depths and in some numbers in the basal layer, indicating a proliferation by c. 2.2ka.",c14,,980,,,,AUSTRALIA
10500,Sydney Basin,150.93,-33.69,CH3 (Parklea PK/CD1+2 and 4+6),Hearth,Wk-4535,1030,50,,,Charcoal,Charcoal,,,Radiocarbon,,Terrestrial,Open,Y,"Balme et al., 2001","A detailed study of several charcoal features located within the the Parklea development. The study included shape, artefact content, type of wood burnt, TL analysis of burnt clay and other analysis to identify whether the eight features investigated were Aboriginal hearths. Ultimately, seven of the eight features were considered possible hearths with CH 8 believed to be a tree stump.",c14,,1030,,,,AUSTRALIA
10901,NSW North Coast,153.01,-31.11,Portion 162 (#30-7-0012),Midden,Beta-53300,1190,50,,,Charcoal,Charcoal,,,Radiocarbon,,Terrestrial,Open,Y,Collins 1992 cit. Brown 2005,"Brown states: Sand ridge is one in a series of Inner Barrier dunes. It is orientated north-south and is 370 m long and up to 70 m wide, and between 1.95 - 8.61 m above sea level. Surface investigation of area followed by 20 x 20 m grid of auger holes. Two one metre square excavations undertaken. Remains recovered included pipi shell, macropod bone, red ochre and clay nodules, charcoal, stone artefacts and European materials. Evidence suggests use of sand ridge from about 4,500 years ago, and increased usage between 3,500 and 3,000 years ago, and continued to around 200 years ago. Dense pipi shell dating to 500 to 200 years ago, suggesting an increased reliance on this resource.",c14,,1190,Information within this entry has been inferred by authors - see Notes,,,AUSTRALIA
10325,Channel Country,142.3,-29.41,Stud Creek,Hearth,Wk-5124,1210,50,-22.9,0.2,Charcoal from hearth,Charcoal,H98-28,,Radiocarbon,,Terrestrial,Open,Y,Holdaway et al. 2002,,c14,,1210,,,,AUSTRALIA
10153,NSW North Coast,152.87,-29.88,Blaxland Flat 2,Burial in Rockshelter,GaK-464,1230,50,,,Wood and charcoal,Wood/Plant Material,,,Radiocarbon,,Terrestrial,Closed,Y,"Kigoshi & Kobayahsi, 1965, McBryde, 1965","Sample taken from below bones of burial wrapped in soft bark and wood. One of a 'group of burials'.Group of burials defined as seven individuals plus a few bones from one other, plus foetal bones packed in within sandstone blocks.",c14,,1230,,,,AUSTRALIA
10329,Channel Country,142.3,-29.41,Stud Creek,Hearth,Wk-6036,1290,50,-22.6,0.2,Charcoal from hearth,Charcoal,H98-10,,Radiocarbon,,Terrestrial,Open,Y,Holdaway et al. 2002,,c14,,1290,,,,AUSTRALIA
11020,South East Coastal Plain,141.29,-38.21,"East Monbong, Site 2, Midden 1",Midden,Wk-414,1290,50,,,Charcoal,Charcoal,,,Radiocarbon,,Terrestrial,Open,Y,"Godfrey, 1989","This date comes from the a survey of Discovery Coastal Park on the border of VIC/SA. The survey identified over 1000 middens dated primarily between b490 and 3860 BP, and were dominated by Donax sp. and Brachidontes sp (lesser representations of Mytilus and Ostrea sp. were also present).",c14,,1290,,,,AUSTRALIA
10330,Channel Country,142.3,-29.41,Stud Creek,Hearth,Wk-5331,1300,50,-24,0.2,Charcoal from hearth,Charcoal,H98-20,,Radiocarbon,,Terrestrial,Open,Y,Holdaway et al. 2002,,c14,,1300,,,,AUSTRALIA
13962,Sydney Basin,151.06,-33.76,Devlins Creek,Rockshelter,Beta-76605,1340,50,-25,0,Charcoal,Charcoal,"Sq. E4, spit 8 (layer 7)",c.35-50,Radiocarbon,,Terrestrial,Closed,Y,"Haglund, 1995","A test excavation of a rockshelter in the upper part of Devlin Creek prior to the development of the M2 motorway (the site has now been destroyed). Excavations of 2 sq. m to a depth of c. 50 cm was undertaken. The upper levels 1-4 were sterile (0-20). Stone artefacts begin to appear at level 5 (15-35cm) with a gradual increase at level 7 (35-45) towards (and in some areas at the base) of the shelter. Some 605 artefacts were recovered dominated by silcrete (61%). Indurated mudstone, quartz and chert were also present. No implements were present and only seven cores. The two dates bracket level 7, the main occupation layer.",c14,,1340,,,,AUSTRALIA
10335,Channel Country,142.3,-29.41,Stud Creek,Hearth,Wk-5123,1410,50,-23.3,0.2,Charcoal from hearth,Charcoal,H98-27,,Radiocarbon,,Terrestrial,Open,Y,Holdaway et al. 2002,,c14,,1410,,,,AUSTRALIA
13963,Sydney Basin,151.06,-33.76,Devlins Creek,Rockshelter,Beta-76606,1410,50,-25,0,Charcoal,Charcoal,"Sq. E4, spit 9 (layer 7)",c.35-50,Radiocarbon,,Terrestrial,Closed,Y,"Haglund, 1995","A test excavation of a rockshelter in the upper part of Devlin Creek prior to the development of the M2 motorway (the site has now been destroyed). Excavations of 2 sq. m to a depth of c. 50 cm was undertaken. The upper levels 1-4 were sterile (0-20). Stone artefacts begin to appear at level 5 (15-35cm) with a gradual increase at level 7 (35-45) towards (and in some areas at the base) of the shelter. Some 605 artefacts were recovered dominated by silcrete (61%). Indurated mudstone, quartz and chert were also present. No implements were present and only seven cores. The two dates bracket level 7, the main occupation layer.",c14,,1410,,,,AUSTRALIA
10337,Channel Country,142.3,-29.41,Stud Creek,Hearth,Wk-6035,1460,50,-23.4,0.2,Charcoal from hearth,Charcoal,H98-9,,Radiocarbon,,Terrestrial,Open,Y,Holdaway et al. 2002,,c14,,1460,,,,AUSTRALIA
10526,Victoria Volcanic Plain,145.87,-38.75,G-DR-8,Hearth,Beta-45593,1460,50,,,Charcoal,Charcoal,,,Radiocarbon,,Terrestrial,Open,Y,"Du Cros, 1993","An open site located on the banks of the Koroit Creek at Gisborne South. Excavations of 12 sq. m to a depth of 50 cm. Two hearths were identified and sampled. These were found in association with 1685 artefacts dominated by silcrete, quartz and basalt. The main artefact bearing layers were fluvial in origin. Backed blades and other implements were recovered and usewear suggests some wood-working activity.",c14,,1460,Information within this entry has been inferred by authors - see Notes,,,AUSTRALIA
12645,Victoria Bonaparte,129.2,-15.4,Jinmium KR 1 crust,Rock engraving/art  coatings,CAMS-45666,1470,50,,,Oxalate Carbon Crust,Other,Layer 2,N/A,Radiocarbon,,Terrestrial,Closed,Y,Watchman et al. 2000a,Samples from oxcalate coating overlying cupules.,c14,,1470,,,,AUSTRALIA
13953,Sydney Basin,151.03,-33.76,Darling Mills SF2,Rockshelter,Wk-2962,1560,50,,,Charcoal,Charcoal,Sq. 14G/5PB (layer II),Nov-16,Radiocarbon,,Terrestrial,Closed,Y,"Attenbrow, 1993","A rockshelter located in Darling Mills Stage Forest (now Bidjigal Reserve). Excavation included several areas of the shelter to levels up to 90 cm in depth (although archaeological material was only found to 70 cm). The site was divided into three units (all containing artefacts): layer I was a disturbed deposit with European and Aboriginal finds; Layer II was composed of sandy deposits with Aboriginal finds; and layer III was the basal yellow brownish sandy deposit (sterile?). Two different sets of radiocarbon determinations were undertaken on this site following age inversions with samples taken in 1992. Wk-2513, Wk-2701 and Wk-2511 were undertaken first, with the remaining to firm up this chronology. Despite additional dates, the chronology still appears problematic, although it appears the main unit of archaeology (layer II) could be dated to c. 2.5 ka with some evidence of deposits greater than this. Attenbrow considers the 6 ka and 10 ka dates, Wk-2694 and Wk-2511, reliable for the base of layer II, however no disconformities or other hiatus could be observed as to why such a different age was evident. Further, layer II is dominated by Bondaian assemblage with no evidence of earlier technologies. Disturbance was evident within the deposit.",c14,,1560,,,,AUSTRALIA
13783,Pilbara (inland),117.82,-23.31,Yirra CME-A-31 rockshelter,Rockshelter,Wk-9147,1610,50,,,Charcoal from hearth,Charcoal,10.7cm bsl,,Radiocarbon,,Terrestrial,Closed,Y,Veitch et al. 2005,,c14,,1610,,,,AUSTRALIA
10338,Channel Country,142.3,-29.41,Stud Creek,Hearth,Wk-6630,1630,50,-23.1,0.2,Charcoal from hearth,Charcoal,H98-66,,Radiocarbon,,Terrestrial,Open,Y,Holdaway et al. 2002,,c14,,1630,,,,AUSTRALIA
12349,Sydney Basin,151.07,-32.66,B 8 - Area IV,Open site,Beta-62206,1730,50,,,Charcoal from hearth,Charcoal,Sample 3/T21b/3,08-Dec,Radiocarbon,,Terrestrial,Open,Y,"Koettig, 1994","A large-scale salvage excavation of three sites as part of the development of the Bulga coal mine. This study included an extensive conjoin analysis of several knapping events/workshops totalling of 14,000 artefacts. B 8 - Area IV was a small excavation to identify whether burnt stone on the surface was associated with a hearth. The hearth was located in association with several burnt hammerstones (possibly used to as heat retainers), as well as a large artefact scatter composed of silcrete (56%) and chert (33%). The artefact scatter was conjoined to reflect basically two knapping events. The silcrete appeared to have been heat-treated. Much of the artefacts were slightly lower than the hearth, but this may reflect bioturbation or the construction of the hearth (i.e. it was built up from the ground surface).",c14,,1730,,,,AUSTRALIA
11740,Channel Country,144.2,-28.0333,Lake Toomaroo,Open site,Beta-7640,1740,50,,,Charcoal,Charcoal,,20,Radiocarbon,,Terrestrial,Open,Y,"Robins 1993, 1995",Robins (1995) reports as 174?50. Relates to a rescue excavation undertaken of a surface artefact scatter by P. Hiscock,c14,,1740,,,,AUSTRALIA
10902,NSW North Coast,153.01,-31.11,Portion 162 (#30-7-0012),Midden,Beta-53302,1830,50,,,Charcoal,Charcoal,,,Radiocarbon,,Terrestrial,Open,Y,Collins 1992 cit. Brown 2005,"Brown states: Sand ridge is one in a series of Inner Barrier dunes. It is orientated north-south and is 370 m long and up to 70 m wide, and between 1.95 - 8.61 m above sea level. Surface investigation of area followed by 20 x 20 m grid of auger holes. Two one metre square excavations undertaken. Remains recovered included pipi shell, macropod bone, red ochre and clay nodules, charcoal, stone artefacts and European materials. Evidence suggests use of sand ridge from about 4,500 years ago, and increased usage between 3,500 and 3,000 years ago, and continued to around 200 years ago. Dense pipi shell dating to 500 to 200 years ago, suggesting an increased reliance on this resource.",c14,,1830,Information within this entry has been inferred by authors - see Notes,,,AUSTRALIA
13760,Pilbara (inland),117.66,-23.24,Paraburdoo ERP-26 rockshelter,Rockshelter,Wk-6327,1840,50,,,Charcoal from hearth,Charcoal,10cm bsl,,Radiocarbon,,Terrestrial,Closed,Y,Veitch et al. 2005,,c14,,1840,,,,AUSTRALIA
12378,Sydney Basin,151.16,-32.51,GCC 35 (Camberwell),Open site,Beta-39214,1890,50,,,Charcoal,Charcoal,,,Radiocarbon,,Terrestrial,Open,Y,"Koettig, 1992","This sample formed part of a larger salvage excavation of sites within the Camberwell mining lease area. Initial surveys identified 31 open artefact scatters, most small with  GCC19 and 20 being larger, and GCC27 having raw materials indicative of other Pleistocene finds in the area. The salvage identified a continuous unpatterned occupation along the Station creek and identified features including hearths, heat treatment areas, pits, an oven, stone knapping floors, and small artefact concentrations indicating specific activities. The sites were all dominated by mudstone and silcrete with lesser proportions of chert, quartz and volcanic materials. The technological analysis revealed six type of reduction, four of whic included the removal of a flake from a flake core body. Heat treatment of silcrete cores (but not mudstone) was common. Nineteen dates indicate that the occupation was constrained to the last few thosand years, despite earlier thoughts of a Pleistocene signal. Some difference between Bondaian assemblages east of Singleton and this site were noted.",c14,,1890,,,,AUSTRALIA
13755,Pilbara (inland),117.6,-23.24,Paraburdoo ERP-04 rockshelter,Rockshelter,Wk-6325,2000,50,,,Charcoal from hearth,Charcoal,3.9-7.5cm bsl,,Radiocarbon,,Terrestrial,Closed,Y,Veitch et al. 2005,,c14,,2000,,,,AUSTRALIA
11472,Brigalow Belt North,148.2147,-22.2787,Poitrel NCCD Fireplace 6,Open site,Not given,2110,50,,,Charcoal,Charcoal,,,Radiocarbon,,Terrestrial,Open,Y,Oliver et al. 2008,,c14,,2110,Information within this entry has been inferred by authors - see Notes,,,AUSTRALIA
12387,Sydney Basin,151.16,-32.51,GCC 7/8 (Camberwell),Open site,Beta-39200,2210,50,,,Charcoal,Charcoal,,,Radiocarbon,,Terrestrial,Open,Y,"Koettig, 1992","This sample formed part of a larger salvage excavation of sites within the Camberwell mining lease area. Initial surveys identified 31 open artefact scatters, most small with  GCC19 and 20 being larger, and GCC27 having raw materials indicative of other Pleistocene finds in the area. The salvage identified a continuous unpatterned occupation along the Station creek and identified features including hearths, heat treatment areas, pits, an oven, stone knapping floors, and small artefact concentrations indicating specific activities. The sites were all dominated by mudstone and silcrete with lesser proportions of chert, quartz and volcanic materials. The technological analysis revealed six type of reduction, four of whic included the removal of a flake from a flake core body. Heat treatment of silcrete cores (but not mudstone) was common. Nineteen dates indicate that the occupation was constrained to the last few thosand years, despite earlier thoughts of a Pleistocene signal. Some difference between Bondaian assemblages east of Singleton and this site were noted.",c14,,2210,,,,AUSTRALIA
10077,Murray Darling Depression,139.3,-35.15,Swanport Aboriginal burial ground,Burial,OZF-392,2300,50,-20.75,0.48,Human bone collagen,Bone,SA Museum # A125,,Radiocarbon,,Terrestrial,Open,Y,"Pate et al., 2003","An open site near Swanport (on the mouth of the Murray River) that contained some 136 human burials. Originally, thought to be 19th century in age, AMS dates suggest an ongoing use of the site between 2.5ka and 0.5 ka. The burials were more gracile and had smaller teeth than nearby Roonka and was considered to represent a different population from the coast to the south, rather than the inland Murray Darling Basin. Samples were taken from five individual femurs and a crania (sample #A54).",c14,,2300,Information within this entry has been inferred by authors - see Notes,,,AUSTRALIA
12388,Sydney Basin,151.16,-32.51,GCC 7/8 (Camberwell),Open site,Beta-39204,2460,50,,,Charcoal,Charcoal,,,Radiocarbon,,Terrestrial,Open,Y,"Koettig, 1992","This sample formed part of a larger salvage excavation of sites within the Camberwell mining lease area. Initial surveys identified 31 open artefact scatters, most small with  GCC19 and 20 being larger, and GCC27 having raw materials indicative of other Pleistocene finds in the area. The salvage identified a continuous unpatterned occupation along the Station creek and identified features including hearths, heat treatment areas, pits, an oven, stone knapping floors, and small artefact concentrations indicating specific activities. The sites were all dominated by mudstone and silcrete with lesser proportions of chert, quartz and volcanic materials. The technological analysis revealed six type of reduction, four of whic included the removal of a flake from a flake core body. Heat treatment of silcrete cores (but not mudstone) was common. Nineteen dates indicate that the occupation was constrained to the last few thosand years, despite earlier thoughts of a Pleistocene signal. Some difference between Bondaian assemblages east of Singleton and this site were noted.",c14,,2460,,,,AUSTRALIA
14030,Sydney Basin,150.97,-34.05,Mills Creek 11,Rockshelter,SUA-2259,2690,50,,,Charcoal,Charcoal,"Sq. 2, spit 9",c.50,Radiocarbon,,Terrestrial,Closed,Y,"Koettig, 1990","A rockshelter excavated prior to the installation of a land fill site near Heathcote Road, NSW. (The landfill has destroyed/buried the sites). The rockshelter was excavated to 50 cm in several areas and revealed to two main archaeological units, I (spits 1 - 4) and II (spits 5-11); the latter unit was subsequent split into IIA (spits 5-7) and IIB (spits 8-11). Radiocarbon dates indicated the use of the site from c. 2ka to European arrival. The excavation recovered some 14,000 lithics dominated by quartz, silcrete and fine grained siliceous material. An early dominance of silcrete declined around spit 4 to a dominance in quartz in the upper levels. Small marsupial and reptile bone was found in layer I. Bipolar flaking was present throughout the site with a significant increase in bipolar knapping of silcrete in layer I. Backed blades were present in all depths and in some numbers in the basal layer, indicating a proliferation by c. 2.2ka.",c14,,2690,,,,AUSTRALIA
12403,Sydney Basin,151.3,-32.77,POK 4 (Pokolbin),Open site,Beta-32614,2820,50,,,Charcoal,Charcoal,,,Radiocarbon,,Terrestrial,Open,Y,"Koettig, 1989 cit. Attenbrow, 2004",Part of Attenbrow's (2004) wider study of population vs activity. Refers to unpublished reports or date with little further contextual information.,c14,,2820,Information within this entry has been inferred by authors - see Notes,,,AUSTRALIA
12591,Warren,116.05,-34.58,Northcliffe,Quarry,Wk-4657,3180,50,,,Charcoal,Charcoal,,c. 85-90,Radiocarbon,,Terrestrial,Open,Y,"Dortch, 2002","A second excavation of the Northcliffe quarry site was undertaken in 1996 to clarify the 1974 ages obtained from the site. Original excavations indicated that geometric microliths were recovered from depth associated with a 6 ka age. However, this sample was taken from the same depth and suggests a much younger age for the assemblage.",c14,,3180,,,,AUSTRALIA
13784,Pilbara (inland),117.82,-23.31,Yirra CME-A-31 rockshelter,Rockshelter,Wk-8953,3230,50,,,Charcoal from hearth,Charcoal,22.1cm bsl,,Radiocarbon,,Terrestrial,Closed,Y,Veitch et al. 2005,,c14,,3230,,,,AUSTRALIA
13893,Sydney Basin,151.25,-33.83,Balmoral Beach 2,Rockshelter,Beta-63204,3310,50,,,Charcoal,Charcoal,Sq. U13/22,117-118,Radiocarbon,,Terrestrial,Closed,Y,"Attenbrow, 1993a","A rockshelter excavated following disturbance by the public (the site being near Balmoral beach). Two different phases of excavation reached depths of 199 cm (with cultural deposits to 184cm). The site contained four main layers (and several sub-layers). The upper layer was post 1960's. The second layer was dated to between 2.5 and 3 ka and consisted of shell-rich materials (also includes ashy lenses, artefacts, fish and animal bones). The lower layer - >100cm - dated to c. 3 ka - <3.78ka was composed of grey sands and contained charcoal, bones and stone artefacts; only small amounts of shell were found. The fourth layer overlying the bedrock was considered >3.78ka and contained a low density of artefacts and some charcoal. Most artefacts were recovered from layers 2 and 3 and contained backed artefacts dominated by silcrete and chert. An igneous ground edge implement was found in layer 4. Bone was found in all layers and were primarily snapper, tarwhine, bream and groper, wallaby, kangaroo and wombat. Shell was confined to layer 2 and was primarily rocky shore/rock platform species (limpet, black periwinkles, rock oyster). Other species present included large turban, triton, cartrut, sydney cockle and hairy mussel. Parts of a human skeleton were found in layer 1. This test pit is located outside of the rockshelter",c14,,3310,,,,AUSTRALIA
14109,Tasmanian Central Highlands,146.08,-41.7,Parmerpar Meethaner,Rockshelter,Beta-52812,3310,50,,,Charcoal,Charcoal,"Sq. B, spit 9, unit 1",52,Radiocarbon,,Terrestrial,Closed,Y,"Cosgrove, 1995","A rockshelter with extensive talus slope on the edge of Forth River, south of the Lemonthyme power station. The shelter is about 12 m above the river floor; the talus is composed of quartzite soil and rubble. Excavated originally in the 1990's by Sue Kee and subsequently by La Trobe Univesity, initial investigations recovered no cultural remains. Subsequent field seasons reached over 2m of deposit before sterile deposits were reached. Surface finds included bone, artefacts and European material; at 90 cm quartz thumbnail scrapers were recovered (indicative of Late Pleistocene). A total of about 2.5 sq. m was excavated. The excavations revealed seven stratigraphic units, most of which retained artefactual material, charcoal and bone, as well as frequent layers of ash and charcoal. Unit 7 was sterile. Artefact discard rates indicate increased numbers between c. 34 - 28 ka - the period of initial occupation; at c. 21ka, a hiatus occurs with a steady rise from c.18 - 13ka, peaking at c.14.25 ka; with dramatic drop in discard after 10 ka; a last slight increase occurs at c. 3ka. Artefacts in the pre-18ka were composed of large quartzite flakes from river cobbles, with a presence of quartz; quartz becomes dominant (c.95%) between c.15-10ka; hornfels increase from 10ka and dominate after 3.5ka. Thumbnail scrapers occur between c.21 - 28ka, increasing between 18-10 ka with the appearance end scrapers.  Faunal remains included pademelon, wombat, potaroo, snake, lizard, fish, bird and marsupial mouse, and were frequently burnt. This site shows one of the few examples of continuous occupation through the LGM into the late Holocene.",c14,,3310,,,,AUSTRALIA
14410,Victoria Midlands,142.39,-36.93,Ngamadjidi,Rockshelter,Wk-11185,3860,50,,,Charcoal,Charcoal,"Pit 3, spit 12, layer 3",57-62,Radiocarbon,,Terrestrial,Closed,Y,"Gunn, 2003","The talus and edge of a rockshelter excavated during the installation of a protection fence. The rockshelter is on the northern edge of the Grampians. An excavation of two pits to a depth of c. 80 cm revealed three main stratigraphic units. Spits 4-9 revealed the majority of the 286 artefacts recovered from the excavation with a further peak at spit 13. These were all located below a rock layer feature. The number of artefacts (>3,000 when considering the whole deposit) represents the densent concentration of stone artefacts in any site in Gariwerd. Artefacts were almost exclusively quartz. Shelter was used until European times.",c14,,3860,,,,AUSTRALIA
10524,Victoria Midlands,142.45,-37.1,Lake Wartook 33,Hearth,Beta-135851,3930,50,,,Charcoal,Charcoal,,,Radiocarbon,,Terrestrial,Open,Y,"Gunn, 2003","A consulting study of several artefact scatters surrounding Lake Wartook. The analysis identified grinding stones, greenstone axes , microlithic flakes and a dominance of quartz. Interpretations of the study indicate the area was used for general campsite activites, rather than specialised uses. This sample came from a stone hearth found in association with the artefact scatters. This sample came from the same site as Beta-135852.",c14,,3930,,,,AUSTRALIA
13485,Nandewar,150.93,-29.47,Graman Area B Site 1,Rockshelter,GaK-1188,3950,50,,,Charcoal,Charcoal,"Site 1, Tr. 2, zone (d), Level II, spit 2","19-28""",Radiocarbon,,Terrestrial,Closed,Y,"Polach et al. 1968, McBryde, 1974",Agrees well with ANU-54.,c14,,3950,,,,AUSTRALIA
10525,Victoria Midlands,142.45,-37.1,Lake Wartook 33,Hearth,Beta-135852,4040,50,,,Charcoal,Charcoal,,,Radiocarbon,,Terrestrial,Open,Y,"Gunn, 2003","A consulting study of several artefact scatters surrounding Lake Wartook. The analysis identified grinding stones, greenstone axes , microlithic flakes and a dominance of quartz. Interpretations of the study indicate the area was used for general campsite activites, rather than specialised uses. This sample came from a stone hearth found in association with the artefact scatters. This sample came from the same site as Beta-135851.",c14,,4040,,,,AUSTRALIA
12641,Victoria Bonaparte,129.15,-15.18,Granilpi K10 crust,Rock engraving/art  coatings,CAMS-44348,4220,50,,,Oxalate Carbon Crust,Other,Layer 4,N/A,Radiocarbon,,Terrestrial,Closed,Y,Watchman et al. 2000a,Samples from oxcalate coating overlying cupules.,c14,,4220,,,,AUSTRALIA
12642,Victoria Bonaparte,129.15,-15.18,Granilpi K10 crust,Rock engraving/art  coatings,CAMS-44349,4560,50,,,Oxalate Carbon Crust,Other,Layer 5 (base),N/A,Radiocarbon,,Terrestrial,Closed,Y,Watchman et al. 2000a,Samples from oxcalate coating overlying cupules.,c14,,4560,,,,AUSTRALIA
10259,Victoria Volcanic Plain,141.82,-38.07,Muldoons Trap Complex (Lake Condah),Fish Trap,OZL-759,5095,50,-10,0.1,Carbonised plant material,Charcoal,"Sq. B, XU 9a, sample 2",18.6-21.4,Radiocarbon,,Terrestrial,Open,Y,"McNiven et al., 2012","A detailed investigation of a fish trap on the edge of Lake Condah. One area of the fish trap, F10, was excavated in detail with 15 AMS radiocarbon dates being recovered from infilled material. Bone, charcoal and artefacts were also recovered from the sediments and indicate broadly increasing densities in more recent periods. The radiocarbon dates indicate that the fish traps were primarily used during two periods - between 0.19 - 1.37ka and 5.4 - 8.88ka. There is also evidence of a wall building phase around 0.6-0.8ka. Interpretations suggest a focus on the resources associated with higher lake levels in the mid Holocene climatic optimum and the more recent late Holocene, with a hiatus occurring during periods of intense ENSO (4-2ka).",c14,,5095,,,,AUSTRALIA
10261,Victoria Volcanic Plain,141.82,-38.07,Muldoons Trap Complex (Lake Condah),Fish Trap,OZL-760,5870,50,-23.7,0.1,Carbonised wood,Charcoal,"Sq. B, XU 12a, sample 2",27.3-31.2,Radiocarbon,,Terrestrial,Open,Y,"McNiven et al., 2012","A detailed investigation of a fish trap on the edge of Lake Condah. One area of the fish trap, F10, was excavated in detail with 15 AMS radiocarbon dates being recovered from infilled material. Bone, charcoal and artefacts were also recovered from the sediments and indicate broadly increasing densities in more recent periods. The radiocarbon dates indicate that the fish traps were primarily used during two periods - between 0.19 - 1.37ka and 5.4 - 8.88ka. There is also evidence of a wall building phase around 0.6-0.8ka. Interpretations suggest a focus on the resources associated with higher lake levels in the mid Holocene climatic optimum and the more recent late Holocene, with a hiatus occurring during periods of intense ENSO (4-2ka).",c14,,5870,,,,AUSTRALIA
14387,Victoria Midlands,142.67,-37.3,Drual DR/1 Grampians,Rockshelter,Beta-93350,7500,50,,,Charcoal,Charcoal,"Sq. C3, spit 10B (AHU-55)",,Radiocarbon,,Terrestrial,Closed,Y,Bird et al. 1998,"A very large rockshelter located in the Grampians that contains both red and white paintings. Four 1 x 1 sq. m were excavated and revealed deposits up to 70 cm deep. The sequence could be divided into two units. The upper unit comprises of several layers of sandy sediments, which are rich in organic material, including charcoal and plant fragments. Hearths and burrows were also evident. Lower unit retains less organic material. Stone artefacts were found throughout. One date was previously found in the upper part of the site (SUA-535).",c14,,7500,Information within this entry has been inferred by authors - see Notes,,,AUSTRALIA
10509,Sydney Basin,151.25,-33.98,Prince of Wales (Feature 203),Hearth,Beta-87211,7860,50,-27.1,0,Charcoal,Charcoal,,,Radiocarbon,,Terrestrial,Open,Y,"Austral/Godden Mackay, 1997","A sample of charcoal recovered from a hearthstone within a hearth feature identified and salvaged as part of the development works at the former Prince of Wales hospital site in Randwick. The site, a former asylum and hospital, was being investigated prior to residential development. The site is situated on white aeolian coastal dune sands near Coogee Bay; the dune was TL dated to 30-40ka. Analysis of lipids on the hearthstone indicated use for an aquatic meal - possibly a freshwater fish. A dispersed artefact scatter and sandstone manuports were also recovered. The date compares well with a TL date of the same hearthstone.",c14,,7860,,,,AUSTRALIA
10460,Murray Darling Depression,141.5,-32.3,Rantyga Creek,Hearth,Wk-10832,959,51,,,Charcoal from hearth,Charcoal,,,Radiocarbon,,Terrestrial,Open,Y,Shiner 2006,,c14,,959,,,,AUSTRALIA
12496,Victoria Volcanic Plain,144.83,-37.73,Keilor,Open site,NZ-1326,6772,51,,,Bone carbonate,Bone,,,Radiocarbon,,Terrestrial,Open,Y,"Gill, unpub. cit. Godfrey et al., 1996",A sample referenced as part of a compilation of Victorian radiocarbon dates. This sample comes from a human femur. It is a revised NZ date. This sample cames from the same bone as NZ-1327.,c14,,6772,,,,AUSTRALIA
12419,Sydney Basin,151.01,-33.82,RTA-G1 (#45-6-2673),Open site,Wk-17433,8206,51,,,Charcoal,Charcoal,"Sq. 36E, 56N",24,Radiocarbon,,Terrestrial,Open,Y,"Jo McDonald Cultural Heritage Management Pty Ltd, 2005a","A large salvage excavation of a deep sand body at 109-113 George Street, Parramatta. Some 122 sq. m of the site were hand excavated to depths of >80 cm. Some 4,775 artefacts were recovered in a bimodal distribution. In the upper 20 cm, glossy and heat -treated silcrete material was recovered. In the lower deposits, and mainly between 40-60cm, a dense layer of pre-Bondaian/Capertian artefacts were found primarily composed of silified tuff. The assemblage was dominated by debitage and manuport. Current dating of this site indicates it is one of the earliest in the Sydney Basin. This sample was found in association with an undisturbed large mulit-functional cobble anvil-hamer-core, as well as other manuport stone.",c14,,8206,,,,AUSTRALIA
10449,Murray Darling Depression,141.5,-32.3,Pine Creek,Hearth,Wk-12324,516,52,,,Charcoal from hearth,Charcoal,,,Radiocarbon,,Terrestrial,Open,Y,Shiner 2006,,c14,,516,,,,AUSTRALIA
10452,Murray Darling Depression,141.5,-32.3,Pine Creek,Hearth,Wk-10280,910,52,,,Charcoal from hearth,Charcoal,,,Radiocarbon,,Terrestrial,Open,Y,Shiner 2006,,c14,,910,,,,AUSTRALIA
10456,Murray Darling Depression,141.5,-32.3,Pine Creek,Hearth,Wk-10281,1653,52,,,Charcoal from hearth,Charcoal,,,Radiocarbon,,Terrestrial,Open,Y,Shiner 2006,,c14,,1653,,,,AUSTRALIA
10298,Broken Hill Complex,141.6,-31.3,Fowlers Gap (ND8),Hearth,Wk-9337,357,53,,,Charcoal,Charcoal,Hearth,,Radiocarbon,,Terrestrial,Open,Y,Fanning et al. 2007,A precursor study to Holdaway et al 2008. Similar findings,c14,,357,,,,AUSTRALIA
11340,Sydney Basin,151.151,-34.084,"96-98 Loftus Street, Bundeena",Midden,Wk-22762,3662,53,-25.8,0.2,Charcoal,Charcoal,"C15, spit 4, sample 2",45,Radiocarbon,,Terrestrial,Open,Y,"Mary Dallas Consulting Archaeologist, 2008","Site recorded as DECCW number #52-3-1224. Site was a disturbed shallow midden deposit overlying, and occurring within cracks of, a sandstone platform. It was salvaged as part of a development and recovered 1645 artefacts primarily of silcrete and faunal remains of small mammals, birds, fish and shell. All dates were basal and were found in association with artefacts.",c14,,3662,,,,AUSTRALIA
10304,Channel Country,141.13,-23.77,Diamantina River Hearths,Hearth,Wk-10457,398,54,,,Charcoal from hearth,Charcoal,GH/H/1,,Radiocarbon,,Terrestrial,Open,Y,Simmons 2002,Simmons (2007:107) reports as ?56,c14,,398,,,,AUSTRALIA
10347,Desert Uplands,143.1514,-20.7369,Richmond Hearth 19,Hearth,Wk-11711,650,54,,,Charcoal,Charcoal,,,Radiocarbon,,Terrestrial,Open,Y,Wallis et al. 2004,,c14,,650,,,,AUSTRALIA
12418,Sydney Basin,151.01,-33.82,RTA-G1 (#45-6-2673),Open site,Wk-17434,6078,54,,,Charcoal,Charcoal,"Sq. 56E , 57N",20,Radiocarbon,,Terrestrial,Open,Y,"Jo McDonald Cultural Heritage Management Pty Ltd, 2005a","A large salvage excavation of a deep sand body at 109-113 George Street, Parramatta. Some 122 sq. m of the site were hand excavated to depths of >80 cm. Some 4,775 artefacts were recovered in a bimodal distribution. In the upper 20 cm, glossy and heat -treated silcrete material was recovered. In the lower deposits, and mainly between 40-60cm, a dense layer of pre-Bondaian/Capertian artefacts were found primarily composed of silified tuff. The assemblage was dominated by debitage and manuport. Current dating of this site indicates it is one of the earliest in the Sydney Basin. This sample was taken from just above the peak occupation (spit 2) in this area. Artefacts surrounding this date were primarily composed of silicified tuff.",c14,,6078,,,,AUSTRALIA
10311,Channel Country,142.3,-29.41,Stud Creek,Hearth,Wk-6632,220,55,-22.5,0.2,Charcoal from hearth,Charcoal,H98-75,,Radiocarbon,,Terrestrial,Open,Y,Holdaway et al. 2002,,c14,,220,,,,AUSTRALIA
11077,South East Coastal Plain,141.19,-38.51,Stinker Bay,Midden,Beta-7062,280,55,,,Charcoal,Charcoal,,,Radiocarbon,,Terrestrial,Open,Y,"Gaughwin & Brennan, 1986","A shallow midden overlain by a clay cap. This date comes from the lowest midden deposits and is comparable with Beta-7061. Midden contains bones, shellfish and stone artefacts. Limpets dominate the shell and 10 artefacts from flint were also recovered.",c14,,280,,,,AUSTRALIA
10448,Murray Darling Depression,141.5,-32.3,Pine Creek,Hearth,Wk-12323,481,55,,,Charcoal from hearth,Charcoal,,,Radiocarbon,,Terrestrial,Open,Y,Shiner 2006,,c14,,481,,,,AUSTRALIA
10320,Channel Country,142.3,-29.41,Stud Creek,Hearth,Wk-6624,720,55,-23.3,0.2,Charcoal from hearth,Charcoal,H98-32,,Radiocarbon,,Terrestrial,Open,Y,Holdaway et al. 2002,,c14,,720,,,,AUSTRALIA
13982,Sydney Basin,151.09,-34.05,Gymea Bay,Rockshelter,NSW-6,1220,55,,,Charcoal,Charcoal,,,Radiocarbon,,Terrestrial,Closed,Y,"Lampert, 1971, Megaw, 1968","Part of a wider discussion in Bondaian technology. Refers to this date being near basal deposits of a rockshelter. The deposit contained 55 fabricators, rather than elouera's. Sample from a disturbed midden retaining two female inhumations.",c14,,1220,,,,AUSTRALIA
13489,Nandewar,150.93,-29.47,Graman Area B Site 4,Rockshelter,ANU-55,2050,55,,,Charcoal,Charcoal,"Tr. 1, level I","6.5""",Radiocarbon,,Terrestrial,Closed,Y,"Polach et al. 1968, McBryde, 1974","One of a complex of sites along Ottley Creek investigated by McBryde (1974). The site retained two main levels dating to between c. 2000 - 4000 BP. This samples was associated with industry of backed blades and bone artefacts. Agrees with Gak-1189, which while lower in the rockshelter, is higher in the level I deposit.",c14,,2050,,,,AUSTRALIA
12649,Victoria Bonaparte,129.2,-15.4,Jinmium KR 1 crust,Rock engraving/art  coatings,OxA-7368,3525,55,,,Oxalate Carbon Crust,Other,Layer 1,N/A,Radiocarbon,,Terrestrial,Closed,Y,Watchman et al. 2000a,Samples from oxcalate coating overlying cupules.,c14,,3525,,,,AUSTRALIA
10843,Naracoorte Coastal Plain,141.38,-38.39,pre-SM A,Midden,UB-4370,10207,55,,,Charcoal,Charcoal,,07-Sep,Radiocarbon,,Terrestrial,Open,Y,Richards 2012,"Part of a widescale survey and excavation of surface shell scatters along the Cape Duquesne coast, Vic. The study demonstrated a littoral use of the area for 2.5 ka between 11 - 8.5 ka. Focus was on k-selected taxa and suggest small scale and seasonal use of the area. Excavations at SM A were undertaken of a 1 x 1 m test pit to a depth of 10 cm. Excavation recovered a dense layer of shell, charcoal and flaked stone. 7.5 kg or 650 (MNI) of shell dominated by eight taxa were collected. These were dominated by Turbo undulata (about 70%) followed by Cellana tramoserica (18%) and Austrocochlea concemerata (9%). This sample came from a charcoal rich sediment layer with manuports beneath the midden.",c14,,10207,,,,AUSTRALIA
10168,Darwin Coastal,130.8,-12.5,MP  (Middle Point) 6,Earth mound,Wk-6668,434,56,,,Bone,Bone,Spit 5,Oct-15,Radiocarbon,,Terrestrial,Open,Y,"Brockwell, 2006a, 2006b, 2009",Brockwell relates this to the early Freshwater environmental phase of the Adelaide River,c14,,434,Information within this entry has been inferred by authors - see Notes,,,AUSTRALIA
10306,Channel Country,141.13,-23.77,Diamantina River Hearths,Hearth,Wk-10455,659,56,,,Charcoal from hearth,Charcoal,PJ/HJ/137 (spit 2),,Radiocarbon,,Terrestrial,Open,Y,Simmons 2002,,c14,,659,,,,AUSTRALIA
14406,Victoria Midlands,142.39,-36.93,Ngamadjidi,Rockshelter,Wk-11186,996,56,,,Charcoal,Charcoal,"Pit 4, spit 4, layer 1",15-20,Radiocarbon,,Terrestrial,Closed,Y,"Gunn, 2003","The talus and edge of a rockshelter excavated during the installation of a protection fence. The rockshelter is on the northern edge of the Grampians. An excavation of two pits to a depth of c. 80 cm revealed three main stratigraphic units. Spits 4-9 revealed the majority of the 286 artefacts recovered from the excavation with a further peak at spit 13. These were all located below a rock layer feature. The number of artefacts (>3,000 when considering the whole deposit) represents the densent concentration of stone artefacts in any site in Gariwerd. Artefacts were almost exclusively quartz. Shelter was used until European times.",c14,,996,,,,AUSTRALIA
10455,Murray Darling Depression,141.5,-32.3,Pine Creek,Hearth,Wk-12321,1247,56,,,Charcoal from hearth,Charcoal,,,Radiocarbon,,Terrestrial,Open,Y,Shiner 2006,,c14,,1247,,,,AUSTRALIA
10169,Darwin Coastal,130.8,-12.5,MP  (Middle Point) 6,Earth mound,Wk-6669,1432,56,,,Bone,Bone,Spit 11,43-45,Radiocarbon,,Terrestrial,Open,Y,"Brockwell, 2006a, 2006b, 2009; Brockwell & Ackermann, 2007",Brockwell relates this to the early Freshwater environmental phase of the Adelaide River,c14,,1432,Information within this entry has been inferred by authors - see Notes,,,AUSTRALIA
10163,Darwin Coastal,130.9,-12.5,Djingurr 1,Earth mound,Wk-7171,197,57,,,Charcoal,Charcoal,Spit 8,,Radiocarbon,,Terrestrial,Open,Y,"Brockwell, 2006a, 2006b, 2009",,c14,,197,Information within this entry has been inferred by authors - see Notes,,,AUSTRALIA
11389,Tiwi Coburg,132.9,-11.22,Port Essington,Midden,ANU-62,550,57,,,Charcoal,Charcoal,Basal,45-55,Radiocarbon,,Terrestrial,Open,Y,"Polach et al, 1968",Charcoal from the base of shell midden adjacent English military settlement. European debris recovered from upper 10 - 15 cm.,c14,,550,,,,AUSTRALIA
10507,Sydney Basin,151.33,-32.82,OGC 1,Hearth,Wk-27731,1145,57,-25.3,0.2,Charcoal,Charcoal,"TP 27, spit 4",35,Radiocarbon,,Terrestrial,Open,Y,AN Williams unpub,Hearth associated with an artefact layer of 748 artefacs and 227 manuports within a creek source-bordering dune.,c14,,1145,,,,AUSTRALIA
10447,Murray Darling Depression,141.5,-32.3,Pine Creek,Hearth,Wk-12322,458,58,,,Charcoal from hearth,Charcoal,,,Radiocarbon,,Terrestrial,Open,Y,Shiner 2006,,c14,,458,,,,AUSTRALIA
10305,Channel Country,141.13,-23.77,Diamantina River Hearths,Hearth,Wk-10456,601,58,,,Charcoal from hearth,Charcoal,PJ/H/277,,Radiocarbon,,Terrestrial,Open,Y,Simmons 2002,,c14,,601,,,,AUSTRALIA
12463,Victoria Midlands,144.83,-37.73,Brimbank Park 1 (AAV 7822-0889),Open site,Wk-9533,12879,59,,,Charcoal,Charcoal,Spit 8,125,Radiocarbon,,Terrestrial,Open,Y,"Tunn, 2006","An open site in the vicinity of Green Gully and Keilor Terrace. The excavations of a 50 x 100 cm test pit to a depth of about 130 cm. The excavations revealed two stratigraphic units: layer 1, a mixture of dark brown silt and abundant organic material (0-30 cm); and layer 2, a fine dark brown silt (30-130 cm). The upper layer was sterile, although surface finds were recovered. The lower unit retained a flake in spit 5 (c. 60-80cm bsl) and a hearth cobbles and a piece of animal bone in spit 8 (c. 120-130 cm). This sample appeared to come from a hearth feature in association with the fragemented bone. Two OSL dates were also undertaken above and below the hearth feature and provided good correlation with the calibrated radiocarbon date (c. 16ka). The findings suggest a brief occupation of the river edge inter-mingled with rapid accumulation of the river terraces (that subsequently buried the hearth feature).",c14,,12879,,,,AUSTRALIA
10002,NSW North Coast,152.94,-29.7,Grafton Boomerang,Aboriginal artefact,GaK-1299,140,60,,,Wood,Wood/Plant Material,,,Radiocarbon,,Terrestrial,Open,Y,"McBrdye, 1974",Sample taken from a boomerang found in the gravel beds of Clarence River.,c14,,140,Information within this entry has been inferred by authors - see Notes,,,AUSTRALIA
10369,Murray Darling Depression,141.97,-35.75,Lake Albacutya 1,Hearth,Beta-54055,160,60,,,Freshwater mussel shell,Freshwater Shell,,,Radiocarbon,,Terrestrial,Open,Y,"Luebbers unpub. cit. Godfrey et al., 1996",A sample referred to as part of a wider review of Victorian radiocarbon dates. A hearth adjacent lake Albyacuta (freshwater) in western Victoria.,c14,,160,Information within this entry has been inferred by authors - see Notes,,,AUSTRALIA
10360,Flinders Lofty Block,138.08,-32.1,Partacoona,Hearth,ANU-656,170,60,-22,,Charcoal,Charcoal,,,Radiocarbon,,Terrestrial,Open,Y,"Barbetti & Polach, 1973","Hearth found in gully of bank of Kanyaka Creek. Date is weighted mean from two dates, ANU 656/1 (200 +/- 50) and ANU 656/2 (100 +/- 60)",c14,,170,,,,AUSTRALIA
12379,Sydney Basin,151.16,-32.51,GCC 7/8 (Camberwell),Open site,Beta-44524,200,60,,,Charcoal,Charcoal,,,Radiocarbon,,Terrestrial,Open,Y,"Koettig, 1992","This sample formed part of a larger salvage excavation of sites within the Camberwell mining lease area. Initial surveys identified 31 open artefact scatters, most small with  GCC19 and 20 being larger, and GCC27 having raw materials indicative of other Pleistocene finds in the area. The salvage identified a continuous unpatterned occupation along the Station creek and identified features including hearths, heat treatment areas, pits, an oven, stone knapping floors, and small artefact concentrations indicating specific activities. The sites were all dominated by mudstone and silcrete with lesser proportions of chert, quartz and volcanic materials. The technological analysis revealed six type of reduction, four of whic included the removal of a flake from a flake core body. Heat treatment of silcrete cores (but not mudstone) was common. Nineteen dates indicate that the occupation was constrained to the last few thosand years, despite earlier thoughts of a Pleistocene signal. Some difference between Bondaian assemblages east of Singleton and this site were noted.",c14,,200,,,,AUSTRALIA
10388,Murray Darling Depression,143.1,-33.5,Lake Garnpung (WCG-1),Hearth,ANU 654,220,60,,,Charcoal from hearth,Charcoal,,,Radiocarbon,,Terrestrial,Open,Y,"Barbetti 1973, Johnston & Clark, 1998",,c14,,220,,,,AUSTRALIA
10341,Desert Uplands,142.9185,-20.6609,Richmond Hearth 01/A2,Hearth,ANU-11898,240,60,,,Charcoal,Charcoal,,,Radiocarbon,,Terrestrial,Open,Y,Wallis et al. 2004,,c14,,240,,,,AUSTRALIA
10378,Murray Darling Depression,143,-33.7,Lake Arumpo (OA-12),Hearth,ANU 672,240,60,,,Charcoal from hearth,Charcoal,,,Radiocarbon,,Terrestrial,Open,Y,"Barbetti 1973, Johnston & Clark, 1998",,c14,,240,,,,AUSTRALIA
12380,Sydney Basin,151.16,-32.51,GCC 7/8 (Camberwell),Open site,Beta-39203,260,60,,,Charcoal,Charcoal,,,Radiocarbon,,Terrestrial,Open,Y,"Koettig, 1992","This sample formed part of a larger salvage excavation of sites within the Camberwell mining lease area. Initial surveys identified 31 open artefact scatters, most small with  GCC19 and 20 being larger, and GCC27 having raw materials indicative of other Pleistocene finds in the area. The salvage identified a continuous unpatterned occupation along the Station creek and identified features including hearths, heat treatment areas, pits, an oven, stone knapping floors, and small artefact concentrations indicating specific activities. The sites were all dominated by mudstone and silcrete with lesser proportions of chert, quartz and volcanic materials. The technological analysis revealed six type of reduction, four of whic included the removal of a flake from a flake core body. Heat treatment of silcrete cores (but not mudstone) was common. Nineteen dates indicate that the occupation was constrained to the last few thosand years, despite earlier thoughts of a Pleistocene signal. Some difference between Bondaian assemblages east of Singleton and this site were noted.",c14,,260,,,,AUSTRALIA
12571,Sydney Basin,151.02,-32.47,Narama (Site 30),Open site (hearth),Beta-48521,260,60,,,Charcoal,Charcoal,,,Radiocarbon,,Terrestrial,Open,Y,"Rich, 1992","A large salvage excavation of a section of Bayswater Creek prior to the Narama coal mine being developed. Overall, the excavations recovered some 10,000 artefacts predominantly found on terraces surrounding the creek (and to a lesser extent nearby hillslopes). The assemblage was dominated by indurated mudstone and silcrete and contained numerous backed blades and retouched pieces. The sites are no longer present. A survey of site 30 revealed the remnants of a hearth in the section of a gully. This sample was taken from charcoal and hearthstones found out of situ in the gully beneath the hearth. In the vicinity of the hearth, about 200 artefacts indicative of backed blade production and dominated by silcrete were collected. This lab code may be erroneous, Rich refers to this lab code for two different dates in this report (the other is at Site 48).",c14,,260,Information within this entry has been inferred by authors - see Notes,,,AUSTRALIA
10568,Arnhem Coast,134.7,-12,Jilan-gajerra,Midden,ANU-2022,270,60,,,Charcoal,Charcoal,,,Radiocarbon,,Terrestrial,Open,Y,"Brockwell et al., 2009",Lab code also relates to another date from this site. It is unclear which one has been assigned the correct code.,c14,,270,Information within this entry has been inferred by authors - see Notes,,,AUSTRALIA
12381,Sydney Basin,151.16,-32.51,GCC 7/8 (Camberwell),Open site,Beta-39206,270,60,,,Charcoal,Charcoal,,,Radiocarbon,,Terrestrial,Open,Y,"Koettig, 1992","This sample formed part of a larger salvage excavation of sites within the Camberwell mining lease area. Initial surveys identified 31 open artefact scatters, most small with  GCC19 and 20 being larger, and GCC27 having raw materials indicative of other Pleistocene finds in the area. The salvage identified a continuous unpatterned occupation along the Station creek and identified features including hearths, heat treatment areas, pits, an oven, stone knapping floors, and small artefact concentrations indicating specific activities. The sites were all dominated by mudstone and silcrete with lesser proportions of chert, quartz and volcanic materials. The technological analysis revealed six type of reduction, four of whic included the removal of a flake from a flake core body. Heat treatment of silcrete cores (but not mudstone) was common. Nineteen dates indicate that the occupation was constrained to the last few thosand years, despite earlier thoughts of a Pleistocene signal. Some difference between Bondaian assemblages east of Singleton and this site were noted.",c14,,270,,,,AUSTRALIA
13508,Naracoorte Coastal Plain,140.69,-38.05,Koongine Cave,Rockshelter,Beta-21544,290,60,,,Charcoal,Charcoal,J12-11(20),,Radiocarbon,,Terrestrial,Closed,Y,"Frankel, 1988 cit. Bird & Frankel, 1991","Referred to in a  study (Bird & Frankel, 1991) using radiometric dates of southwest Victoria as a proxy for occupation/activity. The paper concludes that late Holocene intensification, at least from a social perspective perspective, was not the case. However, the paper does show increasing numbers of dates (n=80) in the late Holocene. Interesting features of the study include an apparent hiatus between 6-7ka and the appearance of earth mounds only in the last 2.5ka. This sample was taken from the 'upper occupation'.",c14,,290,,,,AUSTRALIA
10220,Victoria Midlands,142.86,-37.33,Morass Mound 33,Earth mound,ANU-4322,300,60,,,Charcoal,Charcoal,"Pit C, base of mound",,Radiocarbon,,Terrestrial,Open,Y,"Lourandos and Williams various cit. Attenbrow, 2004; Williams, 1985 cit. Bird & Frankel, 1991","A study (Bird & Frankel, 1991) using radiometric dates of southwest Victoria as a proxy for occupation/activity. The paper concludes that late Holocene intensification, at least from a social perspective perspective, was not the case. However, the paper does show increasing numbers of dates (n=80) in the late Holocene. Interesting features of the study include an apparent hiatus between 6-7ka and the appearance of earth mounds only in the last 2.5ka. Earth mounds have several different interpretations, including house foundations and/or a byproduct of repeated visitation and cooking and/or through collapse of sod/turf structures. This sample dates the base of the mound.",c14,,300,Information within this entry has been inferred by authors - see Notes,,,AUSTRALIA
10343,Desert Uplands,143.1069,-20.6857,Richmond Hearth 10/A1,Hearth,ANU-11899,330,60,,,Charcoal,Charcoal,,,Radiocarbon,,Terrestrial,Open,Y,Wallis et al. 2004,,c14,,330,,,,AUSTRALIA
10230,Victoria Volcanic Plain,142.65,-37.86,Chatsworth 1,Earth mound,SUA-1924,340,60,,,Charcoal,Charcoal,,,Radiocarbon,,Terrestrial,Open,Y,"VAS, n.d., cit. Bird & Frankel, 1991","A study (Bird & Frankel, 1991) using radiometric dates of southwest Victoria as a proxy for occupation/activity. The paper concludes that late Holocene intensification, at least from a social perspective perspective, was not the case. However, the paper does show increasing numbers of dates (n=80) in the late Holocene. Interesting features of the study include an apparent hiatus between 6-7ka and the appearance of earth mounds only in the last 2.5ka. Earth mounds have several different interpretations, including house foundations and/or a byproduct of repeated visitation and cooking and/or through collapse of sod/turf structures.",c14,,340,,,,AUSTRALIA
12382,Sydney Basin,151.16,-32.51,GCC 7/8 (Camberwell),Open site,Beta-44525,340,60,,,Charcoal,Charcoal,,,Radiocarbon,,Terrestrial,Open,Y,"Koettig, 1992","This sample formed part of a larger salvage excavation of sites within the Camberwell mining lease area. Initial surveys identified 31 open artefact scatters, most small with  GCC19 and 20 being larger, and GCC27 having raw materials indicative of other Pleistocene finds in the area. The salvage identified a continuous unpatterned occupation along the Station creek and identified features including hearths, heat treatment areas, pits, an oven, stone knapping floors, and small artefact concentrations indicating specific activities. The sites were all dominated by mudstone and silcrete with lesser proportions of chert, quartz and volcanic materials. The technological analysis revealed six type of reduction, four of whic included the removal of a flake from a flake core body. Heat treatment of silcrete cores (but not mudstone) was common. Nineteen dates indicate that the occupation was constrained to the last few thosand years, despite earlier thoughts of a Pleistocene signal. Some difference between Bondaian assemblages east of Singleton and this site were noted.",c14,,340,,,,AUSTRALIA
13623,Ord Victoria Plain,126,-18.74,Japi,Rockshelter,Wk-7604,340,60,,,Charcoal from hearth,Charcoal,Excavation unit 5,20,Radiocarbon,,Terrestrial,Closed,Y,"Balme, 2000","Spit 5 marks the beginning of a steady increase in artefact discard, peaking at spit 3 with >1200 artefacts then declining to spit 1.",c14,,340,,,,AUSTRALIA
13574,NSW North Coast,152.91,-29.59,Seelands,Rockshelter,V-26,351,60,,,Charcoal,Charcoal,"Trench 2(d), II","6-9""",Radiocarbon,,Terrestrial,Closed,Y,"Bermingham, 1966; McBryde, 1966","An extensive study of the rockshleter including four trenches across various parts of the site. Radiocarbon dating and analysis done on each of the trenches, with later compilation in McBryde 1874. A compilation of all these trenches revealed a uniface pebble industry in levels, IV, V and VI composed primarily indurated mudstone, siltstone and greywacke (all available from the nearby Clarence River). These lower depths retained very few artefacts between c. 2000 - 5000 BP. Level IIIA and IV similarly contains greywacke uniface pebbles, but also the appearanance of blade tools,  geometric microliths and ground-edged tools (c. 2000 BP). Level IV also contains bone artefacts, which gain in importance in levels II and III. Levels I, II and III dominated by small tool tradition.. Same stratigraphic level as V-10. Uniface pebble tools, blade tools and bone implements all present in this unit.",c14,,351,,,,AUSTRALIA
11078,South East Coastal Plain,141.29,-38.21,"Sutton's Rocks Survey Area, Site 13, Midden 1",Midden,Wk-411,360,60,,,Charcoal,Charcoal,,,Radiocarbon,,Terrestrial,Open,Y,"Godfrey, 1989","This date comes from the a survey of Discovery Coastal Park on the border of VIC/SA. The survey identified over 1000 middens dated primarily between b490 and 3860 BP, and were dominated by Donax sp. and Brachidontes sp (lesser representations of Mytilus and Ostrea sp. were also present).",c14,,360,,,,AUSTRALIA
14780,Sydney Basin,150.42,-35.37,Burrill Shelter 2,Rockshelter with midden deposits,ANU-8421,360,60,,,Charcoal from hearth,Charcoal,"Sq. 1, spit 3",,Radiocarbon,,Terrestrial,Closed,Y,"Boot 1993, 1994","Midden deposit dominated by Trichomya hirsuta (hairy mussel) and fish bones, with Anadara trapezia and few artefacts also present. Midden extends through spits 1 to 6 with a focus on 3. Spits 7-9 contain few stone artefacts and charcoal, but no shell.",c14,,360,,,,AUSTRALIA
10499,Sydney Basin,150.93,-33.69,CH2 (Parklea PK/CD1+2 and 4+6),Hearth,Wk-4534,370,60,,,Charcoal,Charcoal,,,Radiocarbon,,Terrestrial,Open,Y,"Balme et al., 2001","A detailed study of several charcoal features located within the the Parklea development. The study included shape, artefact content, type of wood burnt, TL analysis of burnt clay and other analysis to identify whether the eight features investigated were Aboriginal hearths. Ultimately, seven of the eight features were considered possible hearths with CH 8 believed to be a tree stump.",c14,,370,,,,AUSTRALIA
13816,South Eastern Highlands,148.89,-35.49,"Hanging Rock, Tidbinbilla",Rockshelter,ANU-1047,370,60,,,Charcoal,Charcoal,,50,Radiocarbon,,Terrestrial,Closed,Y,"Flood, 1980","The basal date from a 50 cm deposit within Hanging Rock RS at Tidbinbilla. This date was associated with backed blades, which subsequently declined and was followed by an increase in quartz bipolar and scaled pieces.",c14,,370,,,,AUSTRALIA
10164,Darwin Coastal,130.9,-12.5,Djingurr 1,Earth mound,Wk-7431,400,60,,,Charcoal,Charcoal,Spit 8,,Radiocarbon,,Terrestrial,Open,Y,"Brockwell, 2006a, 2006b, 2009","Referred to in Brockwell et al., 2009 as Djingur '2', not '1'. This age of this date actually relates to Wk-7431 in Brockwell et al., 2009.",c14,,400,Information within this entry has been inferred by authors - see Notes,,,AUSTRALIA
11987,Murray Darling Depression,139.63,-34.31,Roonka Flat Dune,Open site,ANU-4038B,410,60,,,Human bone collagen,Bone,RA 80,75-84,Radiocarbon,,Terrestrial,Open,Y,"Pate et al., 1998","A follow-up study of the Roonka Flat burial ground. Pate indicates that some 147 burials had been recovered primarily from Trench A. The trench was 30 x 15 m in size and reached depths of 6-7 m. Most of the burials were constrained to the upper 2 m. The data indicates that the area was used exclusively for burials between 10 - 7 ka before other camp activities occurred concurrently with the burials after 7 ka. The paper concludes that most burials occurred through the late Holocene after 6 ka. This date was taken from skeleton RA 80, a flexed burial.",c14,,410,,,,AUSTRALIA
13991,Sydney Basin,150.28,-35.17,Kangaroo Hill 4,Rockshelter,ANU-8436,420,60,,,Scattered charcoal,Charcoal,"Sq. 1, spit 1",,Radiocarbon,,Terrestrial,Closed,Y,"Boot, 1994",Shallow deposit within rockshelter. This date relates to a thin band of occupation running through the site.,c14,,420,,,,AUSTRALIA
11069,South East Coastal Plain,145.01,-37.96,Red Bluff,Midden,ANU-4979,450,60,,,Charcoal,Charcoal,,,Radiocarbon,,Terrestrial,Open,Y,"Hotchin 1990 cit. Boot, 2002",Basal date of site.,c14,,450,Information within this entry has been inferred by authors - see Notes,,,AUSTRALIA
11242,Sydney Basin,151.12,-34.02,Boat Harbour BH 1,Midden,ANU-896,470,60,,,Charcoal,Charcoal,Upper layer,,Radiocarbon,,Terrestrial,Closed,Y,"Dickson, 1971","Excavation of a disturbed midden on the Kurnell Peninsula to further explore the presence of fish hooks in this area. Excavation occurred on an exposed vertical face and identified a 1m deep interspersed shell midden deposits and sterile sand beneath 1 m of modern sand. The midden was dominated by Ninella sp and Cymatilesta sp. shell in the upper units and pipi and cockles in the lower unit. Bird, mammal and fish bone were also present. Several fish hooks and fish hook files were recovered from the upper layers and bi-points/bone points from the lower units. Stone artefacts were only found in small numbers and dominated by quartz.",c14,,470,Information within this entry has been inferred by authors - see Notes,,,AUSTRALIA
10117,South East Corner,150.22,-35.72,Clyde River,Burial,ANU-8228B,530,60,,,Charcoal,Charcoal,,,Radiocarbon,,Terrestrial,Open,Y,"Pardoe, n.d. cit. Boot, 2002",Aboriginal burial exposed by high seas at Batemans Bay. Remains an incomplete skeleton of a young person in a primary flexed position in a pit dug into shelly marine beach deposits. Material dates is unknown.,c14,,530,Information within this entry has been inferred by authors - see Notes,,,AUSTRALIA
12720,Australian Alps,148.95,-35.72,Yankee Hat 2,Rockshelter,ANU-1048,550,60,,,Charcoal,Charcoal,"Sq. C, spit 8",,Radiocarbon,,Terrestrial,Closed,Y,"Flood, 1980","A granite rockshelter in the Australian Alps. Similar technological changes to Sassafras, namely backed blades (dominated by chert) succeeded by scaled pieces primarily of quartz. This date was the basal age of the site, which was only 50 cm in depth. While not stated this date may be erroneous, since ANU-1051 is found higher in the sequence, but is older.",c14,,550,Information within this entry has been inferred by authors - see Notes,,,AUSTRALIA
10315,Channel Country,142.3,-29.41,Stud Creek,Hearth,Wk-5127,580,60,-23.2,0.2,Charcoal from hearth,Charcoal,H98-12,,Radiocarbon,,Terrestrial,Open,Y,Holdaway et al. 2002,,c14,,580,,,,AUSTRALIA
10972,Riverina,146.36,-36.39,Mooroopna Common 4,Midden,Beta-75517,590,60,,,Freshwater mussel shell,Freshwater Shell,Spit 2,05-Jul,Radiocarbon,,Terrestrial,Open,Y,Aboriginal Affairs Victoria cit. Godfrey et al. 1996,A sample referred to as part of a wider review of Victorian radiocarbon dates. This sample comes from a midden on the banks of the Goulbourn River near Mooroopna. No further contextual information provided.,c14,,590,Information within this entry has been inferred by authors - see Notes,,,AUSTRALIA
12373,Sydney Basin,151.16,-32.51,GCC 28/29 (Camberwell),Open site,Beta-39208,600,60,,,Charcoal,Charcoal,,,Radiocarbon,,Terrestrial,Open,Y,"Koettig, 1992","This sample formed part of a larger salvage excavation of sites within the Camberwell mining lease area. Initial surveys identified 31 open artefact scatters, most small with  GCC19 and 20 being larger, and GCC27 having raw materials indicative of other Pleistocene finds in the area. The salvage identified a continuous unpatterned occupation along the Station creek and identified features including hearths, heat treatment areas, pits, an oven, stone knapping floors, and small artefact concentrations indicating specific activities. The sites were all dominated by mudstone and silcrete with lesser proportions of chert, quartz and volcanic materials. The technological analysis revealed six type of reduction, four of whic included the removal of a flake from a flake core body. Heat treatment of silcrete cores (but not mudstone) was common. Nineteen dates indicate that the occupation was constrained to the last few thosand years, despite earlier thoughts of a Pleistocene signal. Some difference between Bondaian assemblages east of Singleton and this site were noted.",c14,,600,,,,AUSTRALIA
10167,Darwin Coastal,130.8,-12.5,MP  (Middle Point) 5,Earth mound,Wk-7400,630,60,,,Charcoal,Charcoal,Spit 11,36-41,Radiocarbon,,Terrestrial,Open,Y,"Brockwell, 2006a, 2006b, 2009; Brockwell & Ackermann, 2007",Brockwell relates this to the early Freshwater environmental phase of the Adelaide River,c14,,630,Information within this entry has been inferred by authors - see Notes,,,AUSTRALIA
12573,Sydney Basin,151.02,-32.47,Narama (Site 48),Open site (hearth),Beta-48520,700,60,,,Charcoal,Charcoal,Sq. KKLL12,5,Radiocarbon,,Terrestrial,Open,Y,"Rich, 1992","A large salvage excavation of a section of Bayswater Creek prior to the Narama coal mine being developed. Overall, the excavations recovered some 10,000 artefacts predominantly found on terraces surrounding the creek (and to a lesser extent nearby hillslopes). Reference is made to an earlier survey in this area that recovered a tula slug.  These sites are no longer present. The excavations of site 48 revealed a large pit, believed to be a hearth, which contained some 2,500 artefacts dominated by pink silcrete. The hearth appeared to cut into an existing artefact layer within the soil profile (also dominated by pink silcrete).  The assemblage was dominated by indurated mudstone and silcrete and contained numerous backed blades and retouched pieces.  Dates the same feature as Beta-48521 at Site 48",c14,,700,,,,AUSTRALIA
11658,Cape York Peninsula,142.3329,-10.1912,St Pauls Beach Midden,Open site,Beta-13482,760,60,,,Charcoal,Charcoal,,12,Radiocarbon,,Terrestrial,Open,Y,Ghaleb 1990,,c14,,760,,,,AUSTRALIA
10592,Arnhem Coast,134.8,-12,"Site 19, Port Bremer",Midden,Beta-56975,800,60,,,Charcoal,Charcoal,,150-200,Radiocarbon,,Terrestrial,Open,Y,"Brockwell et al., 2009",,c14,,800,Information within this entry has been inferred by authors - see Notes,,,AUSTRALIA
10346,Desert Uplands,143.1522,-20.7416,Richmond Hearth 18/B2,Hearth,ANU-11907,870,60,,,Charcoal,Charcoal,,,Radiocarbon,,Terrestrial,Open,Y,Wallis et al. 2004,,c14,,870,,,,AUSTRALIA
13906,Sydney Basin,150.2,-35.11,Bobs Cave,Rockshelter,ANU-8979,900,60,,,Charcoal from hearth,Charcoal,"Sq. 1, spit 3",,Radiocarbon,,Terrestrial,Closed,Y,"Boot, 1994","Large sandstone shelter south of Sassfras. Excavations of 4 x 1 m trench to a depth of 1 m dug near the back wall. Boot identifies five periods of high artefact discard: 11,000 - 10,000; 6,000 - 5,000; 4,000 - 3,500; 2,500 - 2000; and 500 BP. This sample datesUpper levels of site retained majority of occupation including backed blades and bipolar flakes (spits 3-7). Lower levels (spits 15 and 16) retained large artefacts from volcanic pebbles and silcrete primary flakes. Compares well with other sites in the region.",c14,,900,,,,AUSTRALIA
11257,Sydney Basin,150.55,-35.18,Cemetery Point,Midden,SUA-262C,910,60,,,Charcoal,Charcoal,CP1B/22,148,Radiocarbon,,Terrestrial,Open,Y,"Collier, 1975 cit. Boot, 2002; Gillespie, 1977",Boot (2002) identifies this date as 1030 +/-100. Date take from above lowest archaeological deposits. Part of a coupled marine-charcoal calibration at this site.,c14,,910,,,,AUSTRALIA
11198,Southern East Queensland,153.0382,-27.1404,Saint-Smith Midden,Midden,Wk-3423,930,60,,,Charcoal,Charcoal,,80-85,Radiocarbon,,Terrestrial,Open,Y,Hall 1995,Hall (1995:13) & Ulm & Hall (1996:61) report as 960 using 5730 half-life,c14,,930,,,,AUSTRALIA
14302,Victoria Bonaparte,129.16,-15.43,Jinmium Rockshelter,Rockshelter,Beta-81816,950,60,,,Charcoal,Charcoal,C1/I/15,120,Radiocarbon,,Terrestrial,Closed,Y,"Roberts, et al., 1998",,c14,,950,,,,AUSTRALIA
11196,Southern East Queensland,153.3578,-27.4923,Lazaret Midden,Midden,Beta-98031,970,60,,,Charcoal,Charcoal,,27,Radiocarbon,,Terrestrial,Open,Y,Ross & Coghill 1996,,c14,,970,,,,AUSTRALIA
10303,Broken Hill Complex,141.7,-31.11,"Sandy Creek, Fowlers Gap",Hearth,Wk-4102,980,60,,,Charcoal,Charcoal,Cooking Pit,,Radiocarbon,,Terrestrial,Open,Y,"Fanning, 1999",,c14,,980,,,,AUSTRALIA
12141,Southern East Queensland,152.9149,-25.366,Booral Shell Mound,Open site,Beta-37394,980,60,,,Charcoal,Charcoal,,9.5,Radiocarbon,,Terrestrial,Open,Y,Frankland 1990,,c14,,980,,,,AUSTRALIA
10720,King,145.1,-40.8,Little Duck Bay,Midden,ANU-1778,1000,60,,,Charcoal,Charcoal,,,Radiocarbon,,Terrestrial,Open,Y,"Bowdler, 1979 cit. Stockton, 1981",This sample is referred to in a review paper of Tasmanian radiocarbon dates by Stockton 1981. Limited contextual information is provided. This sample comes from a midden.,c14,,1000,Information within this entry has been inferred by authors - see Notes,,,AUSTRALIA
13753,Pilbara (inland),117.82,-23.31,Paraburdoo CME-A-18 rockshelter,Rockshelter,Wk-8001,1000,60,,,Spinifex resin,Wood/Plant Material,Surface,,Radiocarbon,,Terrestrial,Closed,Y,Veitch et al. 2005,,c14,,1000,,,,AUSTRALIA
13810,South Eastern Highlands,148.92,-35.45,Bogong Shelter,Rockshelter,ANU-1050,1000,60,,,Charcoal,Charcoal,,,Radiocarbon,,Terrestrial,Closed,Y,"Flood, 1980",One of the highest shelters dug by Flood at 1433 m. A site dedicated to the collection and preparation of Bogong moths. This sample was found in association with a moth pestle and provides an indication of when the activity began.,c14,,1000,,,,AUSTRALIA
10194,Riverina,143.38,-35.17,DP/5,Earth mound,SUA-1929,1030,60,,,Charcoal,Charcoal,"Sq. 110/103, spit 11",,Radiocarbon,,Terrestrial,Open,,Aboriginal Affairs Victoria cit. Godfrey et al. 1996,A sample referred to as part of a large-scale compilation of radiocarbon dates in Victoria. This sample comes from an earth mound on the Murray River near Swan Hill. It may relate to work by Coutts (1979).,c14,,1030,,,,AUSTRALIA
14303,Victoria Bonaparte,129.16,-15.43,Jinmium Rockshelter,Rockshelter,Wk-7691,1050,60,,,Seed Fragment,Wood/Plant Material,C1/III  Spit 10B,33-39,Radiocarbon,,Terrestrial,Closed,Y,"Atchison et. al., 2005",Sample relates to a fruit seed processing study and directly relates to the human activity,c14,,1050,,,,AUSTRALIA
12402,Sydney Basin,150.93,-33.69,PK/CD 1+2,Open site,Beta-66451,1070,60,,,Charcoal,Charcoal,S16-A100,16-19,Radiocarbon,,Terrestrial,Open,Y,"McDonald et al., 1994",Sample taken from a wider investigation of the Rouse Hill Infrastructure Project in western Sydney. Date taken from a heat treatment pit,c14,,1070,,,,AUSTRALIA
10152,NSW North Coast,152.87,-29.88,Blaxland Flat 1,Burial in Rockshelter,GaK-463,1090,60,,,Burnt wood,Wood/Plant Material,,"2"" above floor",Radiocarbon,,Terrestrial,Closed,Y,"Kigoshi & Kobayahsi, 1965, McBryde, 1965","Sample taken from northern edge of burial wrapped in soft bark and wood. One of a 'group of burials'. Group of burials defined as seven individuals plus a few bones from one other, plus foetal bones packed in within sandstone blocks.",c14,,1090,,,,AUSTRALIA
11352,Tasmanian South East,147.25,-43.44,Cloudy Bay,Midden,ANU-6946,1100,60,,,Charcoal,Charcoal,,,Radiocarbon,,Terrestrial,Open,Y,"Dunnett, 1993",A reference to a date of a midden as part of a wider review of shellfish exploitation in Tasmania. The paper indicates the site was dominated by Mylitus edulis. The papers findings suggest an exploitation of the sub-littoral zones during the late Holocene with a focus on upper and middle littoral zones earlier in the Holocene.,c14,,1100,Information within this entry has been inferred by authors - see Notes,,,AUSTRALIA
14034,Sydney Basin,151.27,-33.86,Mt Trefle (Vaucluse),Rockshelter,Wk-2083,1170,60,,,Charcoal,Charcoal,MT/Cb/10 outside 10,55-63,Radiocarbon,,Terrestrial,Open,Y,"Attenbrow, 1993; Attenbrow & Steele, 1995","A sandstone rockshelter located near Vaucluse in Sydney. Study to explore fishing methods in Port Jackson using historical and archaeological data. Mt Trefle is a shelter about 20 x 5 x 1.9 m in size containing midden within the site and some 8 m down the talus. Excavations of 1.75 sq. m with depths of <30cm in the shelter and up to 70 cm on the talus - stratigraphic relationship between inside and outside the shelter was not possible. Deposits retain mainly fish bones dominated by snapper, bream and tarwhine. No fish hooks were found, despite the site dating to <1300 BP - present.",c14,,1170,,,,AUSTRALIA
10238,Victoria Volcanic Plain,142.69,-37.78,KP/1,Earth mound,SUA-1921,1190,60,,,Charcoal,Charcoal,,,Radiocarbon,,Terrestrial,Open,Y,"VAS, n.d., cit. Bird & Frankel, 1991","A study (Bird & Frankel, 1991) using radiometric dates of southwest Victoria as a proxy for occupation/activity. The paper concludes that late Holocene intensification, at least from a social perspective perspective, was not the case. However, the paper does show increasing numbers of dates (n=80) in the late Holocene. Interesting features of the study include an apparent hiatus between 6-7ka and the appearance of earth mounds only in the last 2.5ka. Earth mounds have several different interpretations, including house foundations and/or a byproduct of repeated visitation and cooking and/or through collapse of sod/turf structures.",c14,,1190,,,,AUSTRALIA
11019,South East Coastal Plain,141.29,-38.21,"East Monbong, Site 1, Midden 1",Midden,Wk-413,1230,60,,,Charcoal,Charcoal,,,Radiocarbon,,Terrestrial,Open,Y,"Godfrey, 1989","This date comes from the a survey of Discovery Coastal Park on the border of VIC/SA. The survey identified over 1000 middens dated primarily between b490 and 3860 BP, and were dominated by Donax sp. and Brachidontes sp (lesser representations of Mytilus and Ostrea sp. were also present).",c14,,1230,,,,AUSTRALIA
10190,Riverina,143.38,-35.17,DP/2,Earth mound,SUA-1927,1250,60,,,Charcoal,Charcoal,"Sq. 118/116, spit 5D",,Radiocarbon,,Terrestrial,Open,,Aboriginal Affairs Victoria cit. Godfrey et al. 1996,A sample referred to as part of a large-scale compilation of radiocarbon dates in Victoria. This sample comes from an earth mound on the Murray River near Swan Hill. It may relate to work by Coutts (1979).,c14,,1250,,,,AUSTRALIA
10327,Channel Country,142.3,-29.41,Stud Creek,Hearth,Wk-5126,1260,60,-23.6,0.2,Charcoal from hearth,Charcoal,H98-25,,Radiocarbon,,Terrestrial,Open,Y,Holdaway et al. 2002,,c14,,1260,,,,AUSTRALIA
10328,Channel Country,142.3,-29.41,Stud Creek,Hearth,Wk-6622,1280,60,-22.7,0.2,Charcoal from hearth,Charcoal,H98-19,,Radiocarbon,,Terrestrial,Open,Y,Holdaway et al. 2002,,c14,,1280,,,,AUSTRALIA
10331,Channel Country,142.3,-29.41,Stud Creek,Hearth,Wk-6037,1310,60,-23.2,0.2,Charcoal from hearth,Charcoal,H98-30,,Radiocarbon,,Terrestrial,Open,Y,Holdaway et al. 2002,,c14,,1310,,,,AUSTRALIA
10227,Victoria Midlands,144.22,-36.89,Ravenswood 32,Earth mound,Beta-69642,1390,60,,,Charcoal,Charcoal,Spit 2,18-20,Radiocarbon,,Terrestrial,Open,Y,Aboriginal Affairs Victoria cit. Godfrey et al. 1996,A sample referred to as part of a wider review of Victorian radiocarbon dates. This sample is from a possible hearth within an earth mound near Bendigo.,c14,,1390,Information within this entry has been inferred by authors - see Notes,,,AUSTRALIA
10191,Riverina,143.38,-35.17,DP/2,Earth mound,SUA-1928,1390,60,,,Charcoal,Charcoal,"Sq. 102/112, spit 9A",,Radiocarbon,,Terrestrial,Open,,Aboriginal Affairs Victoria cit. Godfrey et al. 1996,A sample referred to as part of a large-scale compilation of radiocarbon dates in Victoria. This sample comes from an earth mound on the Murray River near Swan Hill. It may relate to work by Coutts (1979).,c14,,1390,,,,AUSTRALIA
13913,Sydney Basin,150.59,-34.86,Bombaderry Creek (52-5-0035),Rockshelter,ANU-1020,1410,60,,,Charcoal,Charcoal,Sq. A13,Oct-20,Radiocarbon,,Terrestrial,Closed,Y,"Lampert, 1981; Lampert, 1971 cit. Brown, 2005","Sandstone rockshelter situated just upstream from Shoalhaven River. Test pits indicated narrow band of occupation dominated by land mammals (despite being near a tidal estuary). Some stone artefacts (late Bondaian; dominated by chert and quartz), shellfish (dominated by shipworm - Teredinidae sp.) and Macrozamia seed husks (in some places 2 cm thick) were also recovered. This sample marks the appearance of eloureas and bipolar cores (fabricators) in this site.  This sample dates the same thin occupation unit as ANU-1021 and indicates a single period of use for the site.",c14,,1410,,,,AUSTRALIA
13822,Southern East Queensland,153.1072,-28.2551,Bishop's Peak,Rockshelter,Beta-16298,1420,60,,,Charcoal,Charcoal,,,Radiocarbon,,Terrestrial,Closed,Y,Edmonds 1986,,c14,,1420,,,,AUSTRALIA
10336,Channel Country,142.3,-29.41,Stud Creek,Hearth,Wk-6039,1440,60,-23.6,-0.2,Charcoal from hearth,Charcoal,H98-2,,Radiocarbon,,Terrestrial,Open,Y,Holdaway et al. 2002,,c14,,1440,,,,AUSTRALIA
11420,Victoria Volcanic Plain,145.11,-38.52,Point Grant,Midden,Beta-7063,1470,60,,,Charcoal,Charcoal,Midden layer,,Radiocarbon,,Terrestrial,Open,Y,"Gaughwin 1983 cit. Godfrey et al., 1996",A sample referred to as part of a large-scale compilation of radiocarbon dates in Victoria. This sample comes from a midden. No further contextual information provided.,c14,,1470,,,,AUSTRALIA
10439,Murray Darling Depression,141.2,-35.2,Lake Victoria,Hearth,Wk 5396,1510,60,,,Charcoal from hearth,Charcoal,,,Radiocarbon,,Terrestrial,Open,Y,Hope 1998,,c14,,1510,,,,AUSTRALIA
14074,Sydney Basin,151.18,-33.37,Upside-Down Man,Rockshelter,ANU-8133,1540,60,,,Charcoal,Charcoal,Sq. 8B/5/1 (SU III),20,Radiocarbon,,Terrestrial,Closed,Y,"McDonald, 1994a, 2008","A rockshelter located on Ironbark Creek (a tributary of Mangrove Creek), and excavated as part of McDonald's PhD work. The shelter contained extensive rock art motifs (some 274 motifs - black, red and/or white in colour). Excavations revealed four soil units to depths of c.50 cm. The excavations recovered stone artefacts, charcoal, shell, seeds, bone and pigments. Shell consisted of Sydney cockle, hairy mussel and freshwater shell (Hyridella sp.). Some 3,650 artefacts were analysed (about c.5,000 recovered) dominated by quartz (38%), indurated mudstone (21%), FGS and pebbly chert. Artefact densities began c. 4ka and were low  (units III and IV) with a brief peak in SU IV. The highest discard rates were evident in SU II. A hiatus appeared evident in SU III. Later stages indicate intensification and contained backed blades and bipolar techniques. The terminal date for the site was c.1.2 ka.",c14,,1540,,,,AUSTRALIA
12709,Australian Alps,148.92,-36.01,Caddigat Shelter,Rockshelter,ANU-1049,1600,60,,,Charcoal,Charcoal,,,Radiocarbon,,Terrestrial,Closed,Y,"Flood, 1980",A rockshelter near Adaminaby. Rockshelter retained a shallow deposit with small numbers of artefacts - backed blades overlain by bipolar scaled pieces. This date was the basal age of the site.,c14,,1600,,,,AUSTRALIA
14382,Victoria Midlands,142.67,-37.3,Drual DR/1 Grampians,Rockshelter,Beta-88519,1720,60,,,Charcoal,Charcoal,"Sq. C4, spit 5B (AHU-28)",,Radiocarbon,,Terrestrial,Closed,Y,Bird et al. 1998,"A very large rockshelter located in the Grampians that contains both red and white paintings. Four 1 x 1 sq. m were excavated and revealed deposits up to 70 cm deep. The sequence could be divided into two units. The upper unit comprises of several layers of sandy sediments, which are rich in organic material, including charcoal and plant fragments. Hearths and burrows were also evident. Lower unit retains less organic material. Stone artefacts were found throughout. One date was previously found in the upper part of the site (SUA-535). This sample was taken to confirm the earlier date.",c14,,1720,Information within this entry has been inferred by authors - see Notes,,,AUSTRALIA
13799,South Eastern Highlands,148.95,-35.45,Birrigai Rockshelter,Rockshelter,Beta-16651,1730,60,,,Charcoal,Charcoal,"T 4A, IVa top",21.2-27.2,Radiocarbon,,Terrestrial,Closed,Y,"Flood et al., 1987","A rockshetler in Tidbinbilla, ACT. The rockshelter contains four phases of occupation: 1) pre-21,000 - sterile deposits; 2) 21-3,000 BP - occupation commences including a well-defined hearth at 15,930 BP. Plant and animal resources were used during this period. Low intensity of occupation is present with minimal artefacts, charcoal or other materials. No evidence of a change between the Pleistocene/Holocene in the site; 3) 3,000 - 100 BP - occupation intensity increases dramatically, including artefacts, charcoal and sedimentation rates; and 4) 100 BP - present - represented by layer 1 and shows a slight decline in charcoal and artefacts. The overall model produced in the paper indicated increasing occupations at 3,000 BP before a decline after 2,000 BP due to re-organisation of people in the landscape. This sample found in association with artefacts.",c14,,1730,,,,AUSTRALIA
13981,Sydney Basin,150.4,-35.1,Gnatilia Creek 3,Rockshelter,ANU-8426,1740,60,,,Scattered charcoal,Charcoal,"Sq. 2, spit 4",,Radiocarbon,,Terrestrial,Closed,Y,"Boot 1993, 1994","Termination date for occupation of this shelter. Artefact densities during a short intense period exceeded 200 per sq. m. Assemblage dominated by quartz bipolar flakes, as well as silcrete, chert and quartzite. Brown (2005) indicates that the pecked circle motifs in this shelter are rare and may suggest ceremonial activity. The art may also be the most southerly art on the east coast of Australia. Most intense occupation at around 500 BP. Beginning of occupation of this shelter. Artefact densities during a short intense period exceeded 200 per sq. m.  Assemblage dominated by quartz bipolar flakes, as well as silcrete, chert and quartzite.",c14,,1740,Information within this entry has been inferred by authors - see Notes,,,AUSTRALIA
12142,Southern East Queensland,152.9149,-25.366,Booral Shell Mound,Open site,Beta-36303,1750,60,,,Charcoal,Charcoal,,39.5,Radiocarbon,,Terrestrial,Open,Y,Frankland 1990,,c14,,1750,,,,AUSTRALIA
10536,Sydney Basin,150.37,-34.45,HCA 14 near Berrima,Hearth within Open site,SUA-2351,1780,60,,,Charcoal,Charcoal,"Area B1, Sq. 2, spit 3i",,Radiocarbon,,Terrestrial,Open,Y,"Koettig, 1985","An excavation of three sites as part of mitigation measures for a new road near Berrima. HC 14 was an open site that retained three knapping floors dominated by backed blade production. The hearth was not directly associated with the knapping events, but was located in the lower loam soil were a peak in artefact discard was noted. The site is in close proximity to a known silcrete source from where many of the backed blades were produced. Chert and quartz backed blades were also found. Two samples were submitted from the hearth, both returning an identical radiocarbon date.",c14,,1780,,,,AUSTRALIA
10537,Sydney Basin,150.37,-34.45,HCA 14 near Berrima,Hearth within Open site,SUA-2352,1780,60,,,Charcoal,Charcoal,"Area, B1, Sq. 6, spit 4",,Radiocarbon,,Terrestrial,Open,Y,"Koettig, 1985","An excavation of three sites as part of mitigation measures for a new road near Berrima. HC 14 was an open site that retained three knapping floors dominated by backed blade production. The hearth was not directly associated with the knapping events, but was located in the lower loam soil were a peak in artefact discard was noted. The site is in close proximity to a known silcrete source from where many of the backed blades were produced. Chert and quartz backed blades were also found. Two samples were submitted from the hearth, both returning an identical radiocarbon date.",c14,,1780,,,,AUSTRALIA
14045,Sydney Basin,150.36,-34.26,RC-PAD (Mount Flora - Nattai National Park),Rockshelter,Beta-65748,1790,60,,,Charcoal,Charcoal,,25-30,Radiocarbon,,Terrestrial,Closed,Y,"Rich, 1993 cit. Jo McDonald Cultural Heritage Management Pty Ltd, 2003","A rockshelter site referred to as part of a background review on another project. The site is referred to as RC-PAD as well as Mount Flora. The site indicates an early co-dominance of silcrete, chert and quartz raw materials (before 2,230 +/- 80). Irregular use of these raw materials occurred until a quartz dominance in the last 1,500 years. Backed blades were evident throughout the sequence, including at the lowest depths (although these were originally considered displaced, more recent evidence suggests there may have been in situ and date to 7,500 years BP), and a proliferation between 20-45cm. Two ground edge artefacts were found between 10-20cm. Flake tools were found throughout with increasing thickness below 40 cm. Bipolar flaking was also evident in higher depths (5-30 cm).",c14,,1790,Information within this entry has been inferred by authors - see Notes,,,AUSTRALIA
10508,Sydney Basin,151.1,-32.86,Paynes Crossing Hearth,Hearth,Beta-39465,1890,60,,,Charcoal,Charcoal,,,Radiocarbon,,Terrestrial,Open,Y,"Erskine & Peacock, 2002",Charcoal recovered from a hearth identified as part of a palaeoflood study.,c14,,1890,,,,AUSTRALIA
11421,Victoria Volcanic Plain,145.11,-38.52,Point Grant,Midden,Beta-7064,1900,60,,,Charcoal,Charcoal,Pre-midden layer,,Radiocarbon,,Terrestrial,Open,Y,"Gaughwin & Fullagar, 1995","A site mentioned in a review section of this paper. The paper indicates this date is basal and includes birds and fish, as well as one seal. The analysis was incomplete at time of the paper.",c14,,1900,,,,AUSTRALIA
13914,Sydney Basin,150.59,-34.86,Bombaderry Creek (52-5-0035),Rockshelter,ANU-1021,1930,60,,,Charcoal,Charcoal,Sq. B4,Oct-17,Radiocarbon,,Terrestrial,Closed,Y,"Lampert, 1981; Lampert, 1970 cit. Boot, 2002","Sandstone rockshelter situated just upstream from Shoalhaven River. Test pits indicated narrow band of occupation dominated by land mammals (despite being near a tidal estuary). Some stone artefacts (late Bondaian; dominated by chert and quartz), shellfish (dominated by shipworm - Teredinidae sp.) and Macrozamia seed husks (in some places 2 cm thick) were also recovered. This sample marks the appearance of eloureas and bipolar cores (fabricators) in this site.  This sample dates the same thin occupation unit as ANU-1020 and indicates a single period of use for the site.",c14,,1930,,,,AUSTRALIA
10441,Murray Darling Depression,141.2,-35.2,Lake Victoria,Hearth,Wk 5258,2020,60,,,Charcoal from hearth,Charcoal,Frenchman's Creek HR-221,,Radiocarbon,,Terrestrial,Open,Y,"Hope 1998, Shawcross & Hope 1997",,c14,,2020,,,,AUSTRALIA
12646,Victoria Bonaparte,129.2,-15.4,Jinmium KR 1 crust,Rock engraving/art  coatings,CAMS-44350,2130,60,,,Oxalate Carbon Crust,Other,Layer 5,N/A,Radiocarbon,,Terrestrial,Closed,Y,Watchman et al. 2000a,Samples from oxcalate coating overlying cupules.,c14,,2130,,,,AUSTRALIA
10955,Pilbara (coast),117.67,-20.7,Skew Valley (P0406) midden,Midden,ANU-1844,2180,60,,,Charcoal,Charcoal,Just above Layer 1,,Radiocarbon,,Terrestrial,Open,Y,"Lorblanchet, 1992",,c14,,2180,,,,AUSTRALIA
13937,Sydney Basin,151.03,-33.72,Cherrybrook (CB 1),Rockshelter,Beta-11896,2200,60,,,Charcoal,Charcoal,"Sq. F, spit 15",c.75,Radiocarbon,,Terrestrial,Closed,Y,"McDonald, 1985; McDonald, 1985 cit. Attenbrow, 2004","A rockshetler locted in Pyes Creek and excavated as part of a mitigation measure for a pipeline. Excavations of 4.5 sq. m were undertaken in the form of a trench 6 m x 0.5 m. Excavations revealed four stratigraphic layers across 15 spits (about 75cm). Excavations recovered 8,238 artefacts, 3 pieces of bone and 1 seed thought to be Macrozamia sp. Inside the shelter, artefacts are constrained to spits 1 - 4 (stratigraphic units 1 and 2), while outside they extend to spit 12. The assemblage was primarily located between spits 1-3 across the site with some test pits close to the dripline having significant numbers through the whole deposit. Artefacts were found in every spit. The assemblage was dominated by quartz and silcrete and revealed exetensive bipolar and backed pieces. While the sampling of charcoal for dates is referenced in McDonald (1985), the results are not presented. It is unclear where Attenbrow (2005) has obtained this date from. At least two dates are proposed to have been submitted in McDonald (1985).",c14,,2200,,,,AUSTRALIA
14384,Victoria Midlands,142.67,-37.3,Drual DR/1 Grampians,Rockshelter,Beta-88520,2220,60,,,Charcoal,Charcoal,"Sq. C4, spit 6 (AHU-29)",,Radiocarbon,,Terrestrial,Closed,Y,Bird et al. 1998,"A very large rockshelter located in the Grampians that contains both red and white paintings. Four 1 x 1 sq. m were excavated and revealed deposits up to 70 cm deep. The sequence could be divided into two units. The upper unit comprises of several layers of sandy sediments, which are rich in organic material, including charcoal and plant fragments. Hearths and burrows were also evident. Lower unit retains less organic material. Stone artefacts were found throughout. One date was previously found in the upper part of the site (SUA-535). This sample was taken to confirm the earlier date.",c14,,2220,Information within this entry has been inferred by authors - see Notes,,,AUSTRALIA
12377,Sydney Basin,151.16,-32.51,GCC 33 (Camberwell),Open site,Beta-29211,2370,60,,,Charcoal,Charcoal,,,Radiocarbon,,Terrestrial,Open,Y,"Koettig, 1992","This sample formed part of a larger salvage excavation of sites within the Camberwell mining lease area. Initial surveys identified 31 open artefact scatters, most small with  GCC19 and 20 being larger, and GCC27 having raw materials indicative of other Pleistocene finds in the area. The salvage identified a continuous unpatterned occupation along the Station creek and identified features including hearths, heat treatment areas, pits, an oven, stone knapping floors, and small artefact concentrations indicating specific activities. The sites were all dominated by mudstone and silcrete with lesser proportions of chert, quartz and volcanic materials. The technological analysis revealed six type of reduction, four of whic included the removal of a flake from a flake core body. Heat treatment of silcrete cores (but not mudstone) was common. Nineteen dates indicate that the occupation was constrained to the last few thosand years, despite earlier thoughts of a Pleistocene signal. Some difference between Bondaian assemblages east of Singleton and this site were noted.",c14,,2370,,,,AUSTRALIA
12648,Victoria Bonaparte,129.2,-15.4,Jinmium KR 1 crust,Rock engraving/art  coatings,CAMS-45667,2370,60,,,Oxalate Carbon Crust,Other,Layer 4,N/A,Radiocarbon,,Terrestrial,Closed,Y,Watchman et al. 2000a,Samples from oxcalate coating overlying cupules.,c14,,2370,,,,AUSTRALIA
10903,NSW North Coast,153.01,-31.11,Portion 162 (#30-7-0012),Midden,Beta-53301,2420,60,,,Charcoal,Charcoal,,,Radiocarbon,,Terrestrial,Open,Y,Collins 1992 cit. Brown 2005,"Brown states: Sand ridge is one in a series of Inner Barrier dunes. It is orientated north-south and is 370 m long and up to 70 m wide, and between 1.95 - 8.61 m above sea level. Surface investigation of area followed by 20 x 20 m grid of auger holes. Two one metre square excavations undertaken. Remains recovered included pipi shell, macropod bone, red ochre and clay nodules, charcoal, stone artefacts and European materials. Evidence suggests use of sand ridge from about 4,500 years ago, and increased usage between 3,500 and 3,000 years ago, and continued to around 200 years ago. Dense pipi shell dating to 500 to 200 years ago, suggesting an increased reliance on this resource.",c14,,2420,Information within this entry has been inferred by authors - see Notes,,,AUSTRALIA
12143,Southern East Queensland,152.9149,-25.366,Booral Shell Mound,Open site,Beta-36304,2480,60,,,Charcoal,Charcoal,,59,Radiocarbon,,Terrestrial,Open,Y,Frankland 1990,,c14,,2480,,,,AUSTRALIA
12580,Riverina,144.32,-35.57,M1,Oven Mound,Beta-7067,2490,60,,,Charcoal,Charcoal,Basal,,Radiocarbon,,Terrestrial,Open,Y,"Berryman & Frankel, 1984","A study of Aboriginal oven mounds near Wakool River between Wakool and Barham. The survey identified 95 mounds and 11 scarred trees in a 1 sq. km study area. The oven mounds had an average diameter of 10-22 m with some up to 48 m, and were generally 40-50 cm in height. Excavations were undertaken at four mounds, which revealed stone, shell and bone, but were dominated by burnt clay and silts. This sample comes from the same mound as Beta-7066, but from a different area.",c14,,2490,,,,AUSTRALIA
12144,Southern East Queensland,152.9149,-25.366,Booral Shell Mound,Open site,Beta-38415,2660,60,,,Charcoal,Charcoal,,75,Radiocarbon,,Terrestrial,Open,Y,Frankland 1990,,c14,,2660,,,,AUSTRALIA
12389,Sydney Basin,151.16,-32.51,GCC 7/8 (Camberwell),Open site,Beta-39202,2750,60,,,Charcoal,Charcoal,,,Radiocarbon,,Terrestrial,Open,Y,"Koettig, 1992","This sample formed part of a larger salvage excavation of sites within the Camberwell mining lease area. Initial surveys identified 31 open artefact scatters, most small with  GCC19 and 20 being larger, and GCC27 having raw materials indicative of other Pleistocene finds in the area. The salvage identified a continuous unpatterned occupation along the Station creek and identified features including hearths, heat treatment areas, pits, an oven, stone knapping floors, and small artefact concentrations indicating specific activities. The sites were all dominated by mudstone and silcrete with lesser proportions of chert, quartz and volcanic materials. The technological analysis revealed six type of reduction, four of whic included the removal of a flake from a flake core body. Heat treatment of silcrete cores (but not mudstone) was common. Nineteen dates indicate that the occupation was constrained to the last few thosand years, despite earlier thoughts of a Pleistocene signal. Some difference between Bondaian assemblages east of Singleton and this site were noted.",c14,,2750,,,,AUSTRALIA
13793,South East Corner,149.69,-36.26,Bourkes Road 2,Rockshelter,ANU-8764,2770,60,,,Charcoal from hearth,Charcoal,"Sq. 1, spit 5",,Radiocarbon,,Terrestrial,Closed,Y,"Boot, 1994",Small rockshelter on a contact zone between conglomerate and granite. One metre square test pit dug into steep sloping floor deposits. Date from dense period of occupation within the site.,c14,,2770,,,,AUSTRALIA
12146,Southern East Queensland,152.9149,-25.366,Booral Shell Mound,Open site,Beta-32046,2950,60,,,Charcoal,Charcoal,,137.1,Radiocarbon,,Terrestrial,Open,Y,Frankland 1990,,c14,,2950,,,,AUSTRALIA
13919,Sydney Basin,150.2,-35.11,Bulee Brook 2,Rockshelter,ANU-8312,3150,60,,,Charcoal from hearth,Charcoal,"Sq. 1, spit 6",,Radiocarbon,,Terrestrial,Closed,Y,"Boot 1993, 1994","Sansdstone shelter on Bulee Brook, a tributary of the Endrick River. In the vicnitiy of Bobs Cave and Sassfras 1. Referred to as ANU-8412 in Boot, 1994. Site indicates a hiatus in occupation at spit 7, with bondaian industry dominated by silcrete above and an assemblage dominated by quartz below. Date from a hearth within the rockshelter. Hearth overlays backed blade horizons. No evidence of bipolar technology in this site. Major changes in the assemblage occur at 5,000 and 2,000 BP. Local river pebbles used as primary raw material until 2,000 BP.",c14,,3150,,,,AUSTRALIA
12635,Victoria Bonaparte,131.44,-15.61,Delamere 3,Rock engraving/art  coatings,OZD-454,3160,60,,,Oxalate Carbon Crust,Other,"Engraved macropod track, base layer",N/A,Radiocarbon,,Terrestrial,Closed,Y,"Watchman et al., 2000",Samples taken from carbon within the oxalate mineral (whewellite) coating overlying rock engravings within Yiwarlarlay 1 complex. This sample relates to the earliest phase of engraving/painting with further art work overlying the sample,c14,,3160,,,,AUSTRALIA
12343,Sydney Basin,150.88,-33.72,45-5-358 (Quakers Hill),Open site,SUA-2413,3450,60,,,Charcoal,Charcoal,"TP E2, spit 4",18,Radiocarbon,,Terrestrial,Open,Y,"Smith, L., 1986","Charcoal sample recovered from an excavation of an open site in Quakers Hill (possibly Oppy Reserve). Site was composed of a large surface scatter within which ten 50 x 50 cm test pits were situated. The stratigraphy revealed a texture contrast soil, which was generally 20 cm deep. Excavations recovered 82 artefacts dominated by fine (71.6%) and coarse (21.6%) red silcrete. Artefacts were situated throughout the test pit with a focus on spits 3-5. Some artefacts were found at similar layers to this date. Author note: it must be noted that more recent studies in texture contrast soils indicate that the relationship of charcoal and artefacts in this type of open system makes any correlation suspect.",c14,,3450,Information within this entry has been inferred by authors - see Notes,,,AUSTRALIA
12256,Southern East Queensland,151.5207,-24.0652,Seven Mile Creek Mound,Open site,NZA-12117,3500,60,,,Charcoal,Charcoal,,38.96-43.64,Radiocarbon,,Terrestrial,Open,Y,Ulm 2002a,Alternative lab. code: Wk-8561,c14,,3500,,,,AUSTRALIA
12258,Southern East Queensland,151.5207,-24.0652,Seven Mile Creek Mound,Open site,NZA-12273,3570,60,,,Charcoal,Charcoal,,67.84-71.46,Radiocarbon,,Terrestrial,Open,Y,Ulm 2002a,Alternative lab. code: Wk-8562,c14,,3570,,,,AUSTRALIA
10140,Victoria Volcanic Plain,143.16,-38.17,Colongulac,Burial,R-4824,3600,60,,,Terrestrial,Other,,,Radiocarbon,,Terrestrial,Open,Y,"Gill, 1980 cit. Pardoe, 1993",Part of a wider study reviewing ages of skeletal remains along the Murray-Darling River.,c14,,3600,Information within this entry has been inferred by authors - see Notes,,,AUSTRALIA
11429,Victoria Volcanic Plain,142.52,-38.39,Thunder Point,Midden,SUA-2018,3620,60,,,Charcoal,Charcoal,,,Radiocarbon,,Terrestrial,Open,Y,"Coutts, 1978 cit. Bird & Frankel, 1991","A study (Bird & Frankel, 1991) using radiometric dates of southwest Victoria as a proxy for occupation/activity. The paper concludes that late Holocene intensification, at least from a social perspective perspective, was not the case. However, the paper does show increasing numbers of dates (n=80) in the late Holocene. Interesting features of the study include an apparent hiatus between 6-7ka and the appearance of earth mounds only in the last 2.5ka.",c14,,3620,,,,AUSTRALIA
12639,Victoria Bonaparte,129.15,-15.18,Granilpi K10 crust,Rock engraving/art  coatings,CAMS-45669,3640,60,,,Oxalate Carbon Crust,Other,Layer 2,N/A,Radiocarbon,,Terrestrial,Closed,Y,Watchman et al. 2000a,Samples from oxcalate coating overlying cupules.,c14,,3640,,,,AUSTRALIA
12260,Southern East Queensland,151.5207,-24.0652,Seven Mile Creek Mound,Open site,NZA-12118,3660,60,,,Charcoal,Charcoal,,88.68-92.18,Radiocarbon,,Terrestrial,Open,Y,Ulm 2002a,Alternative lab. code: Wk-8563,c14,,3660,,,,AUSTRALIA
12640,Victoria Bonaparte,129.15,-15.18,Granilpi K10 crust,Rock engraving/art  coatings,CAMS-44351,4180,60,,,Oxalate Carbon Crust,Other,Layer 3,N/A,Radiocarbon,,Terrestrial,Closed,Y,Watchman et al. 2000a,Samples from oxcalate coating overlying cupules.,c14,,4180,,,,AUSTRALIA
13624,Ord Victoria Plain,126,-18.74,Riwi,Rockshelter,Wk-7605,5290,60,,,Scattered charcoal,Charcoal,Excavation unit 3,10,Radiocarbon,,Terrestrial,Closed,Y,"Balme, 2000","Stone lithics, shell, bone and ochre indicate occupation through the Riwi sequence, although a discontinuity is likely to occur between Spits 3 and 5 (where dates range from 5,000 to 30,000 BP). Intensification occurs within spit 10 and from spit 7 to 3.",c14,,5290,,,,AUSTRALIA
13978,Sydney Basin,150.4,-35.1,Gnatilia Creek 1,Rockshelter,AA-5850,6085,60,,,Charcoal,Charcoal,,,Radiocarbon,,Terrestrial,Closed,Y,"Officer & McDonald, 1990; McDonald et al. 1990 cit. Boot, 2002; McDonald et al. 1990 cit. Brown, 2005",Sandstone rockshelter (22 m x 8m x 4  m) with regionally important art assemblage of over 200 motifs. Date is from a large charcoal drawing. The date actually dates the wood burnt for charcoal rather than the age of the drawing itself.,c14,,6085,Information within this entry has been inferred by authors - see Notes,,,AUSTRALIA
10262,Victoria Volcanic Plain,141.82,-38.07,Muldoons Trap Complex (Lake Condah),Fish Trap,OZL-609,8070,60,-22.4,0.1,Carbonised wood,Charcoal,"Sq. B, XU 18, sample 1",50.8-55.8,Radiocarbon,,Terrestrial,Open,Y,"McNiven et al., 2012","A detailed investigation of a fish trap on the edge of Lake Condah. One area of the fish trap, F10, was excavated in detail with 15 AMS radiocarbon dates being recovered from infilled material. Bone, charcoal and artefacts were also recovered from the sediments and indicate broadly increasing densities in more recent periods. The radiocarbon dates indicate that the fish traps were primarily used during two periods - between 0.19 - 1.37ka and 5.4 - 8.88ka. There is also evidence of a wall building phase around 0.6-0.8ka. Interpretations suggest a focus on the resources associated with higher lake levels in the mid Holocene climatic optimum and the more recent late Holocene, with a hiatus occurring during periods of intense ENSO (4-2ka).",c14,,8070,,,,AUSTRALIA
12067,Naracoorte Coastal Plain,140.13,-37.58,Bevilaqua,Open site,GaK-397,8250,60,,,Wood charcoal,Wood/Plant Material,A,,Radiocarbon,,Terrestrial,Open,Y,"Kigoshi & Kobayahsi, 1965;Luebbers, 1978 cit.  Bird & Frankel, 1991",Samples collected by P.S Hosefield. Samples relate to two occupation sites and associated recent shoreline changes and coastal aragonite deposits. This sample was taken from the upper Terra Rossa soil,c14,,8250,,,,AUSTRALIA
12464,Victoria Midlands,144.83,-37.73,Brimbank Park 2 (AAV 7822-0890),Open site,NZA-8538,8926,60,,,Charcoal,Charcoal,A10,,Radiocarbon,,Terrestrial,Open,Y,"Tunn, 1998","An excavation recovering a series of artefacts from a long exposure (some 50 m) along Taylor's creek, within the wider Keilor/Green Gully area. The investigation recovered 50 lithics and bone fragments in a broad unit across the exposure. Several of the lithics/bone was recovered from a distinct hearth-like feature. The assemblage was dominated by basalt cobbles and fragments, as well as silcrete flakes. This sample was an AMS date and was taken from about 18.95m ASL",c14,,8926,,,,AUSTRALIA
12275,Southern East Queensland,151.8522,-28.0207,Talgai Skull,Open site,R2040/5,9790,60,,,Carbonate,Other,,,Radiocarbon,,Terrestrial,Open,Y,Hendy et al. 1973,,c14,,9790,,,,AUSTRALIA
10510,Sydney Basin,151.15,-33.93,Tempe House,Hearth,Wk-16167,9376,61,-24.4,0.2,Charcoal,Charcoal,DP/TP 8/F1,,Radiocarbon,,Terrestrial,Open,Y,"Jo McDonald Cultural Heritage Management Pty Ltd, 2006",Midden undertaken as part of a salvage investigation adjacent Cooks River. The midden was shallow and demonstrated exploitation of local mudflat species. Only shellfish was recovered from the midden and evidence of small artefacts with cortex rarely found. This date came from a hearth found as part of the initial phase of test excavations. This date was AMS.,c14,,9376,,,,AUSTRALIA
10453,Murray Darling Depression,141.5,-32.3,Pine Creek,Hearth,Wk-12320,967,62,,,Charcoal from hearth,Charcoal,,,Radiocarbon,,Terrestrial,Open,Y,Shiner 2006,,c14,,967,,,,AUSTRALIA
13490,Nandewar,150.93,-29.47,Graman Area B Site 4,Rockshelter,ANU-56,2290,62,,,Charcoal,Charcoal,"Tr. 1, level II, spit 1","18.5""",Radiocarbon,,Terrestrial,Closed,Y,"Polach et al. 1968, McBryde, 1974","One of a complex of sites along Ottley Creek investigated by McBryde (1974). The site retained two main levels dating to between c. 2000 - 4000 BP. This samples was associated with rich collection of bone and stone implements (including backed blades). Agrees well with GaK-1190 in a similar context 60"" away.",c14,,2290,,,,AUSTRALIA
10307,Channel Country,141.13,-23.77,Diamantina River Hearths,Hearth,Wk-10500,729,63,,,Charcoal from hearth,Charcoal,PJ/H/137 (spit 4),,Radiocarbon,,Terrestrial,Open,Y,Simmons 2002,,c14,,729,,,,AUSTRALIA
12465,Victoria Midlands,144.83,-37.73,Brimbank Park 2 (AAV 7822-0890),Open site,NZA-8537,9024,63,,,Charcoal,Charcoal,A43,,Radiocarbon,,Terrestrial,Open,Y,"Tunn, 1998","An excavation recovering a series of artefacts from a long exposure (some 50 m) along Taylor's creek, within the wider Keilor/Green Gully area. The investigation recovered 50 lithics and bone fragments in a broad unit across the exposure. Several of the lithics/bone was recovered from a distinct hearth-like feature. The assemblage was dominated by basalt cobbles and fragments, as well as silcrete flakes. This sample was an AMS date and was taken from about 18.95m ASL",c14,,9024,,,,AUSTRALIA
13055,Cobar Peneplain,145.6,-31.51,Mount Grenfell Station,Rockshelter,V-49,200,65,,,Charcoal,Charcoal,,17.8-20.3,Radiocarbon,,Terrestrial,Closed,Y,"Bermingham, 1966; McCarthy, 1976","Date taken from one of seven shelters with elaborate paintings. Deposits yielded implements characteristic of lower Murrary River deposits exacavated from Fromm's Landing and Devon Downs RS. Implements comprised high proportions of tula slages, few scrapers and tula chisels, fragments of millstones and ground edge axes. This sample came from the mid point of the the occupation deposit within the eastern portion of the shelter.",c14,,200,,,,AUSTRALIA
11417,Victoria Volcanic Plain,143.26,-38.76,Moonlight Head,Midden,Beta-1690,960,65,,,Charcoal,Charcoal,,,Radiocarbon,,Terrestrial,Open,Y,"Zobel et al. 1984 cit. Bird & Frankel, 1991","A study (Bird & Frankel, 1991) using radiometric dates of southwest Victoria as a proxy for occupation/activity. The paper concludes that late Holocene intensification, at least from a social perspective perspective, was not the case. However, the paper does show increasing numbers of dates (n=80) in the late Holocene. Interesting features of the study include an apparent hiatus between 6-7ka and the appearance of earth mounds only in the last 2.5ka.",c14,,960,,,,AUSTRALIA
13811,South Eastern Highlands,148.21,-37.41,Cloggs Cave,Rockshelter,ANU-1181,1010,65,,,Charcoal,Charcoal,,,Radiocarbon,,Terrestrial,Closed,Y,"Flood, 1980","Date relates to the upper 'small tool tradition' within the site. The deposit consisted of 11 backed blades of chert and jasper, 23 bipolar scaled pieces of quartz, small low-backed scrapers, 15 blade cores and 7 small core tools, 4 use-polished and 5 slightly retouched flakes and some 600 waste flakes (from a 7.5 sq m excavation). The author considered this assmeblage to reflect a manufacturing site. This site differs from others further north in the favouring of geometric microliths over backed blades - a common occurrence in the more southerly parts of SE Australia.",c14,,1010,Information within this entry has been inferred by authors - see Notes,,,AUSTRALIA
10970,Riverina,143.8,-34.43,Boundary Bend,Midden,N-1661,2010,65,,,Freshwater mussel shell,Freshwater Shell,,,Radiocarbon,,Terrestrial,Open,Y,"Yamasaki et al., 1977; Godfrey et al., 1996",A shell layer 0.5 m below the surface within a cliffed linear dune trucated by Murray River at Boundary Bend.,c14,,2010,,,,AUSTRALIA
13484,Nandewar,150.93,-29.47,Graman Area B Site 1,Rockshelter,ANU-54,2760,65,,,Scattered charcoal,Charcoal,"Site 1, Tr. 2, zone (d), Level II, spit 1","16-19""",Radiocarbon,,Terrestrial,Closed,Y,"Polach et al. 1968, McBryde, 1974",One of a complex of sites along Ottley Creek investigated by McBryde (1974). The site retained two main levels dating to between c. 2000 - 4000 BP. This sample dates the upper part of Level II. Associated with industry of backed blades. Agrees well with Gak-1187 and 1188.,c14,,2760,,,,AUSTRALIA
12650,Victoria Bonaparte,129.2,-15.4,Jinmium KR 1 crust,Rock engraving/art  coatings,OxA-7369,5840,65,,,Oxalate Carbon Crust,Other,Layer 3,N/A,Radiocarbon,,Terrestrial,Closed,Y,Watchman et al. 2000a,Samples from oxcalate coating overlying cupules.,c14,,5840,,,,AUSTRALIA
13579,NSW North Coast,152.91,-29.59,Seelands,Rockshelter,V-24,4042,66,,,Charcoal,Charcoal,"Trench 2(f), V","30""",Radiocarbon,,Terrestrial,Closed,Y,"Bermingham, 1966; McBryde, 1966","An extensive study of the rockshleter including four trenches across various parts of the site. Radiocarbon dating and analysis done on each of the trenches, with later compilation in McBryde 1874. A compilation of all these trenches revealed a uniface pebble industry in levels, IV, V and VI composed primarily indurated mudstone, siltstone and greywacke (all available from the nearby Clarence River). These lower depths retained very few artefacts between c. 2000 - 5000 BP. Level IIIA and IV similarly contains greywacke uniface pebbles, but also the appearanance of blade tools,  geometric microliths and ground-edged tools (c. 2000 BP). Level IV also contains bone artefacts, which gain in importance in levels II and III. Levels I, II and III dominated by small tool tradition. One of lowest levels of deposit, containing predominantly uniface pebbles and first appearance of backed blades",c14,,4042,,,,AUSTRALIA
12135,South Eastern Highlands,149.97,-34.3,Wombeyan Caves #1,Open site,Wk-11562,12178,66,,,Charcoal,Charcoal,Sq. W2,c.140,Radiocarbon,,Terrestrial,Open,Y,"Navin Officer Heritage Consultants Pty Ltd, 2003","An open site investigated as part of the installation of a sewerage system at Wombeyan Caves (at 600 m AHD). A test excavation of a surface scatter in association with alluvial terraces revealed deposits to 140cm. In one test pit, a buried palaesol between 120 and 140 cm below the surface retained an archaeological assemblage. This sample and Wk-11561 date the lower palaesol to the Terminal Pleistocene and suggest occupation of these uplands even in poorer climatic conditions. The excavations recovered 244 artefacts composed of eight different raw materials (only four of which were local). While only a small sample size, numbers of artefacts and retouched pieces were evident predominatly in the upper depths.",c14,,12178,,,,AUSTRALIA
10113,South East Coastal Plain,142.36,-38.35,Gormans Road 1,Burial,NZA-3964,3538,68,,,Bone (gelatin),Bone,Layer 2,05-Oct,Radiocarbon,,Terrestrial,Open,Y,Aboriginal Affairs Victoria cit. Godfrey et al. 1996,A sample referred to as part of a large-scale compilation of radiocarbon dates in Victoria. This sample was taken from a human rib bone.,c14,,3538,Information within this entry has been inferred by authors - see Notes,,,AUSTRALIA
10459,Murray Darling Depression,141.5,-32.3,Rantyga Creek,Hearth,Wk-9995,848,69,,,Charcoal from hearth,Charcoal,,,Radiocarbon,,Terrestrial,Open,Y,Shiner 2006,,c14,,848,,,,AUSTRALIA
13874,Swan Coastal Plain,116.22,-31.6,Frieze Cave,Rockshelter,ANU-827,110,70,,,Charcoal,Charcoal,,,Radiocarbon,,Terrestrial,Closed,Y,"Dortch, 1977","A rockshelter located in the Avon Valley near York, WA. Investigated by Sylvia Hallam in 1972. Limited contextual information provided, but four dates were obtained to characterise the microlithic industry present in the rockshelter. This date is believed to form the most recent occurrence microlithic industry at this site.",c14,,110,Information within this entry has been inferred by authors - see Notes,,,AUSTRALIA
11107,South East Corner,149.76,-37.56,Captain Stevenson's Point,Midden,SUA-1919,150,70,,,Charcoal,Charcoal,"Pit 3 9N/1W, Spit 2",,Radiocarbon,,Terrestrial,Open,Y,"Coutts et al. 1984; Richman, 1999","The site contained a variety of shellfish and fish from the Mallacoota Inlet, shellfish and seal from the rock platforms at Bastion Point, and terrestrial animal remains. Excavations contained several bone tools and stone flakes. A human burial was also located at the bottom of the excavatioms partially destroyed by previous development. Author suggests the site was occupied ephemerally from about 2.4ka with no evidence of sterile deposits. Richman quotes this date as 200 +/- 60.",c14,,150,,,,AUSTRALIA
13505,Naracoorte Coastal Plain,140.69,-38.05,Koongine Cave,Rockshelter,Beta-21540,150,70,,,Charcoal,Charcoal,"J9/8, unit 3",,Radiocarbon,,Terrestrial,Closed,Y,"Frankel, 1988 cit. Bird & Frankel, 1991","Referred to in a  study (Bird & Frankel, 1991) using radiometric dates of southwest Victoria as a proxy for occupation/activity. The paper concludes that late Holocene intensification, at least from a social perspective perspective, was not the case. However, the paper does show increasing numbers of dates (n=80) in the late Holocene. Interesting features of the study include an apparent hiatus between 6-7ka and the appearance of earth mounds only in the last 2.5ka. This sample was taken from the 'upper occupation'.",c14,,150,,,,AUSTRALIA
10014,Murray Darling Depression,150.36,-28.61,Boggabilla,Burial,ANU-7670B,190,70,,,Human bone collagen,Bone,,,Radiocarbon,,Terrestrial,Open,Y,"Pardoe, 1993","Part of a wider study reviewing ages of skeletal remains along the Murray-Darling River. No spatial information, Bogabilla appears to be located on the NSW/QLD border, yet the date is referenced as relating to the Willandra/Lachlan region in the publication.",c14,,190,Information within this entry has been inferred by authors - see Notes,,,AUSTRALIA
13592,Nullarbor,129.42,-31.48,Allens Cave (N145),Rockshelter,ANU-6842,220,70,,,Charcoal,Charcoal,top hearth,16cm bsl,Radiocarbon,,Terrestrial,Closed,Y,Cane 1995,Hearth,c14,,220,,,,AUSTRALIA
10199,Riverina,143.38,-35.17,DP/8,Earth mound,SUA-1917,260,70,,,Charcoal,Charcoal,Spit 5,,Radiocarbon,,Terrestrial,Open,,Aboriginal Affairs Victoria cit. Godfrey et al. 1996,A sample referred to as part of a large-scale compilation of radiocarbon dates in Victoria. This sample comes from an earth mound on the Murray River near Swan Hill. It may relate to work by Coutts (1979).,c14,,260,,,,AUSTRALIA
14776,Sydney Basin,150.84,-35.01,Abraham's Bosom Rockshelter 1,Rockshelter with midden deposits,ANU-6447,270,70,,,Charcoal,Charcoal,"TP AB1/1, spit 2, layer 1",Feb-13,Radiocarbon,,Terrestrial,Closed,Y,"Paton & MacFarlane, 1989; Boot, 2002","Site located some 1200 m from the township of Currarong along Abrahams Bosom creek. Not far from Curracurrang RS due by Lampert in the 1970's. Excavation undertaken as part of a planning exercise for a proposed walking track. Two 100 x 100 cm test pits were excavated. TP AB/1 was some 115 cm deep and revealed four stratigraphic units, AB/2 was only 50 cm deep and contained two of the units identified in AB/1, specifically 'layers 1 and 2'. The site contained a lower black humic deposit (layer 3) with low shell and bone component, but high stone artefacts, overlain by a midden deposit containing fish hooks, organic materials and fewer stone artefacts. Two bone points were also recovered. The midden deposit was further split into layers 1 and 2 with the upper deposit appearing more recent/less compacted/decomposed; the lower deposit (layer 2) was dominated by compacted and decomposing shell and numerous ash layers. The midden deposit was dominated by edible muissel (Mytlius edulis plantulatus) (up to 50%) with Nerita sp. similar in several levels. Oyster and limpets were also present (10-20%)/ This pattern of exploitation revealed highly localised exploitation, differing significantly from nearby Curracurang RS. All samples came from charcoal collected in the sieves.",c14,,270,,,,AUSTRALIA
10483,Simpson Strzelecki Dunefields,134.76,-25.51,Simpson Desert 226,Hearth,GX14607,275,70,,,Charcoal,Charcoal,surface hearth,,Radiocarbon,,Terrestrial,Open,Y,Napton&Greathouse 1996,,c14,,275,,,,AUSTRALIA
13507,Naracoorte Coastal Plain,140.69,-38.05,Koongine Cave,Rockshelter,Beta-21543,290,70,,,Charcoal,Charcoal,J12-4(44),,Radiocarbon,,Terrestrial,Closed,Y,"Frankel, 1988 cit. Bird & Frankel, 1991","Referred to in a  study (Bird & Frankel, 1991) using radiometric dates of southwest Victoria as a proxy for occupation/activity. The paper concludes that late Holocene intensification, at least from a social perspective perspective, was not the case. However, the paper does show increasing numbers of dates (n=80) in the late Holocene. Interesting features of the study include an apparent hiatus between 6-7ka and the appearance of earth mounds only in the last 2.5ka. This sample was taken from the 'upper occupation'.",c14,,290,,,,AUSTRALIA
10139,Victoria Midlands,144.44,-37.16,Springfield Gorge,Burial,SUA-1495,330,70,,,Cordarge (wood fibres from Acacia sp.),Wood/Plant Material,,,Radiocarbon,,Terrestrial,Closed,Y,"Coutts 1982 cit. Godfrey et al., 1996",A sample referred to as part of a wider review of Victorian radiocarbon dates. This sample was taken from a woven bag in association with a burial in lava cave near Lancefield.,c14,,330,Information within this entry has been inferred by authors - see Notes,,,AUSTRALIA
14777,Sydney Basin,150.84,-35.01,Abraham's Bosom Rockshelter 1,Rockshelter with midden deposits,ANU-6448,330,70,,,Charcoal,Charcoal,"TP AB2/1, spit 8, layer 2",40-48,Radiocarbon,,Terrestrial,Closed,Y,"Paton & MacFarlane, 1989; Boot, 2002","Site located some 1200 m from the township of Currarong along Abrahams Bosom creek. Not far from Curracurrang RS due by Lampert in the 1970's. Excavation undertaken as part of a planning exercise for a proposed walking track. Two 100 x 100 cm test pits were excavated. TP AB/1 was some 115 cm deep and revealed four stratigraphic units, AB/2 was only 50 cm deep and contained two of the units identified in AB/1, specifically 'layers 1 and 2'. The site contained a lower black humic deposit (layer 3) with low shell and bone component, but high stone artefacts, overlain by a midden deposit containing fish hooks, organic materials and fewer stone artefacts. Two bone points were also recovered. The midden deposit was further split into layers 1 and 2 with the upper deposit appearing more recent/less compacted/decomposed; the lower deposit (layer 2) was dominated by compacted and decomposing shell and numerous ash layers. The midden deposit was dominated by edible muissel (Mytlius edulis plantulatus) (up to 50%) with Nerita sp. similar in several levels. Oyster and limpets were also present (10-20%)/ This pattern of exploitation revealed highly localised exploitation, differing significantly from nearby Curracurang RS. All samples came from charcoal collected in the sieves. This sample dates a fish hook file found at the site.",c14,,330,,,,AUSTRALIA
10170,Darwin Coastal,130.8,-12.5,MP (Middle Point) 2,Earth mound,Wk-5581,350,70,,,Charcoal,Charcoal,Spit 5,22-26,Radiocarbon,,Terrestrial,Open,Y,"Brockwell, 2006a, 2006b, 2009; Brockwell & Ackermann, 2007",Brockwell relates this to the late Freshwater environmental phase of the Adelaide River,c14,,350,Information within this entry has been inferred by authors - see Notes,,,AUSTRALIA
10793,Naracoorte Coastal Plain,140.1,-37.54,Abyssinia Bay,Midden,ANU-1238,350,70,,,Charcoal,Charcoal,,,Radiocarbon,,Terrestrial,Open,Y,"Luebbers, 1978 cit. Bird & Frankel, 1991","A study (Bird & Frankel, 1991) using radiometric dates of southwest Victoria as a proxy for occupation/activity. The paper concludes that late Holocene intensification, at least from a social perspective perspective, was not the case. However, the paper does show increasing numbers of dates (n=80) in the late Holocene. Interesting features of the study include an apparent hiatus between 6-7ka and the appearance of earth mounds only in the last 2.5ka. This sample comes from the upper part of a midden deposit. This sample pairs with ANU-1243.",c14,,350,,,,AUSTRALIA
10729,King,144.73,-40.33,Muttonbird Midden,Midden,ANU-1621,420,70,,,Charcoal,Charcoal,,,Radiocarbon,,Terrestrial,Open,Y,"Bowdler, 1979 cit. Stockton, 1981",This sample is referred to in a review paper of Tasmanian radiocarbon dates by Stockton 1981. Limited contextual information is provided. This sample comes from the top of the midden.,c14,,420,Information within this entry has been inferred by authors - see Notes,,,AUSTRALIA
10310,Channel Country,144.41,-28.76,Kaponyee Spring IIb,Hearth,Beta 35210,430,70,,,Charcoal from hearth,Charcoal,Excavation Unit 3,06-Oct,Radiocarbon,,Terrestrial,Open,Y,"Robin 1993, 1996",,c14,,430,,,,AUSTRALIA
13992,Sydney Basin,150.28,-35.17,Kangaroo Hill 4,Rockshelter,ANU-8437,430,70,,,Charcoal from hearth,Charcoal,"Sq. 2, spit 1",,Radiocarbon,,Terrestrial,Closed,Y,"Boot, 1994",Shallow deposit within rockshelter. This date relates to a thin band of occupation running through the site.,c14,,430,,,,AUSTRALIA
10208,South East Coastal Plain,142.52,-37.96,McArthur Creek 5,Earth mound,ANU-3761,440,70,,,Charcoal,Charcoal,Unit 2B,,Radiocarbon,,Terrestrial,Open,Y,"Williams 1985, cit. Bird & Frankel, 1991","A study (Bird & Frankel, 1991) using radiometric dates of southwest Victoria as a proxy for occupation/activity. The paper concludes that late Holocene intensification, at least from a social perspective perspective, was not the case. However, the paper does show increasing numbers of dates (n=80) in the late Holocene. Interesting features of the study include an apparent hiatus between 6-7ka and the appearance of earth mounds only in the last 2.5ka. Earth mounds have several different interpretations, including house foundations and/or a byproduct of repeated visitation and cooking and/or through collapse of sod/turf structures. This sample is associated with 'mound core'.",c14,,440,,,,AUSTRALIA
14026,Sydney Basin,150.97,-34.05,Mills Creek 11,Rockshelter,SUA-2255,480,70,,,Charcoal,Charcoal,"Sq. 1, spit 3",Oct-16,Radiocarbon,,Terrestrial,Closed,Y,"Koettig, 1985a","A rockshelter excavated prior to the installation of a land fill site near Heathcote Road, NSW. (The landfill has destroyed/buried the sites). The rockshelter was excavated to 50 cm in several areas and revealed to two main archaeological units, I (spits 1 - 4) and II (spits 5-11); the latter unit was subsequent split into IIA (spits 5-7) and IIB (spits 8-11). Radiocarbon dates indicated the use of the site from c. 2ka to European arrival. The excavation recovered some 14,000 lithics dominated by quartz, silcrete and fine grained siliceous material. An early dominance of silcrete declined around spit 4 to a dominance in quartz in the upper levels. Small marsupial and reptile bone was found in layer I. Bipolar flaking was present throughout the site with a significant increase in bipolar knapping of silcrete in layer I. Backed blades were present in all depths and in some numbers in the basal layer, indicating a proliferation by c. 2.2ka.",c14,,480,,,,AUSTRALIA
10953,Pilbara (coast),117.67,-20.7,Skew Valley (P0406) midden,Midden,ANU-1833,500,70,,,Charcoal,Charcoal,Near surface,,Radiocarbon,,Terrestrial,Open,Y,"Lorblanchet, 1992",,c14,,500,,,,AUSTRALIA
10971,Riverina,144.36,-35.86,Mckay Mill Bend 3,Midden,Beta-45946,510,70,,,Charcoal,Charcoal,,,Radiocarbon,,Terrestrial,Open,Y,"Rhodes 1992 cit. Godfrey et al., 1996",A sample referred to as part of a wider review of Victorian radiocarbon dates. This sample comes from a shell lens with charcoal 30 cm thick on Gunbower Island.,c14,,510,Information within this entry has been inferred by authors - see Notes,,,AUSTRALIA
10118,South Eastern Highlands,146.01,-36.84,Lima South Burial,Burial,SUA-2177,550,70,,,Charcoal,Charcoal,,,Radiocarbon,,Terrestrial,Closed,Y,Aboriginal Affairs Victoria cit. Godfrey et al. 1996,A sample referred to as part of a wider review of Victorian radiocarbon dates. A sample from a burial within a rockshelter. No further contextual information.,c14,,550,Information within this entry has been inferred by authors - see Notes,,,AUSTRALIA
13993,Sydney Basin,150.28,-35.17,Kangaroo Hill 4,Rockshelter,ANU-8438,550,70,,,Charcoal from hearth,Charcoal,"Sq. 2, spit 3",,Radiocarbon,,Terrestrial,Closed,Y,"Boot 1993, 1994",Shallow deposit within rockshelter. This date relates to a thin band of occupation running through the site.,c14,,550,,,,AUSTRALIA
12506,Victoria Volcanic Plain,142.88,-37.71,Lake Bolac 2,Open site,SUA-1456,580,70,,,Charcoal,Charcoal,,,Radiocarbon,,Terrestrial,Open,Y,"Coutts & Witter, 1977, cit. Bird & Frankel, 1991","A study (Bird & Frankel, 1991) using radiometric dates of southwest Victoria as a proxy for occupation/activity. The paper concludes that late Holocene intensification, at least from a social perspective perspective, was not the case. However, the paper does show increasing numbers of dates (n=80) in the late Holocene. Interesting features of the study include an apparent hiatus between 6-7ka and the appearance of earth mounds only in the last 2.5ka. This sample dates the bottom of the 'modern layer'.",c14,,580,,,,AUSTRALIA
10345,Desert Uplands,143.1519,-20.7422,Richmond Hearth 13/B1,Hearth,ANU-11908,630,70,,,Charcoal,Charcoal,,,Radiocarbon,,Terrestrial,Open,Y,Wallis et al. 2004,,c14,,630,,,,AUSTRALIA
14048,Sydney Basin,150.28,-35.17,"Rock Pool Shelter, Tianjara Creek",Rockshelter,ANU-8423,690,70,,,Charcoal from hearth,Charcoal,"Sq. 1, spit 1",,Radiocarbon,,Terrestrial,Closed,Y,"Boot 1993, 1994",Rockshelter near a small rockpool with 48 grinding grooves. Shallow deposit within rockshelter. Most artefacts recovered from spits 6 and 7. ANU-8423 and ANU-8981 brackets occupation at site.,c14,,690,,,,AUSTRALIA
13509,Naracoorte Coastal Plain,140.69,-38.05,Koongine Cave,Rockshelter,Beta-14848,700,70,,,Charcoal,Charcoal,"Sq. J9/7, unit 2",54,Radiocarbon,,Terrestrial,Closed,Y,"Frankel, 1986; Frankel, 1988 cit. Bird & Frankel, 1991","One of several rockshelters in this location (and includes Malangine and Piccaninnie RS). Excavations revealed a mixture of charcoal-rich occupation deposits interleaved with sterile sands. An initial intense occupation of about 1,000 years was identified at 9ka, and composed of flint tools and bones. Some shell was also evident in the lowest deposit. More recent deposits <700 years also evident, indicating abandonment of the site between c. 8ka - 1ka. This lab code is referred to as Beta-14858 in Bird & Frankel, 1991.",c14,,700,,,,AUSTRALIA
11319,Sydney Basin,150.6,-35.1,St Georges Basin 5,Midden,ANU-1985,710,70,,,Charcoal,Charcoal,H18/5a,,Radiocarbon,,Terrestrial,Open,Y,"Barz, 1977 cit. Boot, 2002; Barz, 1977 cit. Hutchinson & Attenbrow, 2009",Basal date of site.,c14,,710,Information within this entry has been inferred by authors - see Notes,,,AUSTRALIA
10831,Naracoorte Coastal Plain,140.26,-37.68,Inland Camps,Midden,ANU-1546,720,70,,,Charcoal,Charcoal,,,Radiocarbon,,Terrestrial,Open,Y,"Luebbers, 1978 cit. Bird & Frankel, 1991","A study (Bird & Frankel, 1991) using radiometric dates of southwest Victoria as a proxy for occupation/activity. The paper concludes that late Holocene intensification, at least from a social perspective perspective, was not the case. However, the paper does show increasing numbers of dates (n=80) in the late Holocene. Interesting features of the study include an apparent hiatus between 6-7ka and the appearance of earth mounds only in the last 2.5ka.",c14,,720,,,,AUSTRALIA
13902,Sydney Basin,149.72,-32.29,BOB/1 (Ulan),Rockshelter,ANU-123,730,70,,,Charcoal,Charcoal,"Sq. E, level 1","4-6""",Radiocarbon,,Terrestrial,Closed,Y,Moore 1970,"Excavation of rockshelter near Queens Creek (Ulan), 16,609 artefacts recovered with 907 being implements to depths of 48"" (hard grey sterile clay and/or sandstone bedrock found beneath this point). Different from Hunter Valley in raw materials - milky quartz, rock crystal and fine grained grey chert. Bondi points found throughout.  69 bone implements also identified, 42 of which were burins. Bone found only in levels 1-3 (many of which were post-European species)",c14,,730,Information within this entry has been inferred by authors - see Notes,,,AUSTRALIA
10419,Murray Darling Depression,143.1,-33.8,Lake Mungo (WOC-3),Hearth,ANU 666,740,70,,,Charcoal from hearth,Charcoal,,,Radiocarbon,,Terrestrial,Open,Y,"Barbetti 1973, Johnston & Clark, 1998",,c14,,740,,,,AUSTRALIA
10393,Murray Darling Depression,143,-33.6,Lake Leaghur (LLB-1),Hearth,ANU 675,750,70,,,Charcoal from hearth,Charcoal,,,Radiocarbon,,Terrestrial,Open,Y,"Barbetti 1973, Johnston & Clark, 1998",,c14,,750,,,,AUSTRALIA
10735,King,144.76,-40.52,"Stockyard Site, Hunter Island",Midden,ANU-1620,760,70,,,Charcoal,Charcoal,,,Radiocarbon,,Terrestrial,Open,Y,"Geering, 1982; Bowdler, 1979 cit. Stockton, 1981","Midden in the centre of the island retaining two broad midden units. This date comes from the bottom 5cm of the upper midden unit. This date was one of the early samples for the site, which had only been recently excavated at this stage.",c14,,760,Information within this entry has been inferred by authors - see Notes,,,AUSTRALIA
14761,King,144.73,-40.33,Rookery Rockshelter,Rockshelter with midden deposits,ANU-1698,870,70,,,Charcoal,Charcoal,,,Radiocarbon,,Terrestrial,Closed,Y,"Bowdler, 1979 cit. Stockton, 1981",This sample is referred to in a review paper of Tasmanian radiocarbon dates by Stockton 1981. Limited contextual information is provided.,c14,,870,Information within this entry has been inferred by authors - see Notes,,,AUSTRALIA
10340,Channel Country,144.33,-28.84,White Bore IV,Hearth,Beta 33937,880,70,,,Charcoal from hearth,Charcoal,Excavation Unit 4,06-Oct,Radiocarbon,,Terrestrial,Open,Y,"Robin 1993, 1996",,c14,,880,,,,AUSTRALIA
10116,South East Corner,150.2,-35.83,Barlings Beach,Burial,ANU-7501B,910,70,,,Bone,Bone,,,Radiocarbon,,Terrestrial,Open,Y,"Pardoe, 1991 cit. Brown, 2005",Human remains recovered from a shell midden on Barlings Beach following construction disturbance. Identified as an adult female in her 30's.,c14,,910,,,,AUSTRALIA
14008,Sydney Basin,150.37,-33.73,King's Tableland,Rockshelter,SUA-155,980,70,,,Charcoal,Charcoal,"Level 5, SU II",23-25,Radiocarbon,,Terrestrial,Closed,Y,"Stockton & Holland 1974 ; Gillespie & Temple, 1976","Site consists of two stratigraphic units, Phase I - IV are late Holocene, while the lower deposit dates >14ka. This date relates to the Phase IV assemblage. Date referred to as 1060 +/- 115 years BP in Stockton (1993). Gillespie & Temple indicate that this date was 965 +/- 75",c14,,980,,,,AUSTRALIA
10394,Murray Darling Depression,143,-33.6,Lake Leaghur (LLB-1),Hearth,ANU 674,990,70,,,Charcoal from hearth,Charcoal,,,Radiocarbon,,Terrestrial,Open,Y,"Barbetti 1973, Johnston & Clark, 1998",,c14,,990,,,,AUSTRALIA
12376,Sydney Basin,151.16,-32.51,GCC 33 (Camberwell),Open site,Beta-29213,1020,70,,,Charcoal,Charcoal,,,Radiocarbon,,Terrestrial,Open,Y,"Koettig, 1992","This sample formed part of a larger salvage excavation of sites within the Camberwell mining lease area. Initial surveys identified 31 open artefact scatters, most small with  GCC19 and 20 being larger, and GCC27 having raw materials indicative of other Pleistocene finds in the area. The salvage identified a continuous unpatterned occupation along the Station creek and identified features including hearths, heat treatment areas, pits, an oven, stone knapping floors, and small artefact concentrations indicating specific activities. The sites were all dominated by mudstone and silcrete with lesser proportions of chert, quartz and volcanic materials. The technological analysis revealed six type of reduction, four of whic included the removal of a flake from a flake core body. Heat treatment of silcrete cores (but not mudstone) was common. Nineteen dates indicate that the occupation was constrained to the last few thosand years, despite earlier thoughts of a Pleistocene signal. Some difference between Bondaian assemblages east of Singleton and this site were noted.",c14,,1020,,,,AUSTRALIA
10794,Naracoorte Coastal Plain,140.1,-37.54,Abyssinia Bay,Midden,ANU-1171,1030,70,,,Charcoal,Charcoal,,,Radiocarbon,,Terrestrial,Open,Y,"Luebbers, 1978 cit. Bird & Frankel, 1991","A study (Bird & Frankel, 1991) using radiometric dates of southwest Victoria as a proxy for occupation/activity. The paper concludes that late Holocene intensification, at least from a social perspective perspective, was not the case. However, the paper does show increasing numbers of dates (n=80) in the late Holocene. Interesting features of the study include an apparent hiatus between 6-7ka and the appearance of earth mounds only in the last 2.5ka. This sample dates the lower part of the midden, but was not basal. This sample pairs with ANU-1242.",c14,,1030,,,,AUSTRALIA
14304,Victoria Bonaparte,129.16,-15.43,Jinmium Rockshelter,Rockshelter,Wk-7693,1060,70,,,Seed Fragment,Wood/Plant Material,C1/III  Spit 18A,80-84,Radiocarbon,,Terrestrial,Closed,Y,"Atchison et. al., 2005",Sample relates to a fruit seed processing study and directly relates to the human activity,c14,,1060,,,,AUSTRALIA
11017,South East Coastal Plain,142.35,-38.32,Dura Midden 2,Midden,ANU-6451,1100,70,,,Charcoal,Charcoal,"Sq PF2, spit 12",,Radiocarbon,,Terrestrial,Open,Y,"Marshall, 1988 cit. Bird & Frankel, 1991","A study (Bird & Frankel, 1991) using radiometric dates of southwest Victoria as a proxy for occupation/activity. The paper concludes that late Holocene intensification, at least from a social perspective perspective, was not the case. However, the paper does show increasing numbers of dates (n=80) in the late Holocene. Interesting features of the study include an apparent hiatus between 6-7ka and the appearance of earth mounds only in the last 2.5ka. This date reflects the basal age of the site.",c14,,1100,,,,AUSTRALIA
13812,South Eastern Highlands,148.21,-37.41,Cloggs Cave,Rockshelter,ANU-1183,1110,70,,,Charcoal,Charcoal,,,Radiocarbon,,Terrestrial,Closed,Y,"Flood, 1980","Date relates to the upper 'small tool tradition' within the site. The deposit consisted of 11 backed blades of chert and jasper, 23 bipolar scaled pieces of quartz, small low-backed scrapers, 15 blade cores and 7 small core tools, 4 use-polished and 5 slightly retouched flakes and some 600 waste flakes (from a 7.5 sq m excavation). The author considered this assmeblage to reflect a manufacturing site. This site differs from others further north in the favouring of geometric microliths over backed blades - a common occurrence in the more southerly parts of SE Australia.",c14,,1110,Information within this entry has been inferred by authors - see Notes,,,AUSTRALIA
11379,Tasmanian West,145.17,-42.2,Cape Sorrell,Midden,V-20,1120,70,,,Charcoal,Charcoal,,,Radiocarbon,,Terrestrial,Open,Y,"Reber, 1967 cit. Stockton, 1981","This sample is referred to in a review paper of Tasmanian radiocarbon dates by Stockton 1981. This sample was the basal date of a midden. Limited contextual information is provided. The paper does not indicate if this sample is terrestrial or marine -given the lack of reservoir correction discussio in the paper, it is assumed to be terrestrial.",c14,,1120,Information within this entry has been inferred by authors - see Notes,,,AUSTRALIA
10805,Naracoorte Coastal Plain,140.26,-37.68,Cameron Rock,Midden,ANU-1245,1160,70,,,Charcoal,Charcoal,"Sq. 1, layer 3",,Radiocarbon,,Terrestrial,Open,Y,"Luebbers, 1978 cit. Bird & Frankel, 1991","A study (Bird & Frankel, 1991) using radiometric dates of southwest Victoria as a proxy for occupation/activity. The paper concludes that late Holocene intensification, at least from a social perspective perspective, was not the case. However, the paper does show increasing numbers of dates (n=80) in the late Holocene. Interesting features of the study include an apparent hiatus between 6-7ka and the appearance of earth mounds only in the last 2.5ka. This sample pairs with ANU-1241. This paper also references this date as from Canunda Rocks. Presumed a duplicate and deleted.",c14,,1160,,,,AUSTRALIA
12386,Sydney Basin,151.16,-32.51,GCC 7/8 (Camberwell),Open site,Beta-39205,1200,70,,,Charcoal,Charcoal,,,Radiocarbon,,Terrestrial,Open,Y,"Koettig, 1992","This sample formed part of a larger salvage excavation of sites within the Camberwell mining lease area. Initial surveys identified 31 open artefact scatters, most small with  GCC19 and 20 being larger, and GCC27 having raw materials indicative of other Pleistocene finds in the area. The salvage identified a continuous unpatterned occupation along the Station creek and identified features including hearths, heat treatment areas, pits, an oven, stone knapping floors, and small artefact concentrations indicating specific activities. The sites were all dominated by mudstone and silcrete with lesser proportions of chert, quartz and volcanic materials. The technological analysis revealed six type of reduction, four of whic included the removal of a flake from a flake core body. Heat treatment of silcrete cores (but not mudstone) was common. Nineteen dates indicate that the occupation was constrained to the last few thosand years, despite earlier thoughts of a Pleistocene signal. Some difference between Bondaian assemblages east of Singleton and this site were noted.",c14,,1200,,,,AUSTRALIA
13570,NSW North Coast,152.61,-29.7,Jacky's Creek,Rockshelter,V-43,1225,70,,,Charcoal,Charcoal,"Trench 1(e), IIA","6-9""",Radiocarbon,,Terrestrial,Closed,Y,"Bermingham, 1966; McBryde, 1966","Shallow steeply angled rockshelter dug as part of a wider study of New England by McBryde (1974). Four levels levels of deposit with Level IA and IIA forming the bulk of the assemblage. Level IV at the base of the talus was sterile. This sample was taken near entrance of RS where stratigraphic complexity occurred. Level was richest in cultural material; implements including uniface pebble tools, broken ground-edged axes, and use-polished pieces. A few blade tools were also found, but no bone artefacts.",c14,,1225,,,,AUSTRALIA
10841,Naracoorte Coastal Plain,140.75,-38.05,Port MacDonnell,Midden,ANU-6353,1230,70,,,Charcoal,Charcoal,"Unit 1, spit 16",93.5-110,Radiocarbon,,Terrestrial,Open,Y,"Egloff et al., 1989 cit. Bird & Frankel, 1991","A study (Bird & Frankel, 1991) using radiometric dates of southwest Victoria as a proxy for occupation/activity. The paper concludes that late Holocene intensification, at least from a social perspective perspective, was not the case. However, the paper does show increasing numbers of dates (n=80) in the late Holocene. Interesting features of the study include an apparent hiatus between 6-7ka and the appearance of earth mounds only in the last 2.5ka.",c14,,1230,,,,AUSTRALIA
11021,South East Coastal Plain,141.29,-38.21,"East Monbong, Site 2, Midden 3",Midden,Wk-415,1280,70,,,Charcoal,Charcoal,,,Radiocarbon,,Terrestrial,Open,Y,"Godfrey, 1989","This date comes from the a survey of Discovery Coastal Park on the border of VIC/SA. The survey identified over 1000 middens dated primarily between b490 and 3860 BP, and were dominated by Donax sp. and Brachidontes sp (lesser representations of Mytilus and Ostrea sp. were also present).",c14,,1280,,,,AUSTRALIA
13572,NSW North Coast,152.61,-29.7,Jacky's Creek,Rockshelter,V-41,1310,70,,,Charcoal,Charcoal,"Trench 1(b), I","5-6""",Radiocarbon,,Terrestrial,Closed,Y,"Bermingham, 1966; McBryde, 1966","Shallow steeply angled rockshelter dug as part of a wider study of New England by McBryde (1974). Four levels levels of deposit with Level IA and IIA forming the bulk of the assemblage. Level IV at the base of the talus was sterile.  This level stratigraphically relates to V-45. Artefacts from this level include bone points, stone use-polished edge and part of a ground-edged axe.",c14,,1310,,,,AUSTRALIA
14762,King,144.73,-40.33,Rookery Rockshelter,Rockshelter with midden deposits,ANU-1699,1370,70,,,Charcoal,Charcoal,,,Radiocarbon,,Terrestrial,Closed,Y,"Bowdler, 1979 cit. Stockton, 1981",This sample is referred to in a review paper of Tasmanian radiocarbon dates by Stockton 1981. Limited contextual information is provided.,c14,,1370,Information within this entry has been inferred by authors - see Notes,,,AUSTRALIA
10017,Murray Darling Depression,143.06,-35.26,Chillingollah 3,Burial,SUA-1695B,1380,70,,,Bone (residue),Bone,,,Radiocarbon,,Terrestrial,Open,Y,"Macphail, 1982; Godfrey et al. 1996",A sample taken from a burial in the Mallee and used to explore variations in bone materials for radiocarbon dating. This sample was considered more reliable than SUA-1695A.,c14,,1380,Information within this entry has been inferred by authors - see Notes,,,AUSTRALIA
10334,Channel Country,142.3,-29.41,Stud Creek,Hearth,Wk-6620,1390,70,-23.3,0.2,Charcoal from hearth,Charcoal,H98-8,,Radiocarbon,,Terrestrial,Open,Y,Holdaway et al. 2002,,c14,,1390,,,,AUSTRALIA
14028,Sydney Basin,150.97,-34.05,Mills Creek 11,Rockshelter,SUA-2256,1520,70,,,Charcoal,Charcoal,"Sq. 1, spit 5",20-25,Radiocarbon,,Terrestrial,Closed,Y,"Koettig, 1985a","A rockshelter excavated prior to the installation of a land fill site near Heathcote Road, NSW. (The landfill has destroyed/buried the sites). The rockshelter was excavated to 50 cm in several areas and revealed to two main archaeological units, I (spits 1 - 4) and II (spits 5-11); the latter unit was subsequent split into IIA (spits 5-7) and IIB (spits 8-11). Radiocarbon dates indicated the use of the site from c. 2ka to European arrival. The excavation recovered some 14,000 lithics dominated by quartz, silcrete and fine grained siliceous material. An early dominance of silcrete declined around spit 4 to a dominance in quartz in the upper levels. Small marsupial and reptile bone was found in layer I. Bipolar flaking was present throughout the site with a significant increase in bipolar knapping of silcrete in layer I. Backed blades were present in all depths and in some numbers in the basal layer, indicating a proliferation by c. 2.2ka.",c14,,1520,,,,AUSTRALIA
14049,Sydney Basin,150.28,-35.17,"Rock Pool Shelter, Tianjara Creek",Rockshelter,ANU-8981,1530,70,,,Scattered charcoal,Charcoal,"Sq. 1, spit 8",,Radiocarbon,,Terrestrial,Closed,Y,"Boot, 1994",Rockshelter near a small rockpool with 48 grinding grooves. Shallow deposit within rockshelter. Most artefacts recovered from spits 6 and 7. ANU-8423 and ANU-8981 brackets occupation at site.,c14,,1530,,,,AUSTRALIA
10715,King,144.67,-41.05,Arthur River,Midden,V-19,1560,70,,,Charcoal,Charcoal,,,Radiocarbon,,Terrestrial,Open,Y,"Reber, 1967 cit. Stockton, 1981","This sample is referred to in a review paper of Tasmanian radiocarbon dates by Stockton 1981. Limited contextual information is provided. The paper does not indicate if this sample is terrestrial or marine -given the lack of reservoir correction discussio in the paper, it is assumed to be terrestrial.",c14,,1560,Information within this entry has been inferred by authors - see Notes,,,AUSTRALIA
10821,Naracoorte Coastal Plain,139.88,-37.29,Domaschenz Ridge,Midden,ANU-1169,1590,70,,,Charcoal,Charcoal,Middle of site,,Radiocarbon,,Terrestrial,Open,Y,"Luebbers, 1978 cit. Bird & Frankel, 1991","A study (Bird & Frankel, 1991) using radiometric dates of southwest Victoria as a proxy for occupation/activity. The paper concludes that late Holocene intensification, at least from a social perspective perspective, was not the case. However, the paper does show increasing numbers of dates (n=80) in the late Holocene. Interesting features of the study include an apparent hiatus between 6-7ka and the appearance of earth mounds only in the last 2.5ka. This sample pairs with ANU-1239.",c14,,1590,,,,AUSTRALIA
14779,Sydney Basin,150.84,-35.01,Abraham's Bosom Rockshelter 1,Rockshelter with midden deposits,ANU-6446,1630,70,,,Charcoal,Charcoal,"TP AB1/1, spit 11, layer 3",90-105,Radiocarbon,,Terrestrial,Closed,Y,"Paton & MacFarlane, 1989; Boot, 2002","Site located some 1200 m from the township of Currarong along Abrahams Bosom creek. Not far from Curracurrang RS due by Lampert in the 1970's. Excavation undertaken as part of a planning exercise for a proposed walking track. Two 100 x 100 cm test pits were excavated. TP AB/1 was some 115 cm deep and revealed four stratigraphic units, AB/2 was only 50 cm deep and contained two of the units identified in AB/1, specifically 'layers 1 and 2'. The site contained a lower black humic deposit (layer 3) with low shell and bone component, but high stone artefacts, overlain by a midden deposit containing fish hooks, organic materials and fewer stone artefacts. Two bone points were also recovered. The midden deposit was further split into layers 1 and 2 with the upper deposit appearing more recent/less compacted/decomposed; the lower deposit (layer 2) was dominated by compacted and decomposing shell and numerous ash layers. The midden deposit was dominated by edible muissel (Mytlius edulis plantulatus) (up to 50%) with Nerita sp. similar in several levels. Oyster and limpets were also present (10-20%)/ This pattern of exploitation revealed highly localised exploitation, differing significantly from nearby Curracurang RS. All samples came from charcoal collected in the sieves. Basal age for the site.",c14,,1630,,,,AUSTRALIA
13925,Sydney Basin,150.42,-35.37,Burrill Lake,Rockshelter,ANU-139,1660,70,,,Scattered charcoal,Charcoal,"Depth Unit 2, SU II",27,Radiocarbon,,Terrestrial,Closed,Y,"Lampert, 1971a","Burril Lake shelter was dug by McCarthy in the 1940's and was used in the Bondaian/Eloueran discussions. The site consisted of five stratigraphic units (I-V) of sand and clay. Only the upper unit retained shell material. Levels V and IV were both >20ka (probably forming quite quickly) and retained pebble tools, horse-hoof cores, saw edge flakes and a number of scrapers. Level III contained a similar assemblage. Level II was typically Bondaian and included bondi points, eloueras, fabricators and thumbnail scrapers. Larger scrapers than lower deposits were also found. These implements continued into level I, but with less Bondi points. The shell and faunal remains in level I, indicate an exploitation of estuarine species and terrestrial animals - the latter being more important. An Anadara sp. shell was also found in level IV, some 20ka. Not specified, but could be intrusive. This sample dates the top of Level II",c14,,1660,,,,AUSTRALIA
13907,Sydney Basin,150.2,-35.11,Bobs Cave,Rockshelter,ANU-8428,1780,70,,,Scattered charcoal,Charcoal,"Sq. 2, spit 3",,Radiocarbon,,Terrestrial,Closed,Y,"Boot, 1994","Large sandstone shelter south of Sassfras. Excavations of 4 x 1 m trench to a depth of 1 m dug near the back wall. Boot identifies five periods of high artefact discard: 11,000 - 10,000; 6,000 - 5,000; 4,000 - 3,500; 2,500 - 2000; and 500 BP. Upper levels of site retained majority of occupation including backed blades and bipolar flakes (spits 3-7). Lower levels (spits 15 and 16) retained large artefacts from volcanic pebbles and silcrete primary flakes. Compares well with other sites in the region.",c14,,1780,,,,AUSTRALIA
14002,Sydney Basin,150.66,-33.66,KII Shaws Creek,Rockshelter,Beta-1213,1840,70,,,Charcoal,Charcoal,"Sq. B, spit 3, unit 6(base), phase II",23,Radiocarbon,,Terrestrial,Closed,Y,"Kohen et al. 1981, 1984","Site has sedimentary units increasing through the site (from 1 to 6, with archaeology only occurring in 4-6), with archaeological phases going up the site from Phase VI - I. Base of phase VI retained 55 artefacts; Phase VI retained a high proportion of heavy flakes and several with fine invasive retouch; Phase V and IV showed continutiy with earlier assemblage and includes reducing mean weight (g), decline in chert, decline in tools, declne in thick flakes, higher retouched pieces; phase III-i saw appearance and decline in backed tools and geometric microliths and edge-ground hatchets. Phase III-1 retained the highest number of artefacts. Kohen et al. notes a decline in the assemblage during Phase IV (4100 - 7900 calendar years BP). Also referred to as SUA-1392 in Kohen et al. 1981.",c14,,1840,,,,AUSTRALIA
10672,Darwin Coastal,130.8,-12.5,HI83,Midden,Wk-6527,1850,70,,,Charcoal,Charcoal,67 cm (from surface),67,Radiocarbon,,Terrestrial,Open,Y,"Bourke, 2004; Bourke, 2005b; Brockwell et al., 2009",,c14,,1850,Information within this entry has been inferred by authors - see Notes,,,AUSTRALIA
14075,Sydney Basin,151.18,-33.37,Upside-Down Man,Rockshelter,ANU-8135,1860,70,,,Charcoal,Charcoal,Sq. 6B/4 (SU II),15-20,Radiocarbon,,Terrestrial,Closed,Y,"McDonald, 1994a, 2008","A rockshelter located on Ironbark Creek (a tributary of Mangrove Creek), and excavated as part of McDonald's PhD work. The shelter contained extensive rock art motifs (some 274 motifs - black, red and/or white in colour). Excavations revealed four soil units to depths of c.50 cm. The excavations recovered stone artefacts, charcoal, shell, seeds, bone and pigments. Shell consisted of Sydney cockle, hairy mussel and freshwater shell (Hyridella sp.). Some 3,650 artefacts were analysed (about c.5,000 recovered) dominated by quartz (38%), indurated mudstone (21%), FGS and pebbly chert. Artefact densities began c. 4ka and were low  (units III and IV) with a brief peak in SU IV. The highest discard rates were evident in SU II. A hiatus appeared evident in SU III. Later stages indicate intensification and contained backed blades and bipolar techniques. The terminal date for the site was c.1.2 ka.",c14,,1860,,,,AUSTRALIA
10076,Murray Darling Depression,139.3,-35.15,Swanport Aboriginal burial ground,Burial,OZF-391,1900,70,-21.55,0.68,Human bone collagen,Bone,SA Museum # A54,,Radiocarbon,,Terrestrial,Open,Y,"Pate et al., 2003","An open site near Swanport (on the mouth of the Murray River) that contained some 136 human burials. Originally, thought to be 19th century in age, AMS dates suggest an ongoing use of the site between 2.5ka and 0.5 ka. The burials were more gracile and had smaller teeth than nearby Roonka and was considered to represent a different population from the coast to the south, rather than the inland Murray Darling Basin. Samples were taken from five individual femurs and a crania (sample #A54).",c14,,1900,Information within this entry has been inferred by authors - see Notes,,,AUSTRALIA
13800,South Eastern Highlands,148.95,-35.45,Birrigai Rockshelter,Rockshelter,Beta-16652,1980,70,,,Charcoal,Charcoal,"T 5A, IVa centre",28.7-30.4,Radiocarbon,,Terrestrial,Closed,Y,"Flood et al., 1987","A rockshetler in Tidbinbilla, ACT. The rockshelter contains four phases of occupation: 1) pre-21,000 - sterile deposits; 2) 21-3,000 BP - occupation commences including a well-defined hearth at 15,930 BP. Plant and animal resources were used during this period. Low intensity of occupation is present with minimal artefacts, charcoal or other materials. No evidence of a change between the Pleistocene/Holocene in the site; 3) 3,000 - 100 BP - occupation intensity increases dramatically, including artefacts, charcoal and sedimentation rates; and 4) 100 BP - present - represented by layer 1 and shows a slight decline in charcoal and artefacts. The overall model produced in the paper indicated increasing occupations at 3,000 BP before a decline after 2,000 BP due to re-organisation of people in the landscape. This sample found in association with artefacts.",c14,,1980,,,,AUSTRALIA
10954,Pilbara (coast),117.67,-20.7,Skew Valley (P0406) midden,Midden,ANU-1870,2010,70,,,Charcoal,Charcoal,,,Radiocarbon,,Terrestrial,Open,Y,"Lorblanchet, 1992",,c14,,2010,,,,AUSTRALIA
10240,Victoria Volcanic Plain,142.69,-37.78,KP/1,Earth mound,SUA-1922,2040,70,,,Charcoal,Charcoal,,,Radiocarbon,,Terrestrial,Open,Y,"VAS, n.d., cit. Bird & Frankel, 1991","A study (Bird & Frankel, 1991) using radiometric dates of southwest Victoria as a proxy for occupation/activity. The paper concludes that late Holocene intensification, at least from a social perspective perspective, was not the case. However, the paper does show increasing numbers of dates (n=80) in the late Holocene. Interesting features of the study include an apparent hiatus between 6-7ka and the appearance of earth mounds only in the last 2.5ka. Earth mounds have several different interpretations, including house foundations and/or a byproduct of repeated visitation and cooking and/or through collapse of sod/turf structures.",c14,,2040,,,,AUSTRALIA
13483,Nandewar,150.93,-29.47,Graman Area B Site 1,Rockshelter,GaK-1187,2040,70,,,Charcoal,Charcoal,"Site 1, Tr. 2, zone (d), Level I","10-13""",Radiocarbon,,Terrestrial,Closed,Y,"Polach et al. 1968, McBryde, 1974",Agrees well with ANU-54.,c14,,2040,,,,AUSTRALIA
14178,Tasmanian Southern Ranges,146.54,-43.52,Prion Beach,Rockshelter,ANU-7193,2070,70,,,Charcoal,Charcoal,,,Radiocarbon,,Terrestrial,Closed,Y,"Dunnett, 1992",A study of seabird exploitation from a rockshelter on the southern most part of Tasmania. No detailed information on the site was discussed. Findings of the study indicate that seabirds may have been a more primary source of resources than seals.,c14,,2070,,,,AUSTRALIA
10233,Victoria Volcanic Plain,142.65,-37.86,Chatsworth 1,Earth mound,SUA-1925,2080,70,,,Charcoal,Charcoal,,,Radiocarbon,,Terrestrial,Open,Y,"VAS, n.d., cit. Bird & Frankel, 1991","A study (Bird & Frankel, 1991) using radiometric dates of southwest Victoria as a proxy for occupation/activity. The paper concludes that late Holocene intensification, at least from a social perspective perspective, was not the case. However, the paper does show increasing numbers of dates (n=80) in the late Holocene. Interesting features of the study include an apparent hiatus between 6-7ka and the appearance of earth mounds only in the last 2.5ka. Earth mounds have several different interpretations, including house foundations and/or a byproduct of repeated visitation and cooking and/or through collapse of sod/turf structures.",c14,,2080,,,,AUSTRALIA
12447,Sydney Basin,151.63,-32.83,Wood Gully,Open site,Beta-119475,2130,70,,,Charcoal,Charcoal,Hearth,,Radiocarbon,,Terrestrial,Open,Y,"Southeast Archaeology Pty Ltd, 2000","Part of a salvage excavation in advance of the extension of the F3 Freeway between Minmi and the New England Highway in Beresfield. Excavation of two sites (#38-4-376 (Black Hill 2) and #38-4-410 (Wood Gully)) were undertaken (totalling 196 sq. m) and over 37,000 lithic items were recovered (with some 22,000 being artefacts). Artefact densities were between 200 and 500 per cubic metre. The assemblage was late Holocene in composition and indicated a site dominated by microblade and microlith knapping. Raw material was dominated by rhyolitic tuff (70%) with lesser silcrete (20%) representation. This date came from a stone-lined fire pit associated with the Wood Gully site.",c14,,2130,Information within this entry has been inferred by authors - see Notes,,,AUSTRALIA
10527,Victoria Volcanic Plain,145.87,-38.75,G-DR-8,Hearth,Beta-61795,2160,70,,,Charcoal,Charcoal,"Layer 2, spit 5, feature 1",,Radiocarbon,,Terrestrial,Open,Y,"Du Cros, 1993","An open site located on the banks of the Koroit Creek at Gisborne South. Excavations of 12 sq. m to a depth of 50 cm. Two hearths were identified and sampled. These were found in association with 1685 artefacts dominated by silcrete, quartz and basalt. The main artefact bearing layers were fluvial in origin. Backed blades and other implements were recovered and usewear suggests some wood-working activity.",c14,,2160,Information within this entry has been inferred by authors - see Notes,,,AUSTRALIA
13954,Sydney Basin,151.03,-33.76,Darling Mills SF2,Rockshelter,Wk-2701,2170,70,,,Charcoal,Charcoal,Sq. 22H/15LBG (layer II lower),c.63,Radiocarbon,,Terrestrial,Closed,Y,"Attenbrow, 1993","A rockshelter located in Darling Mills Stage Forest (now Bidjigal Reserve). Excavation included several areas of the shelter to levels up to 90 cm in depth (although archaeological material was only found to 70 cm). The site was divided into three units (all containing artefacts): layer I was a disturbed deposit with European and Aboriginal finds; Layer II was composed of sandy deposits with Aboriginal finds; and layer III was the basal yellow brownish sandy deposit (sterile?). Two different sets of radiocarbon determinations were undertaken on this site following age inversions with samples taken in 1992. Wk-2513, Wk-2701 and Wk-2511 were undertaken first, with the remaining to firm up this chronology. Despite additional dates, the chronology still appears problematic, although it appears the main unit of archaeology (layer II) could be dated to c. 2.5 ka with some evidence of deposits greater than this. Attenbrow considers the 6 ka and 10 ka dates, Wk-2694 and Wk-2511, reliable for the base of layer II, however no disconformities or other hiatus could be observed as to why such a different age was evident. Further, layer II is dominated by Bondaian assemblage with no evidence of earlier technologies. Disturbance was evident within the deposit.",c14,,2170,,,,AUSTRALIA
14029,Sydney Basin,150.97,-34.05,Mills Creek 11,Rockshelter,SUA-2257,2220,70,,,Charcoal,Charcoal,"Sq. 1, spit 9",45-50,Radiocarbon,,Terrestrial,Closed,Y,"Koettig, 1985a","A rockshelter excavated prior to the installation of a land fill site near Heathcote Road, NSW. (The landfill has destroyed/buried the sites). The rockshelter was excavated to 50 cm in several areas and revealed to two main archaeological units, I (spits 1 - 4) and II (spits 5-11); the latter unit was subsequent split into IIA (spits 5-7) and IIB (spits 8-11). Radiocarbon dates indicated the use of the site from c. 2ka to European arrival. The excavation recovered some 14,000 lithics dominated by quartz, silcrete and fine grained siliceous material. An early dominance of silcrete declined around spit 4 to a dominance in quartz in the upper levels. Small marsupial and reptile bone was found in layer I. Bipolar flaking was present throughout the site with a significant increase in bipolar knapping of silcrete in layer I. Backed blades were present in all depths and in some numbers in the basal layer, indicating a proliferation by c. 2.2ka.",c14,,2220,,,,AUSTRALIA
13955,Sydney Basin,151.03,-33.76,Darling Mills SF2,Rockshelter,Wk-2961,2230,70,,,Charcoal,Charcoal,Sq. 22H/13BY (layer II lower),42-48,Radiocarbon,,Terrestrial,Closed,Y,"Attenbrow, 1993","A rockshelter located in Darling Mills Stage Forest (now Bidjigal Reserve). Excavation included several areas of the shelter to levels up to 90 cm in depth (although archaeological material was only found to 70 cm). The site was divided into three units (all containing artefacts): layer I was a disturbed deposit with European and Aboriginal finds; Layer II was composed of sandy deposits with Aboriginal finds; and layer III was the basal yellow brownish sandy deposit (sterile?). Two different sets of radiocarbon determinations were undertaken on this site following age inversions with samples taken in 1992. Wk-2513, Wk-2701 and Wk-2511 were undertaken first, with the remaining to firm up this chronology. Despite additional dates, the chronology still appears problematic, although it appears the main unit of archaeology (layer II) could be dated to c. 2.5 ka with some evidence of deposits greater than this. Attenbrow considers the 6 ka and 10 ka dates, Wk-2694 and Wk-2511, reliable for the base of layer II, however no disconformities or other hiatus could be observed as to why such a different age was evident. Further, layer II is dominated by Bondaian assemblage with no evidence of earlier technologies. Disturbance was evident within the deposit.",c14,,2230,,,,AUSTRALIA
13909,Sydney Basin,150.2,-35.11,Bobs Cave,Rockshelter,ANU-8427,2250,70,,,Charcoal from hearth,Charcoal,"Sq. 2, spit 2",,Radiocarbon,,Terrestrial,Closed,Y,"Boot 1993, 1994","Large sandstone shelter south of Sassfras. Excavations of 4 x 1 m trench to a depth of 1 m dug near the back wall. Boot identifies five periods of high artefact discard: 11,000 - 10,000; 6,000 - 5,000; 4,000 - 3,500; 2,500 - 2000; and 500 BP. This sample dates the appearance of quarz and absence of backed blades in the assemblage. Upper levels of site retained majority of occupation including backed blades and bipolar flakes (spits 3-7). Lower levels (spits 15 and 16) retained large artefacts from volcanic pebbles and silcrete primary flakes. Compares well with other sites in the region.",c14,,2250,,,,AUSTRALIA
14172,Tasmanian Southern Ranges,146.84,-41.56,ORS 7,Rockshelter,Beta-27078,2450,70,,,Charcoal,Charcoal,"Layer 1, spit 1",5,Radiocarbon,,Terrestrial,Closed,Y,"Cosgrove, 1989, 1996a","A sandstone rockshelter located on the edge of the Tasmanian high plateau on the Shannon River. At the time of publication, the analysis of this site was minimal. The site consisted of a deposit 55 cm deep and containing four stratigraphic units. The lowest was sterile. Layer 3 was a sandy akaline soil and contained 371 artefacts. The lowest date, 30,840 BP, contained 179 artefacts. The sample dated to 19,080 BP was from a hearth in spit 5, while 17,660 BP came from a fire pit. This spit contained 22 artefacts and indicated occupation during the LGM. Layer 2 was dated to between 18ka (from a hearth in spit 4) and 10 ka and contained 96 artefacts, some bone and emu eggshell. Layer 1 was disturbed with a date of 2.4 ka from a hearth 5 cm below the surface. Burnt organic matter, charcoal and 177 artefacts (some retouched) were found from this layer. Stone material appeared to have been sourced locally. The eary dates indicate the Tasmania was connected to the mainland several times during the last 50 ka; that megafauna was extinct in Tasmania by 30 ka (given its absence here); and that occupation occurred during the LGM despite poor climatic conditions and glaciation.",c14,,2450,,,,AUSTRALIA
13956,Sydney Basin,151.03,-33.76,Darling Mills SF2,Rockshelter,Wk-2513,2510,70,,,Charcoal,Charcoal,Sq. 22H/7VPB (layer II upper),c.22,Radiocarbon,,Terrestrial,Closed,Y,"Attenbrow, 1993","A rockshelter located in Darling Mills Stage Forest (now Bidjigal Reserve). Excavation included several areas of the shelter to levels up to 90 cm in depth (although archaeological material was only found to 70 cm). The site was divided into three units (all containing artefacts): layer I was a disturbed deposit with European and Aboriginal finds; Layer II was composed of sandy deposits with Aboriginal finds; and layer III was the basal yellow brownish sandy deposit (sterile?). Two different sets of radiocarbon determinations were undertaken on this site following age inversions with samples taken in 1992. Wk-2513, Wk-2701 and Wk-2511 were undertaken first, with the remaining to firm up this chronology. Despite additional dates, the chronology still appears problematic, although it appears the main unit of archaeology (layer II) could be dated to c. 2.5 ka with some evidence of deposits greater than this. Attenbrow considers the 6 ka and 10 ka dates, Wk-2694 and Wk-2511, reliable for the base of layer II, however no disconformities or other hiatus could be observed as to why such a different age was evident. Further, layer II is dominated by Bondaian assemblage with no evidence of earlier technologies. Disturbance was evident within the deposit.",c14,,2510,,,,AUSTRALIA
13349,King,144.45,-40.34,Cave Bay Cave,Rockshelter,ANU-1362,2580,70,,,Charcoal,Charcoal,"Tr. II, spit 6",16-19,Radiocarbon,,Terrestrial,Closed,Y,"Bowdler, 1975, 1984","A large rockshelter located on Hunter Island in the Bass Strait. An excavation of a 2 x 2 m trench to a depth of 2 m revealed an extensive Pleistocene deposit with non-Tasmanian faunal remains (i.e. Coming from the Bass Plain prior to sea level rise). The topmost Pleistocene deposits was identified at 65 cm below the surface. Between 145 and 185 cm below the surface was a series of well defined hearhy layers with macropod bones, charcoal and quartz flakes. The lowest of these layers (175-185) was the lowest evidence of human occupation dating to about 22 ka. The upper part of this hearthy unit was dated to c. 20 ka. Above this (120-145 cm below surface) was sporadic evidence of human occupation, as well as extensive rock fall. Between 120 - 65 cm below surface, there is little evidence of human use, with the exception of a well-defined hearth at 85 cm below surface dated to c. 15 ka. The upper 65 cm of deposit consisted of a midden (between 50 - 65 cm) dating to between c. 4 and 8 ka and containing bone artefacts, then 25 cm of culturally sterile sand, then 25 cm of hearth and shell midden lenses. This sample dates the top part of the site, and indicates possible maritime investigation and use of the island following sea level trangression.",c14,,2580,,,,AUSTRALIA
13957,Sydney Basin,151.03,-33.76,Darling Mills SF2,Rockshelter,Wk-2690,2590,70,,,Charcoal,Charcoal,Sq. 21-22H/7VPB (layer II upper),c.22-25,Radiocarbon,,Terrestrial,Closed,Y,"Attenbrow, 1993","A rockshelter located in Darling Mills Stage Forest (now Bidjigal Reserve). Excavation included several areas of the shelter to levels up to 90 cm in depth (although archaeological material was only found to 70 cm). The site was divided into three units (all containing artefacts): layer I was a disturbed deposit with European and Aboriginal finds; Layer II was composed of sandy deposits with Aboriginal finds; and layer III was the basal yellow brownish sandy deposit (sterile?). Two different sets of radiocarbon determinations were undertaken on this site following age inversions with samples taken in 1992. Wk-2513, Wk-2701 and Wk-2511 were undertaken first, with the remaining to firm up this chronology. Despite additional dates, the chronology still appears problematic, although it appears the main unit of archaeology (layer II) could be dated to c. 2.5 ka with some evidence of deposits greater than this. Attenbrow considers the 6 ka and 10 ka dates, Wk-2694 and Wk-2511, reliable for the base of layer II, however no disconformities or other hiatus could be observed as to why such a different age was evident. Further, layer II is dominated by Bondaian assemblage with no evidence of earlier technologies. Disturbance was evident within the deposit.",c14,,2590,,,,AUSTRALIA
14993,Tiwi Coburg,132.5,-11.1,Mari-maramay 1 (Croker Island),Shell mound,Beta-47222,2590,70,,,Charcoal,Charcoal,,50,Radiocarbon,,Terrestrial,Open,Y,"Brockwell et al., 2009",,c14,,2590,Information within this entry has been inferred by authors - see Notes,,,AUSTRALIA
11227,Sydney Basin,150.9,-34.6,Bass Point,Midden,SUA-25,2650,70,,,Charcoal,Charcoal,Pit D,50-60,Radiocarbon,,Terrestrial,Open,Y,"Gillespie, 1977; Hughes, 1977","Excavations initially undertaken by S.Bowdler in the 1970's. She identified four units: 1) upper midden layer, containing primarily mussel shells and shell fish hooks and bone points; 2) lower midden containing rock platform gastropods, backed artefacts and bone points. Larger shellfish were also dominant; 3) grey sand with poorly preserved shell; and 4) white sand with stone artefacts, but no shell. A subsequent re-investigation of the site by Hughes and Djodhadze included the re-opening of Bowdler's four test pits (totalling 7 sq. m) and an additional two new test pits. Hughes & Djodhadze undertook additional dating and identified the following: 1) upper midden dated to 100-740 BP; 2) lower midden dated to 740 - 1800 BP; 3) grey sand dated to 1800 - 3950 BP; 4) white sand dated to 3950 - 7700 BP; and 5) lower white sand dated to 7700 - 17500 BP. A marine-charcoal radiocarbon calibration analysis was also undertaken on the site by Gillespie. Part of a coupled marine-charcoal calibration at this site.",c14,,2650,,,,AUSTRALIA
13594,Nullarbor,129.42,-31.48,Allens Cave (N145),Rockshelter,ANU-6843,2800,70,,,Charcoal,Charcoal,Hearth,53cm bsl,Radiocarbon,,Terrestrial,Closed,Y,Cane 1995,Hearth,c14,,2800,,,,AUSTRALIA
14310,Victoria Bonaparte,129.16,-15.43,Jinmium Rockshelter,Rockshelter,Beta-83636,2920,70,,,Charcoal,Charcoal,C1/IV Spit 12,60,Radiocarbon,,Terrestrial,Closed,Y,Fullagar et al. 1996,,c14,,2920,,,,AUSTRALIA
10357,Flinders Lofty Block,138.22,-31.55,Hawker Lagoon,Hearth,SUA-3353,2950,70,,,Calcium carbonate,Other,"HL1, unit III, 112-120cm bsl (anomalous)",,Radiocarbon,,Terrestrial,Open,Y,"Lampert & Hughes, 1988",,c14,,2950,,,,AUSTRALIA
10807,Naracoorte Coastal Plain,140.26,-37.68,Canunda Rocks,Midden,ANU-1231,2990,70,,,Charcoal,Charcoal,,,Radiocarbon,,Terrestrial,Open,Y,"Luebbers, 1978 cit. Bird & Frankel, 1991","A study (Bird & Frankel, 1991) using radiometric dates of southwest Victoria as a proxy for occupation/activity. The paper concludes that late Holocene intensification, at least from a social perspective perspective, was not the case. However, the paper does show increasing numbers of dates (n=80) in the late Holocene. Interesting features of the study include an apparent hiatus between 6-7ka and the appearance of earth mounds only in the last 2.5ka. This midden was dominated by Austromytilus sp. This sample pairs with ANU-1232.",c14,,2990,,,,AUSTRALIA
11993,Murray Darling Depression,139.63,-34.31,Roonka Flat Dune,Open site,ANU-1751C,3080,70,,,Human bone collagen,Bone,RA 9,81-87,Radiocarbon,,Terrestrial,Open,Y,"Pate et al., 1998","A follow-up study of the Roonka Flat burial ground. Pate indicates that some 147 burials had been recovered primarily from Trench A. The trench was 30 x 15 m in size and reached depths of 6-7 m. Most of the burials were constrained to the upper 2 m. The data indicates that the area was used exclusively for burials between 10 - 7 ka before other camp activities occurred concurrently with the burials after 7 ka. The paper concludes that most burials occurred through the late Holocene after 6 ka. This date was taken from skeleton RA 9, a 'indeterminate' mode of burial.",c14,,3080,,,,AUSTRALIA
12348,Sydney Basin,151.07,-32.66,B 8 - Area II,Open site,Beta-62207,3120,70,,,Charcoal from hearth,Charcoal,Hearth,Nov-15,Radiocarbon,,Terrestrial,Open,Y,"Koettig, 1994","A large-scale salvage excavation of three sites as part of the development of the Bulga coal mine. This study included an extensive conjoin analysis of several knapping events/workshops totalling of 14,000 artefacts. B 8 - Area II excavated 28 sq. m and recovered 4,850 artefacts composed of primarily indurated mudstone (53%) and silcrete (35%). The assemblage was Bondaian in nature with several different reduction strategies widely explored by the report. The distribution of these artefacts occurred in two main concentrations (with densities in some areas >215 per 50 sq. cm). The heart appears broadly comparable with these knapping events.",c14,,3120,,,,AUSTRALIA
11267,Sydney Basin,151.16,-34.03,Cronulla STP 1,Midden,Wk-8845,3240,70,,,Charcoal,Charcoal,"Midden D, trench SB3/1",,Radiocarbon,,Terrestrial,Open,Y,"Dallas, 2005 cit. Hutchinson & Attenbrow, 2009","A midden excavated as part of a development project in Cronulla, and referred to in a discussion on mega-tsunamis. This sample came from a circular charcoal feature (possibly a fire pit?). No further contextual information provided.",c14,,3240,,,,AUSTRALIA
14782,Sydney Basin,150.42,-35.37,Burrill Shelter 2,Rockshelter with midden deposits,ANU-8422,3280,70,,,Charcoal from hearth,Charcoal,"Sq. 1, spit 8",,Radiocarbon,,Terrestrial,Closed,Y,"Boot, 1994","Date take from above lowest archaeological deposits. Midden deposit dominated by Trichomya hirsuta (hairy mussel) and fish bones, with Anadara trapezia and few artefacts also present. Midden extends through spits 1 to 6 with a focus on 3. Spits 7-9 contain few stone artefacts and charcoal, but no shell.",c14,,3280,,,,AUSTRALIA
10008,Arnhem Plateau,133.3,-12.8,Gunbilngmurrung site (BW 5),Beeswax figures in a rockshelter,OZD-958,3820,70,,,Beeswax,Other,,N/A,Radiocarbon,,Terrestrial,Closed,Y,"Nelson, 1995 cit. Watchman & Jones, 2002",Sample taken from a beeswax figure of a freshwater turlte by Nelson et al. (1995).,c14,,3820,,,,AUSTRALIA
12329,Swan Coastal Plain,115.1,-33.61,Dunsborough,Open site,SUA-886,4530,70,,,Charcoal,Charcoal,,50-55,Radiocarbon,,Terrestrial,Open,Y,"Ferguson, 1980","A test excavation of an open paddock near a brook between the Swan Coastal Plain and Natural-Leuwin Block, originally identified through a biface being found nearby. The site was investgiated to explore the use and disappearance of Bryozoa chert, which vanishes in the Pleistocene possible due to submergence of quarry sites along the coast.  1 1 x 1.5 m excavation revealed two strata - an artefact-bearing alluvial sand overlaying a sterile clay. A total of 341 artefacts were recovered dominated by chert and quartz. At 50 cm, the assemblage changes with microlithic industry above, and an assemblage absent in backed blades below. The chert was only found between 50-170 cm depth - it formed 90% of the assemblage at 7ka, but by 4ka it reduces to 0%. This sample dates the change from chert dominated assemblage to the microlithic assemblage above.",c14,,4530,,,,AUSTRALIA
12268,Southern East Queensland,151.8522,-28.0207,Talgai Skull,Open site,R2526/13,4560,70,,,Soil,Soil,,,Radiocarbon,,Terrestrial,Open,Y,Hendy et al. 1973,,c14,,4560,,,,AUSTRALIA
13599,Nullarbor,129.42,-31.48,Allens Cave (N145),Rockshelter,ANU-6844,5460,70,,,Charcoal,Charcoal,hearth,100 cm bsl,Radiocarbon,,Terrestrial,Closed,Y,Cane 1995,Hearth,c14,,5460,,,,AUSTRALIA
10904,NSW North Coast,153.01,-31.11,Portion 162 (#30-7-0012),Midden,Beta-53303,6070,70,,,Charcoal,Charcoal,,,Radiocarbon,,Terrestrial,Open,Y,Collins 1992 cit. Brown 2005,"Brown states: Sand ridge is one in a series of Inner Barrier dunes. It is orientated north-south and is 370 m long and up to 70 m wide, and between 1.95 - 8.61 m above sea level. Surface investigation of area followed by 20 x 20 m grid of auger holes. Two one metre square excavations undertaken. Remains recovered included pipi shell, macropod bone, red ochre and clay nodules, charcoal, stone artefacts and European materials. Evidence suggests use of sand ridge from about 4,500 years ago, and increased usage between 3,500 and 3,000 years ago, and continued to around 200 years ago. Dense pipi shell dating to 500 to 200 years ago, suggesting an increased reliance on this resource.",c14,,6070,Information within this entry has been inferred by authors - see Notes,,,AUSTRALIA
12079,NSW North Coast,151.9,-32.75,Moffats Swamp Dune,Open site,Beta-58866,6760,70,,,Charcoal,Charcoal,,,Radiocarbon,,Terrestrial,Open,Y,"Baker, 1994","Sand dune adjacent artefacts adjacent Moffats Swamp. The site was investigated as part of a testing and salvage excavation prior to sand mining activities in the area. The site was dominated by a mudstone/tuff assemblage with pre-Bondaian charateristics. Some evidence of Holocene assemblage, including the presence of Worimi cleavers. The assemblage indicated expedient use of the site. The dates from this site, all taken at similar levels, are widely varied and may indicate some movement of charcoal through the sequence. Dates of 6,000 are found in close association with those of 17,000. The author indicates only a general age of the activities can be identified from these dates. This date was taken earlier as part of a geomorphology study of the site. The date was taken from 50 cm above the 'top pan' where artefacts were abundant.",c14,,6760,,,,AUSTRALIA
11350,Tasmanian South East,147.65,-42.88,Carlton Bluff,Midden,Beta-2855,7560,70,,,Charcoal,Charcoal,,,Radiocarbon,,Terrestrial,Open,Y,"Attenbrow, 1999",A midden originally investigated in the 1960's by Reber and one of the earliest dated sites at the time. This sample was a follow up date taken by Lourandos and Murray,c14,,7560,Information within this entry has been inferred by authors - see Notes,,,AUSTRALIA
14041,Sydney Basin,151.12,-33.19,Mussel Shelter,Rockshelter,SUA-2410,8730,70,,,Charcoal,Charcoal,"Spit 31, lower (base)",164.3-176.0,Radiocarbon,,Terrestrial,Closed,Y,"Hiscock & Attenbrow, 1998","One of five key sites dug as part of Attenbrow's wider Upper Mangrove Creek investigations. The site was a rockshelter containing the highest artefact densities of any of the sites excavated. Highest densities were in the middle of three stratigraphic units evident at this site (spits 11-16 - middle layer). The upper and lowest units retained 1178 and 571 artefacts/cubic m, respectively. Bondi points were not found in the upper deposits. Hiscock & Attenbrow use this site to demonstrate the occurrence of backed blades in the early Holocene. This sample represents a basal date.",c14,,8730,,,,AUSTRALIA
12509,Warren,115.08,-34.19,Arumvale Site,Open site,SUA-2445,11060,70,,,Scattered charcoal,Charcoal,Tr. 4,30-35,Radiocarbon,,Terrestrial,Open,Y,"Dortch, 1986","An disturbed open site in the vicinity of Arumvale siding and associated old railway. Site was identified in the 1970's through artefacts eroding from cut dune faces at nearby Caves Road. Six trenches  (1-4, 10 and 20) were excavated to a depths of 100-117 cm (with bores going further). The excavations recovered around 1,500 artefacts primarily of quartz and Bryzoan chert. Chert and quartz occurred in 20-70 cm, with chert becoming scarce in upper 20 cm. Higher densities were found in the upper 30 cm - several geometric microliths were recovered at these depths. A granite-gniess grindstone was found at 30-35 cm. Artefacts appeared to stop below 80 cm. The study recovered a geometric silcrete microlith from depths dated to 9 ka, and along with other studies show the chert appears to be in decline (perhaps unavailable) in the late Holocene. This sample comes from later processing of charcoal samples to clarify the sequence, although it is inverted with SUA-453 (which does not clarify the sequence).  This date does, however, tend to confirm early microliths at the site, and early grindstones.",c14,,11060,Information within this entry has been inferred by authors - see Notes,,,AUSTRALIA
14181,Tasmanian Southern Ranges,146.44,-42.85,Stone Cave,Rockshelter,Beta-74543/CAMS-14912,16670,70,,,Charcoal,Charcoal,"SU 3, XU 18",c.45,Radiocarbon,,Terrestrial,Closed,Y,"Allen & Cosgrove, 1996a","A small rockshelter located on the opposing side of the same dolomite bluff as Bone Cave. The two shelters are connectedby a small solution tube through the bluff. Excavations included a single 50 x 50 cm test pit near the rear of the cave, Excavations reached a depth of about a metre and identified four stratigraphic units. SU 4, the lowest deposit (c. 30 cm thick) was sterile sands; SU 3, a homogenous brown silty clay (c. 40-50cm thick) retained the bulk of the cultural remains; SU 2, a mixture of SU 1 and 3 (c.10-13 cm thick); and SU 1, a moonmilk cap (c.10-12 cm thick). Several issues at this site surrounding the radiocarbon dates, with possible inversions (either actually or through lab error, etc), as well as a mixture of stratigraphic units. Only one date (Beta-74543) was considered acceptable. Some 10,909 pieces of bone, and 984 artefacts were recovered; distributions were consistent throughout the sequence, with high densities between spits 17-6 (and peaking at 7-8) - basically SU 3. Bone included Bennett's Wallaby, Eastern Quoll and Broad-Toothed Rat. A piece of Darwin glass was also recovered, although no thumbnail scrapers or bone tools were identified.",c14,,16670,,,,AUSTRALIA
12497,Victoria Volcanic Plain,144.83,-37.73,Keilor,Open site,NZ-1221,7716,72,,,Carbonate,Other,,,Radiocarbon,,Terrestrial,Open,Y,"Gill, unpub. cit. Godfrey et al., 1996","A sample referenced as part of a compilation of Victorian radiocarbon dates. This sample comes from a deep crust human left femur. It is a revised NZ date. While not specified, it may be related to NZ-1222.",c14,,7716,,,,AUSTRALIA
10461,Murray Darling Depression,141.5,-32.3,Rantyga Creek,Hearth,Wk-10831,2004,73,,,Charcoal from hearth,Charcoal,,,Radiocarbon,,Terrestrial,Open,Y,Shiner 2006,,c14,,2004,,,,AUSTRALIA
12371,Sydney Basin,150.86,-33.75,Eastern Creek (Power St Bridge),Open site,NZA-3112,5957,74,,,Charcoal,Charcoal,,,Radiocarbon,,Terrestrial,Open,Y,"McDonald, 1993 cit. Barton, 1996","A site referenced as part of a background review on antoher project. The description refers to an excavation on the bank of eastern creek in the vicinity of Power Street bridge, Doonside. The site retained stratified mateiral to the depth of 60 cm, with an earlier phase of small backed blades, and a later phase with no backed blades. This sample was taken from the lowest cultural levels.",c14,,5957,Information within this entry has been inferred by authors - see Notes,,,AUSTRALIA
10365,Gawler,138.72,-34.62,Gawler,Hearth,ANU-204,235,75,-24,,Charcoal,Charcoal,,,Radiocarbon,,Terrestrial,Open,Y,Polach et al. 1978,Charcoal sample from a hearth taken as part of a geomorphology study of Gawler River.,c14,,235,,,,AUSTRALIA
13056,Cobar Peneplain,145.83,-31.36,Wuttagoona Station,Rockshelter,V-50,310,75,,,Charcoal,Charcoal,,30.5,Radiocarbon,,Terrestrial,Closed,Y,"Bermingham, 1966; McCarthy, 1976",A rockshelter that received a detailed study of the rock art by McCarthy. The shelter had a trench excavated and this forms the basal date of the deposit. Contains similar implements and paintings of Mt Grenfell Station (V-49),c14,,310,,,,AUSTRALIA
11206,Sydney Basin,150.9,-34.6,Bass Point,Midden,SUA-47,320,75,,,Charcoal,Charcoal,Pit D,Oct-15,Radiocarbon,,Terrestrial,Open,Y,"Gillespie, 1977; Hughes, 1977","Excavations initially undertaken by S.Bowdler in the 1970's. She identified four units: 1) upper midden layer, containing primarily mussel shells and shell fish hooks and bone points; 2) lower midden containing rock platform gastropods, backed artefacts and bone points. Larger shellfish were also dominant; 3) grey sand with poorly preserved shell; and 4) white sand with stone artefacts, but no shell. A subsequent re-investigation of the site by Hughes and Djodhadze included the re-opening of Bowdler's four test pits (totalling 7 sq. m) and an additional two new test pits. Hughes & Djodhadze undertook additional dating and identified the following: 1) upper midden dated to 100-740 BP; 2) lower midden dated to 740 - 1800 BP; 3) grey sand dated to 1800 - 3950 BP; 4) white sand dated to 3950 - 7700 BP; and 5) lower white sand dated to 7700 - 17500 BP. A marine-charcoal radiocarbon calibration analysis was also undertaken on the site by Gillespie. Part of a coupled marine-charcoal calibration at this site.",c14,,320,,,,AUSTRALIA
11395,Victoria Volcanic Plain,146.23,-39.09,Great Glennie Island/1,Midden,ANU-2422,390,75,,,Charcoal,Charcoal,"Spit 7, unit 1",40,Radiocarbon,,Terrestrial,Closed,Y,"Head et al., 1983 cit. Gaughwin & Fullagar, 1995; Head et al., cit. Godfrey et al., 1996.","A site mentioned in a review section of these two papers. This date comes from the basal deposits of a midden excavated on Great Glennie Island. The midden is made up of five prehistoric layers made up of rock platform shellfish (predominantly limpets), bone, charcoal and stone artefacts. It was interpreted as a series of short term visits to the region.",c14,,390,,,,AUSTRALIA
11207,Sydney Basin,150.9,-34.6,Bass Point,Midden,ANU-534,570,75,,,Charcoal,Charcoal,Pit E,c.25,Radiocarbon,,Terrestrial,Open,Y,"Bowdler 1976 cit. Brown, 2005; Hughes, 1977","Excavations initially undertaken by S.Bowdler in the 1970's. She identified four units: 1) upper midden layer, containing primarily mussel shells and shell fish hooks and bone points; 2) lower midden containing rock platform gastropods, backed artefacts and bone points. Larger shellfish were also dominant; 3) grey sand with poorly preserved shell; and 4) white sand with stone artefacts, but no shell. A subsequent re-investigation of the site by Hughes and Djodhadze included the re-opening of Bowdler's four test pits (totalling 7 sq. m) and an additional two new test pits. Hughes & Djodhadze undertook additional dating and identified the following: 1) upper midden dated to 100-740 BP; 2) lower midden dated to 740 - 1800 BP; 3) grey sand dated to 1800 - 3950 BP; 4) white sand dated to 3950 - 7700 BP; and 5) lower white sand dated to 7700 - 17500 BP. A marine-charcoal radiocarbon calibration analysis was also undertaken on the site by Gillespie. Hughes (1977) considered peak site usage was in the mid-Holocene representing probably elements of the white and grey sand.",c14,,570,,,,AUSTRALIA
14247,Victoria Bonaparte,128.9,-15.9,Canyon,Rockshelter,SUA-58,680,75,,,Charcoal,Charcoal,,60,Radiocarbon,,Terrestrial,Closed,Y,"Gillespie & Temple, 1973; Dortch, 1977; Veth, 1995; Ward et al., 2006","Site excavated by CE Dortch. Sample taken in association with 'stone industrial assemblage' composed of thick chunky scrapers, notched flakes, atypical points and blades. Ward et al. (2006) indicates that this is the basal date of the site.",c14,,680,,,,AUSTRALIA
10322,Channel Country,142.3,-29.41,Stud Creek,Hearth,Wk-6628,790,75,-23.2,0.2,Charcoal from hearth,Charcoal,H98-60,,Radiocarbon,,Terrestrial,Open,Y,Holdaway et al. 2002,,c14,,790,,,,AUSTRALIA
10666,Darwin Coastal,130.8,-12.5,HI80,Midden,OZC-959,860,75,,,Charcoal,Charcoal,40cm (from surface),40,Radiocarbon,,Terrestrial,Open,Y,"Bourke, 2004; Bourke, 2005b; Brockwell et al., 2009",Presumed C13 values. Bourke suggests that this site represents an intense human period of Anadara exploitation and formed after HI81 and HI83.,c14,,860,Information within this entry has been inferred by authors - see Notes,,,AUSTRALIA
11305,Sydney Basin,150.27,-35.72,North Head (Batemans Bay) 15/67B,Midden,ANU-3715,900,75,,,Charcoal,Charcoal,Spit 9,,Radiocarbon,,Terrestrial,Open,Y,"ANU Archaeological Consultancies  Autech Pty Ltd [Hughes et al.], 1984","A disturbed shell midden (through storm damage and an informal walking track) in the foredunes at the eastern end of North Head beach. As part of the remediation, M. Sullivan took a column sample of the midden deposits. The deposit was 1 m deep and situated on a sterile sand deposit. The lower part of the midden was dominated by Turban sp. shell, as well as several other large gastropods, which shifted to Nerite's in the upper spits. Edible mussel also appeared after spit 3 (about 500 years BP). Fish bones dominated by Maori Wrasse and Snapper, and bird bones were also recovered. Frequent volcanic and quartz stone was also identified, but none revealed modified flaking. The highest concentrations of materials occurred in spits 3 and 4, and formed a focus of the radiocarbon dating (which undertook a charcoal-marine calibration program. This program indicated that the recommended corrected reservoir age of 450+/- 35 was appropriate for spit 9, but younger dates were comparable with no correction).  Attenbrow (2004) erroneously refers to this site as a rockshelter.",c14,,900,,,,AUSTRALIA
10333,Channel Country,142.3,-29.41,Stud Creek,Hearth,Wk-6623,1350,75,-24.1,0.2,Charcoal from hearth,Charcoal,H98-23,,Radiocarbon,,Terrestrial,Open,Y,Holdaway et al. 2002,,c14,,1350,,,,AUSTRALIA
13567,NSW North Coast,152.77,-29.78,Chambigne,Rockshelter,V-39,1350,75,,,Charcoal,Charcoal,"Trench 2(a), I","3""",Radiocarbon,,Terrestrial,Closed,Y,"Bermingham, 1966; McBryde, 1966","Shallow rockshelter dug as part of a wider study of New England by McBryde (1974). Two main levels of deposit with Level I forming the bulk of the assemblage. This date was associated with animal bones, shell and stone implements (chiefly use-polished pieces, geometric microliths and flake fabricators).",c14,,1350,,,,AUSTRALIA
13573,NSW North Coast,152.61,-29.7,Jacky's Creek,Rockshelter,V-42,1465,75,,,Charcoal,Charcoal,"Trench 1(a), III","15""",Radiocarbon,,Terrestrial,Closed,Y,"Bermingham, 1966; McBryde, 1966",Shallow steeply angled rockshelter dug as part of a wider study of New England by McBryde (1974). Four levels levels of deposit with Level IA and IIA forming the bulk of the assemblage. Level IV at the base of the talus was sterile. This level retained limited archaeological evidence. Stratigraphically below V-41,c14,,1465,,,,AUSTRALIA
10835,Naracoorte Coastal Plain,140.26,-37.68,Inland Camps,Midden,ANU-1487,2590,75,,,Charcoal,Charcoal,,,Radiocarbon,,Terrestrial,Open,Y,"Luebbers, 1978 cit. Bird & Frankel, 1991","A study (Bird & Frankel, 1991) using radiometric dates of southwest Victoria as a proxy for occupation/activity. The paper concludes that late Holocene intensification, at least from a social perspective perspective, was not the case. However, the paper does show increasing numbers of dates (n=80) in the late Holocene. Interesting features of the study include an apparent hiatus between 6-7ka and the appearance of earth mounds only in the last 2.5ka. This site was dominated by Australomytilus sp.",c14,,2590,,,,AUSTRALIA
12590,Warren,116.05,-34.58,Northcliffe,Quarry,ANU-1131,3080,75,,,Charcoal,Charcoal,,50,Radiocarbon,,Terrestrial,Open,Y,"Dortch & Gardner, 1976; Gillespie & Temple, 1976; Dortch, 1977","Dates taken from a artefact layer within a leached/pallid zone of podsolised sands partly overlying a silcrete formation on a farm. Along with SUA-379, this date brackets an archaeological unit containing blades, bladelets, flakes, chips and framents primarily composed of the local silcrete - considered a 'quarry and factory where geometric microliths were manufactured in quantity'. The lowest geometric microlith was found 3 cm above this date.",c14,,3080,,,,AUSTRALIA
13580,NSW North Coast,152.91,-29.59,Seelands,Rockshelter,V-27,6445,75,,,Charcoal,Charcoal,"Trench 1(c), IV","18-24""",Radiocarbon,,Terrestrial,Closed,Y,"Bermingham, 1966; McBryde, 1966","An extensive study of the rockshleter including four trenches across various parts of the site. Radiocarbon dating and analysis done on each of the trenches, with later compilation in McBryde 1874. A compilation of all these trenches revealed a uniface pebble industry in levels, IV, V and VI composed primarily indurated mudstone, siltstone and greywacke (all available from the nearby Clarence River). These lower depths retained very few artefacts between c. 2000 - 5000 BP. Level IIIA and IV similarly contains greywacke uniface pebbles, but also the appearanance of blade tools,  geometric microliths and ground-edged tools (c. 2000 BP). Level IV also contains bone artefacts, which gain in importance in levels II and III. Levels I, II and III dominated by small tool tradition.. Associated with large primary flakes and uniface pebble tools. No blade tools present. Referred to in McBryde (1966) as 4494 +/- 74",c14,,6445,,,,AUSTRALIA
12134,South Eastern Highlands,149.97,-34.3,Wombeyan Caves #1,Open site,Wk-11561,9998,75,,,Charcoal,Charcoal,Sq. W2,c.120,Radiocarbon,,Terrestrial,Open,Y,"Navin Officer Heritage Consultants Pty Ltd, 2003","An open site investigated as part of the installation of a sewerage system at Wombeyan Caves (at 600 m AHD). A test excavation of a surface scatter in association with alluvial terraces revealed deposits to 140cm. In one test pit, a buried palaesol between 120 and 140 cm below the surface retained an archaeological assemblage. This sample and Wk-11562 date the lower palaesol to the Terminal Pleistocene and suggest occupation of these uplands even in poorer climatic conditions. The excavations recovered 244 artefacts composed of eight different raw materials (only four of which were local). While only a small sample size, numbers of artefacts and retouched pieces were evident predominatly in the upper depths.",c14,,9998,,,,AUSTRALIA
14431,Warren,115.07,-34.15,Devils Lair,Rockshelter,AA-19691,19840,75,,,Emu eggshell,Other,Pit 6,184,Radiocarbon,,Terrestrial,Closed,Y,"Turney et al., 2001","A deep limestone cave containing deep earthy deposits, which has been excavated since 1955. Deposits consist of various flowstones capping earthy and silty clay units; the flowstones have been used to indicate the start/end of deposits. Artefact assemblage included quartz, chert and limestone materials and animal bone and were present over most of the last 12,000 years. Site also includes numerous bone points, some of them in association with radiocarbon dates of 19,000 BP. Direct occupation is evident living floors associated with hearth 1 and Pits 1  (c. 220 cm below surface) and 2 (c.210 cm below surface). The lowest evidence of continued occupation was at layer 30, with only sparse artefactual remains between layers 31-38, and sterile deposits between layers 39 - 51. This sample formed part of a larger inter-disciplinary study to clarify the lower deposits of the shelter. The study indicated that the initial occupation was as early as 48ka, with main occupation of the shelter by c. 40ka.",c14,,19840,,,,AUSTRALIA
10457,Murray Darling Depression,141.5,-32.3,Pine Creek,Hearth,Wk-9993,1747,76,,,Charcoal from hearth,Charcoal,,,Radiocarbon,,Terrestrial,Open,Y,Shiner 2006,,c14,,1747,,,,AUSTRALIA
14827,Tasmanian South East,147.18,-43.35,Ventenant Shelter,Rockshelter with midden deposits,ANU-6944,230,77,,,Charcoal,Charcoal,,,Radiocarbon,,Terrestrial,Closed,Y,"Dunnett, 1993","A reference to a basal date of a shelter with midden deposits as part of a wider review of shellfish exploitation in Tasmania. The paper indicates the site was dominated by Haliotis rubra (92%), Mylitus edulis and Cellane solida. These findings suggest an exploitation of the sub-littoral zones during the late Holocene (with a focus on upper and middle littoral zones earlier in the Holocene).",c14,,230,,,,AUSTRALIA
14408,Victoria Midlands,142.39,-36.93,Ngamadjidi,Rockshelter,Wk-11187,2176,79,,,Charcoal,Charcoal,"Pit 4, spit 9, layer 2",35-40,Radiocarbon,,Terrestrial,Closed,Y,"Gunn, 2003","The talus and edge of a rockshelter excavated during the installation of a protection fence. The rockshelter is on the northern edge of the Grampians. An excavation of two pits to a depth of c. 80 cm revealed three main stratigraphic units. Spits 4-9 revealed the majority of the 286 artefacts recovered from the excavation with a further peak at spit 13. These were all located below a rock layer feature. The number of artefacts (>3,000 when considering the whole deposit) represents the densent concentration of stone artefacts in any site in Gariwerd. Artefacts were almost exclusively quartz. Shelter was used until European times.",c14,,2176,,,,AUSTRALIA
11034,South East Coastal Plain,142.36,-38.35,Gormans Road 1,Midden,Beta-68161,120,80,,,Charcoal,Charcoal,Layer 2,05-Oct,Radiocarbon,,Terrestrial,Open,Y,Aboriginal Affairs Victoria cit. Godfrey et al. 1996,A sample referred to as part of a large-scale compilation of radiocarbon dates in Victoria. This sample was taken from a possible hearth.,c14,,120,Information within this entry has been inferred by authors - see Notes,,,AUSTRALIA
10778,Murray Darling Depression,141.2,-35.2,Lake Victoria,Midden,GaK 2511,180,80,,,Charcoal from midden,Charcoal,,,Radiocarbon,,Terrestrial,Open,Y,Gill 1973,,c14,,180,,,,AUSTRALIA
10482,Simpson Strzelecki Dunefields,137.4,-26.41,Palkurra,Hearth,ANU-7684,200,80,,,Charcoal from hearth,Charcoal,PKA/1,,Radiocarbon,,Terrestrial,Open,Y,Smith & Clark 1993,,c14,,200,,,,AUSTRALIA
12147,Southern East Queensland,153.1211,-26.8861,Bribie Island 9,Open site,Beta-56565,200,80,,,Charcoal,Charcoal,,Oct-15,Radiocarbon,,Terrestrial,Open,Y,Smith 1992,,c14,,200,,,,AUSTRALIA
11986,Murray Darling Depression,139.63,-34.31,Roonka Flat Dune,Open site,ANU-3262,220,80,,,Human bone collagen,Bone,RA 77,60-69,Radiocarbon,,Terrestrial,Open,Y,"Pate et al., 1998","A follow-up study of the Roonka Flat burial ground. Pate indicates that some 147 burials had been recovered primarily from Trench A. The trench was 30 x 15 m in size and reached depths of 6-7 m. Most of the burials were constrained to the upper 2 m. The data indicates that the area was used exclusively for burials between 10 - 7 ka before other camp activities occurred concurrently with the burials after 7 ka. The paper concludes that most burials occurred through the late Holocene after 6 ka. This date was taken from skeleton RA 77, a flexed burial.",c14,,220,,,,AUSTRALIA
11386,Tasmanian West,146.37,-43.52,The Anchorage Cove Site,Midden,GaK-5991,250,80,,,Charcoal,Charcoal,Spit 10,90-100,Radiocarbon,,Terrestrial,Open,Y,"Vanderwal & Horton, 1984","Part of a larger study of middens along the southwest coast of Tasmania. Part of a larger study of middens along the southwest coast of Tasmania. An investigation of five sites (closed and open) indicated that occupation began around 3,000 years BP on the sand dune sites. Evidence suggests exploitation of shellfish, rock-resting seals, birds, wallabies and wombats. From about 1,000 years BP, evidence of a winter and summer economy including sand dune site, island sites and rockshelters was evident, this was achieved through the development of specialised sites for the exploitation of seals all year round. This economy was still evident and expanding 500 years BP. This sample comes from a rubbish mound. A 1 x 1 x 1 m test pit was dug through the midden deposit. The deposit identified no obvious stratigraphy.",c14,,250,,,,AUSTRALIA
10193,Riverina,143.38,-35.17,DP/5,Earth mound,SUA-1128,250,80,,,Charcoal,Charcoal,"Pit A, sq. 110/111, spit 4",,Radiocarbon,,Terrestrial,Open,,Aboriginal Affairs Victoria cit. Godfrey et al. 1996,A sample referred to as part of a large-scale compilation of radiocarbon dates in Victoria. This sample comes from an earth mound on the Murray River near Swan Hill. It may relate to work by Coutts (1979).,c14,,250,,,,AUSTRALIA
11144,South East Corner,149.91,-36.95,Lake Pambula,Midden,ANU-2245,260,80,,,Charcoal,Charcoal,Spit 3,14.5,Radiocarbon,,Terrestrial,Open,Y,"Sullivan, 1982; Sullivan, 1984 cit. Brown, 2005; Sullivan, 1984","Test excavations of a shell mound as part of a PhD thesis. Trench 1 x 0.5 m dug to bedrock (1.2 m) revealed three units: 1) upper midden dominated by mussel and dated to about 1,200 BP; 2) middle midden dominated by hairy mussel with some mud oyster and dated to 1200 - 2300 BP; and 3) lower midden dominated by mud oyster and dating to 2300 - 3000 BP. Other finds included bone (bird, land and sea mammals, fish), bone tools and stone artefacts. No fish hooks, etc were observed.",c14,,260,,,,AUSTRALIA
11393,Victoria Volcanic Plain,146.23,-39.09,Great Glennie Island/1,Midden,ANU-2424,270,80,,,Charcoal,Charcoal,"Spit 8, unit 2",45,Radiocarbon,,Terrestrial,Closed,Y,"Head et al., 1983 cit. Gaughwin & Fullagar, 1995; Head et al., cit. Godfrey et al., 1996.","A site mentioned in a review section of these two papers. This date comes from the basal deposits of a midden excavated on Great Glennie Island. The midden is made up of five prehistoric layers made up of rock platform shellfish (predominantly limpets), bone, charcoal and stone artefacts. It was interpreted as a series of short term visits to the region.",c14,,270,,,,AUSTRALIA
13916,Sydney Basin,149.85,-32.53,Botobolar,Rockshelter,ANU-1572,270,80,,,Charcoal,Charcoal,,,Radiocarbon,,Terrestrial,Closed,Y,"Pearson, 1981 cit. Moya Smith, 1982",Site referenced in a publication discussing Macrozamia nut exploitation. The paper refers to this date coming from a hearth 20 cm below the surface and containing 80 Macrozamia husks.,c14,,270,Information within this entry has been inferred by authors - see Notes,,,AUSTRALIA
13556,NSW North Coast,151.2,-30.53,Bendemeer Site 1,Rockshelter,GaK-707,320,80,,,Scattered charcoal,Charcoal,"Tr. 1, zone k, level IIIA","12-18""",Radiocarbon,,Terrestrial,Closed,Y,"Kigoshi, 1967; McBryde, 1966, 1974","Part of a wider study of prehistory in New England by I. McBryde. Four main levels were identified, I, II, IIIA and IIIB (level IIIC is also referenced, but not discussed). A large artefact assemblage was recovered primiarly occurring in IIIA and IIIB. The assemblage was predomiantly of blade tools, including Bondi points and geometric microlithis, as well as fabricators, eloureas, burins, scrapers and edge-ground tools.",c14,,320,,,,AUSTRALIA
11741,Channel Country,140.18,-27.13,Lake Toontoowarannie,Open site,ANU-5425,330,80,,,Shell,Marine Shell,,,Radiocarbon,,Terrestrial,Open,Y,"Williams 1988, 1998",,c14,,330,,,,AUSTRALIA
11620,Cape York Peninsula,142.6183,-9.3815,Saibai Village Store,Open site,Beta-13481,380,80,,,Charcoal,Charcoal,,50-55,Radiocarbon,,Terrestrial,Open,Y,Barham 1999,Carter (2004:69) and Barham et al. (2004:8) report as 410?80,c14,,380,,,,AUSTRALIA
12117,Simpson Strzelecki Dunefields,138.55,-25.83,SDNP3,Open site,Wk-2993,410,80,,,Charcoal from hearth,Charcoal,,,Radiocarbon,,Terrestrial,Open,Y,"Hamm, 1993, pers comm",,c14,,410,Information within this entry has been inferred by authors - see Notes,,,AUSTRALIA
10342,Desert Uplands,142.9098,-20.6632,Richmond Hearth 04/A2,Hearth,ANU-11909,430,80,,,Charcoal,Charcoal,,,Radiocarbon,,Terrestrial,Open,Y,Wallis et al. 2004,,c14,,430,,,,AUSTRALIA
13559,NSW North Coast,151.2,-30.53,Bendemeer Site 1,Rockshelter,GaK-704,440,80,,,Charcoal,Charcoal,"Tr. 1, zone K, level II","3-4.5""",Radiocarbon,,Terrestrial,Closed,Y,"Kigoshi, 1967; McBryde, 1966, 1974","Part of a wider study of prehistory in New England by I. McBryde. Four main levels were identified, I, II, IIIA and IIIB (level IIIC is also referenced, but not discussed). A large artefact assemblage was recovered primiarly occurring in IIIA and IIIB. The assemblage was predomiantly of blade tools, including Bondi points and geometric microlithis, as well as fabricators, eloureas, burins, scrapers and edge-ground tools.",c14,,440,,,,AUSTRALIA
10131,Tasmanian South East,147.27,-43.05,Coningham,Burial,SUA-1018B,445,80,,,Bone (collagen),Bone,,,Radiocarbon,,Terrestrial,Open,Y,"Wallace pers comm. cit Stockton, 1981","This sample is referred to in a review paper of Tasmanian radiocarbon dates by Stockton 1981. Limited contextual information is provided, but the reference indicates this date comes from a burial within a midden.",c14,,445,,,,AUSTRALIA
12383,Sydney Basin,151.16,-32.51,GCC 7/8 (Camberwell),Open site,Beta-44523,450,80,,,Charcoal,Charcoal,,,Radiocarbon,,Terrestrial,Open,Y,"Koettig, 1992","This sample formed part of a larger salvage excavation of sites within the Camberwell mining lease area. Initial surveys identified 31 open artefact scatters, most small with  GCC19 and 20 being larger, and GCC27 having raw materials indicative of other Pleistocene finds in the area. The salvage identified a continuous unpatterned occupation along the Station creek and identified features including hearths, heat treatment areas, pits, an oven, stone knapping floors, and small artefact concentrations indicating specific activities. The sites were all dominated by mudstone and silcrete with lesser proportions of chert, quartz and volcanic materials. The technological analysis revealed six type of reduction, four of whic included the removal of a flake from a flake core body. Heat treatment of silcrete cores (but not mudstone) was common. Nineteen dates indicate that the occupation was constrained to the last few thosand years, despite earlier thoughts of a Pleistocene signal. Some difference between Bondaian assemblages east of Singleton and this site were noted.",c14,,450,,,,AUSTRALIA
13064,Darwin Coastal,132.56,-12.29,Malakunanja II,Rockshelter,SUA-263,450,80,,,Charcoal,Charcoal,burial pit in top of midden,,Radiocarbon,,Terrestrial,Closed,Y,"Jones & Negrevich, 1985; Gillespie & Temple, 1976","Date from burial pit, which contains remains of a single human",c14,,450,,,,AUSTRALIA
13970,Sydney Basin,150.32,-35.63,Durras North,Rockshelter,GaK-873,480,80,,,Charcoal,Charcoal,Level III,,Radiocarbon,,Terrestrial,Closed,Y,"Lampert, 1966","Midden site in sea cave at Durras North. Sample taken from two charcoal concentrations near the bottom of the site in level III. The site was dominated by sea food and coastal resources, most notably the common mussel (Mytilus planulatus), with little use of the nearby terrestrial hinterland. High numbers (n=475) of bone points are present throughout the deposits, primarily composed of Puffinus tenuirostris. Stone flake material was minimal (n=153), with two elouera being present in level III. Fish hooks, primarily of Ninella torquata, were also present.  The site was occupied until the European period. The author notes how this site is quite different from other coastal sites, and suggests a specialised area for the exploitation of coastal resources.",c14,,480,,,,AUSTRALIA
14023,Sydney Basin,150.33,-33.73,"Lyre Bird Dell, Leura (Lb)",Rockshelter,Not given,530,80,,,Charcoal,Charcoal,,,Radiocarbon,,Terrestrial,Closed,Y,Stockton & Holland 1974,Relates to one of two occupation deposits located within this rockshelter. Assemblage dominated by Bondaian technology.,c14,,530,,,,AUSTRALIA
14056,Sydney Basin,150.56,-32.33,SH/1 (Sandy Hollow),Rockshelter,ANU-125,530,80,,,Charcoal,Charcoal,"Sq. AA, Level 1","4-6""",Radiocarbon,,Terrestrial,Closed,Y,Moore 1970,"Excavation of a shallow rockshelter. Excavations undertaken to sterile yellow sand at 3'6"". Artefactual material sourced from nearby Goulbourn River and composed of yellow chert and red jasper. High proportion of backed blades and other backed implements and Eloureas in thet top four levels (of seven levels excavated) of the excavation (n=198). Total assemblage was 4,190. Bone also recovered, mainly Wallaby, Grey Kangaroo and Brush-tailed Possum, shells also present.",c14,,530,,,,AUSTRALIA
10595,Arnhem Coast,134.8,-12,Stoneline 3,Midden,Beta-40392,610,80,,,Charcoal,Charcoal,,85,Radiocarbon,,Terrestrial,Open,Y,"Brockwell et al., 2009",,c14,,610,Information within this entry has been inferred by authors - see Notes,,,AUSTRALIA
14058,Sydney Basin,150.58,-33.67,"Springwood Creek, Springwood",Rockshelter,SUA-204,615,80,,,Charcoal,Charcoal,"Phase II, level 5",20,Radiocarbon,,Terrestrial,Closed,Y,"Stockton & Holland 1974 ; Gillespie & Temple, 1976","Rockshelter with several phases of occupation. Phase I-IV exhibits Bondaian technology between 0 and 60 cm. 60 - 70 cm is sterile, with four dates (although only two are presented) for a Capertian assemblage between 70 - 140cm (Phases V-VI). This date reflects Phase II. Referred to as 595 +/- 85 in Stockton 1993. Gillespie & Temple, 1976 also refer to this date as 595 +/-85",c14,,615,,,,AUSTRALIA
11079,South East Coastal Plain,141.29,-38.21,"Sutton's Rocks Survey Area, Site 13, Midden 1",Midden,Wk-412,620,80,,,Charcoal,Charcoal,,,Radiocarbon,,Terrestrial,Open,Y,"Godfrey, 1989","This date comes from the a survey of Discovery Coastal Park on the border of VIC/SA. The survey identified over 1000 middens dated primarily between b490 and 3860 BP, and were dominated by Donax sp. and Brachidontes sp (lesser representations of Mytilus and Ostrea sp. were also present).",c14,,620,,,,AUSTRALIA
14985,Gulf Coastal,136.99,-15.66,Barbara Cove Mound,Shell mound,ANU-12033,620,80,,,Charcoal,Charcoal,Spit 4,,Radiocarbon,,Terrestrial,Open,Y,"Brockwell et al., 2009; Sim & Wallis, 2008",,c14,,620,,,,AUSTRALIA
10126,Sydney Basin,150.53,-35.25,Bendalong,Burial,ANU-8154B,650,80,,,Charcoal,Charcoal,,,Radiocarbon,,Terrestrial,Open,Y,"Pardoe, n.d. cit. Boot, 2002",,c14,,650,Information within this entry has been inferred by authors - see Notes,,,AUSTRALIA
10225,Victoria Midlands,144.22,-36.89,Ravenswood 3,Earth mound,Beta-69646,650,80,,,Charcoal,Charcoal,Spit 2,Oct-20,Radiocarbon,,Terrestrial,Open,Y,Aboriginal Affairs Victoria cit. Godfrey et al. 1996,A sample referred to as part of a wider review of Victorian radiocarbon dates. This sample is from a possible hearth within an earth mound near Bendigo.,c14,,650,Information within this entry has been inferred by authors - see Notes,,,AUSTRALIA
11108,South East Corner,149.76,-37.56,Captain Stevenson's Point,Midden,SUA-1146,650,80,,,Charcoal,Charcoal,Pit under layer 4B,75,Radiocarbon,,Terrestrial,Open,Y,Coutts et al. 1984,"The site contained a variety of shellfish and fish from the Mallacoota Inlet, shellfish and seal from the rock platforms at Bastion Point, and terrestrial animal remains. Excavations contained several bone tools and stone flakes. A human burial was also located at the bottom of the excavatioms partially destroyed by previous development. Author suggests the site was occupied ephemerally from about 2.4ka with no evidence of sterile deposits.  This date and SUA-1145 showed inversion and suggest some disturbance within the midden. Author indicates these dates should be considered as broad estimation of age only.",c14,,650,,,,AUSTRALIA
10535,Murray Darling Depression,141.72,-35.66,Pine Plains,Hearth,Beta-62712,680,80,,,Charcoal,Charcoal,,0-10,Radiocarbon,,Terrestrial,Open,Y,"Aboriginal Affairs Victoria cit. Godfrey et al., 1996","This sample is referred to as part of a wider compilation of Victorian radiocarbon dates. This sample comes from a hearth within a lunette adjacent a dried up lake, south of Ouyen.",c14,,680,Information within this entry has been inferred by authors - see Notes,,,AUSTRALIA
11109,South East Corner,149.76,-37.56,Captain Stevenson's Point,Midden,SUA-1448,730,80,,,Charcoal,Charcoal,"Pit 1, Sq. 2N/1W, Spit 3",,Radiocarbon,,Terrestrial,Open,Y,"Richman, 1999","The site contained a variety of shellfish and fish from the Mallacoota Inlet, shellfish and seal from the rock platforms at Bastion Point, and terrestrial animal remains. Excavations contained several bone tools and stone flakes. A human burial was also located at the bottom of the excavatioms partially destroyed by previous development. Author suggests the site was occupied ephemerally from about 2.4ka with no evidence of sterile deposits.",c14,,730,,,,AUSTRALIA
10184,Riverina,143.38,-35.17,DP/1 (75271/003),Earth mound,SUA-1242,730,80,,,Charcoal,Charcoal,"Pit G, Sq. 122/147, spit 4",,Radiocarbon,,Terrestrial,Open,,Aboriginal Affairs Victoria cit. Godfrey et al. 1996,"An earth mound excavated in Nyah forest on the Murray River near Swan Hill. The site is 600 m from Murray River and 250 m from Parne Milloo. The earth mound was 50 m in diameter and 1 m high at its apex. The upper deposits had been impacted by rabbits and rabbit trappers. Excavation of three test pits revealed six layers. Artefacts were sparse and included one chert and four quartz flakes, one flint core, one quartz tool, one waterworn pebble, one amorphous artefact (possibly ground), three freshwater shell fragments possibly worked and four broken bone bi-points. The nearest known chert is over 100 km from the site. Fish bone, freshwater mussel, gastroliths, burnt clay pellets and emu eggshell were also present. A skeleton was also identified heavily disturbed in layer 1. The bones of this body revealed initial desiccation followed by covering in ochre and cremation.",c14,,730,,,,AUSTRALIA
14016,Sydney Basin,151.12,-33.19,Loggers Shelter,Rockshelter,SUA-1124,780,80,,,Charcoal,Charcoal,"Layer I, spit 2 (LF/F/2)",,Radiocarbon,,Terrestrial,Closed,Y,"Attenbrow, 1980, 1982; 2006",One of five key sites dug as part of Attenbrow's wider Upper Mangrove Creek investigations. The site was a rockshelter containing a complete Eastern Regional Sequence assemblage from ca. 11ka. Some faunal remains present too. One of the oldest sites in the Upper Mangrove Creek region. This sample dates the base of the post-Bondian deposit.,c14,,780,,,,AUSTRALIA
10368,Murray Darling Depression,142.3,-32.5,Kinchega Darling River,Hearth,ANU 409,790,80,,,Charcoal from hearth,Charcoal,,,Radiocarbon,,Terrestrial,Open,Y,Pretty 1981,,c14,,790,,,,AUSTRALIA
14975,Darwin Coastal,130.9,-12.5,MA7,Shell mound,Beta-95256,850,80,,,Charcoal,Charcoal,,May-15,Radiocarbon,,Terrestrial,Open,Y,"Bourke & Crassweller, 2006; Brockwell et al., 2009",,c14,,850,Information within this entry has been inferred by authors - see Notes,,,AUSTRALIA
13576,NSW North Coast,152.91,-29.59,Seelands,Rockshelter,V-25,867,80,,,Charcoal,Charcoal,"Trench 2(c), III","12""",Radiocarbon,,Terrestrial,Closed,Y,"Bermingham, 1966; McBryde, 1966","An extensive study of the rockshleter including four trenches across various parts of the site. Radiocarbon dating and analysis done on each of the trenches, with later compilation in McBryde 1874. A compilation of all these trenches revealed a uniface pebble industry in levels, IV, V and VI composed primarily indurated mudstone, siltstone and greywacke (all available from the nearby Clarence River). These lower depths retained very few artefacts between c. 2000 - 5000 BP. Level IIIA and IV similarly contains greywacke uniface pebbles, but also the appearanance of blade tools,  geometric microliths and ground-edged tools (c. 2000 BP). Level IV also contains bone artefacts, which gain in importance in levels II and III. Levels I, II and III dominated by small tool tradition.. Level contianing blades, uniface pebble tools and bone artefacts. Rich in animal bone, stone and bone artefacts",c14,,867,,,,AUSTRALIA
11374,Tasmanian South East,147.27,-42.71,Jordan River,Midden,SUA-1112,900,80,,,Charcoal,Charcoal,,,Radiocarbon,,Terrestrial,Open,Y,"Healey & Stockton, 1980 ; Stockton, 1981",This sample is referred to in a review paper of Tasmanian radiocarbon dates by Stockton 1981. Limited contextual information is provided. This sample comes from the top of a midden.,c14,,900,Information within this entry has been inferred by authors - see Notes,,,AUSTRALIA
11143,South East Corner,149.91,-37.56,Gabo Island,Midden,SUA-1455,950,80,,,Charcoal,Charcoal,"Test pit 1, spit 11, layer 3",,Radiocarbon,,Terrestrial,Open,Y,"Fullagar 1984; Coutts et al., 1984; Richman, 1999","Midden deposit some 1 m deep and composed primarily of Cellana sp., Subninella undulata, Melanerita melanotragus and Austrocochlea sp., some bone also present. Stone artefacts low, but included quartz, marine chert, silcrete and granite possibly used for hearth stones. Basal age of site. Site was considered to have been used until European times.",c14,,950,,,,AUSTRALIA
10196,Riverina,143.38,-35.17,DP/6,Earth mound,SUA-1916,950,80,,,Charcoal,Charcoal,Spit 7,,Radiocarbon,,Terrestrial,Open,,Aboriginal Affairs Victoria cit. Godfrey et al. 1996,A sample referred to as part of a large-scale compilation of radiocarbon dates in Victoria. This sample comes from an earth mound on the Murray River near Swan Hill. It may relate to work by Coutts (1979).,c14,,950,,,,AUSTRALIA
10185,Riverina,143.38,-35.17,DP/1 (75271/003),Earth mound,SUA-996,960,80,,,Charcoal,Charcoal,Bottom of layer 4,,Radiocarbon,,Terrestrial,Open,Y,"Coutts et al. 1979; Coutts, 1980","An earth mound excavated in Nyah forest on the Murray River near Swan Hill. The site is 600 m from Murray River and 250 m from Parne Milloo. The earth mound was 50 m in diameter and 1 m high at its apex. The upper deposits had been impacted by rabbits and rabbit trappers. Excavation of three test pits revealed six layers. Artefacts were sparse and included one chert and four quartz flakes, one flint core, one quartz tool, one waterworn pebble, one amorphous artefact (possibly ground), three freshwater shell fragments possibly worked and four broken bone bi-points. The nearest known chert is over 100 km from the site. Fish bone, freshwater mussel, gastroliths, burnt clay pellets and emu eggshell were also present. A skeleton was also identified heavily disturbed in layer 1. The bones of this body revealed initial desiccation followed by covering in ochre and cremation.",c14,,960,,,,AUSTRALIA
10348,Finke,133.39,-24.21,Urre (Rainbow Valley 1),Hearth,Beta 16306,980,80,,,Charcoal from hearth,Charcoal,D40/4,,Radiocarbon,,Terrestrial,Closed,Y,"Smith, 1986",,c14,,980,,,,AUSTRALIA
10599,Arnhem Coast,134.8,-12,Stoneline 3,Midden,Beta-40391,980,80,,,Charcoal,Charcoal,,58,Radiocarbon,,Terrestrial,Open,Y,"Brockwell et al., 2009",,c14,,980,Information within this entry has been inferred by authors - see Notes,,,AUSTRALIA
10197,Riverina,143.38,-35.17,DP/6,Earth mound,SUA-1930,1000,80,,,Charcoal,Charcoal,"Tp.1, spit 10",,Radiocarbon,,Terrestrial,Open,,Aboriginal Affairs Victoria cit. Godfrey et al. 1996,A sample referred to as part of a large-scale compilation of radiocarbon dates in Victoria. This sample comes from an earth mound on the Murray River near Swan Hill. It may relate to work by Coutts (1979).,c14,,1000,,,,AUSTRALIA
12113,Simpson Strzelecki Dunefields,140.24,-27.2,Marroocoolannie 1,Open site,ANU-5427,1020,80,,,Freshwater mussel shell,Freshwater Shell,,,Radiocarbon,,Terrestrial,Open,Y,Williams 1988,,c14,,1020,Information within this entry has been inferred by authors - see Notes,,,AUSTRALIA
13566,NSW North Coast,151.2,-30.53,Bendemeer Site 2,Rockshelter,GaK-710,1020,80,,,Charcoal,Charcoal,"Tr. 1, zone a, level III","10""",Radiocarbon,,Terrestrial,Closed,Y,"Kigoshi, 1967; McBryde, 1966, 1974","Part of a wider study of prehistory in New England by I. McBryde. This site, a follow up to Bendlemeer sIte 1, was also near Halls Creek. The shelter retained three main layers, with the focus of occupation occurring between 10-20"" (level III) below ground surface. The overlying deposits were culturally sterile. GaK- 710 and 711 date this occupation period.",c14,,1020,,,,AUSTRALIA
13923,Sydney Basin,150.87,-34.07,Bull Cave,Rockshelter,Not given,1050,80,,,Charcoal,Charcoal,,,Radiocarbon,,Terrestrial,Closed,Y,"Koettig, 1985a",This site only mentioned in a background review and indicating top and basal dates of the site. This date was considered the former.,c14,,1050,,,,AUSTRALIA
14976,Darwin Coastal,130.9,-12.5,MA7,Shell mound,Beta-87873,1070,80,,,Charcoal,Charcoal,,30-40,Radiocarbon,,Terrestrial,Open,Y,"Bourke & Crassweller, 2006; Brockwell et al., 2009",Assumed C13 value,c14,,1070,Information within this entry has been inferred by authors - see Notes,,,AUSTRALIA
10016,Murray Darling Depression,143.06,-35.26,Chillingollah 3,Burial,SUA-1695C,1100,80,,,Bone (re-precipitated alkali soluble fraction),Bone,,,Radiocarbon,,Terrestrial,Open,Y,"Macphail, 1982; Godfrey et al. 1996",A sample taken from a burial in the Mallee and used to explore variations in bone materials for radiocarbon dating. This sample was considered more reliable than SUA-1695A.,c14,,1100,Information within this entry has been inferred by authors - see Notes,,,AUSTRALIA
14010,Sydney Basin,150.37,-33.73,King's Tableland,Rockshelter,SUA-229,1100,80,,,Charcoal,Charcoal,"Level 15, SU IV",71-76,Radiocarbon,,Terrestrial,Closed,Y,"Stockton & Holland 1974 ; Gillespie & Temple, 1976; Stockton, 1977","Site consists of two stratigraphic units, Phase I - IV are late Holocene, while the lower deposit dates >14ka. This date relates to the Phase I assemblage. Date referred to as 965 +/- 75 years BP in Stockton (1993). Gillespie & Temple indicate that this date was 1110 +/-80.",c14,,1100,,,,AUSTRALIA
10827,Naracoorte Coastal Plain,140.69,-38.05,Finger Point 6,Midden,ANU-6355,1180,80,,,Charcoal,Charcoal,"Unit A, spit 9",50-60,Radiocarbon,,Terrestrial,Open,Y,"Egloff et al., 1989; Egloff et al., 1989 cit. Bird & Frankel, 1991","A study of five middens dominated by subinella sp. and flint nodules along the South Australia coast. The study was undertaken as mitigation prior to a proposed development. Bird & Frankel (1991) used these dates as part of a proxy for occupation/activity. Their paper concludes that late Holocene intensification, at least from a social perspective perspective, was not the case. However, the paper does show increasing numbers of dates (n=80) in the late Holocene. Interesting features of the study include an apparent hiatus between 6-7ka and the appearance of earth mounds only in the last 2.5ka.",c14,,1180,,,,AUSTRALIA
10186,Riverina,143.38,-35.17,DP/1 (75271/003),Earth mound,SUA-999,1200,80,,,Charcoal,Charcoal,Layer 5,,Radiocarbon,,Terrestrial,Open,Y,"Coutts et al. 1979; Coutts, 1980","An earth mound excavated in Nyah forest on the Murray River near Swan Hill. The site is 600 m from Murray River and 250 m from Parne Milloo. The earth mound was 50 m in diameter and 1 m high at its apex. The upper deposits had been impacted by rabbits and rabbit trappers. Excavation of three test pits revealed six layers. Artefacts were sparse and included one chert and four quartz flakes, one flint core, one quartz tool, one waterworn pebble, one amorphous artefact (possibly ground), three freshwater shell fragments possibly worked and four broken bone bi-points. The nearest known chert is over 100 km from the site. Fish bone, freshwater mussel, gastroliths, burnt clay pellets and emu eggshell were also present. A skeleton was also identified heavily disturbed in layer 1. The bones of this body revealed initial desiccation followed by covering in ochre and cremation.",c14,,1200,,,,AUSTRALIA
10727,King,144.71,-40.86,Mount Cameron West,Midden,ANU-338,1230,80,,,Charcoal,Charcoal,,,Radiocarbon,,Terrestrial,Open,Y,"Jones pers comm. cit Stockton, 1981",This sample is referred to in a review paper of Tasmanian radiocarbon dates by Stockton 1981. Limited contextual information is provided. This sample comes from the top of the midden.,c14,,1230,Information within this entry has been inferred by authors - see Notes,,,AUSTRALIA
10187,Riverina,143.38,-35.17,DP/1 (75271/003),Earth mound,SUA-998,1245,80,,,Charcoal,Charcoal,Bottom of layer 3,,Radiocarbon,,Terrestrial,Open,Y,"Coutts et al. 1979; Coutts, 1980","An earth mound excavated in Nyah forest on the Murray River near Swan Hill. The site is 600 m from Murray River and 250 m from Parne Milloo. The earth mound was 50 m in diameter and 1 m high at its apex. The upper deposits had been impacted by rabbits and rabbit trappers. Excavation of three test pits revealed six layers. Artefacts were sparse and included one chert and four quartz flakes, one flint core, one quartz tool, one waterworn pebble, one amorphous artefact (possibly ground), three freshwater shell fragments possibly worked and four broken bone bi-points. The nearest known chert is over 100 km from the site. Fish bone, freshwater mussel, gastroliths, burnt clay pellets and emu eggshell were also present. A skeleton was also identified heavily disturbed in layer 1. The bones of this body revealed initial desiccation followed by covering in ochre and cremation.",c14,,1245,,,,AUSTRALIA
12255,Southern East Queensland,151.5207,-24.0652,Seven Mile Creek Mound,Open site,NZA-12272,1260,80,,,Charcoal,Charcoal,,6.78-10.4,Radiocarbon,,Terrestrial,Open,Y,Ulm 2002a,Alternative lab. code: Wk-8560,c14,,1260,,,,AUSTRALIA
10986,South East Coastal Plain,142.36,-38.343,Armstrong Bay,Midden,GaK-1724,1280,80,,,Charcoal,Charcoal,,,Radiocarbon,,Terrestrial,Open,Y,"Campbell, 1967 cit. Bird & Frankel, 1991","A study (Bird & Frankel, 1991) using radiometric dates of southwest Victoria as a proxy for occupation/activity. The paper concludes that late Holocene intensification, at least from a social perspective perspective, was not the case. However, the paper does show increasing numbers of dates (n=80) in the late Holocene. Interesting features of the study include an apparent hiatus between 6-7ka and the appearance of earth mounds only in the last 2.5ka.",c14,,1280,,,,AUSTRALIA
10987,South East Coastal Plain,142.36,-38.343,Armstrong Bay,Midden,Gak-1730,1280,80,,,Charcoal,Charcoal,,,Radiocarbon,,Terrestrial,Open,Y,"Coutts, 1981 cit. Godfrey et al. 1996",A date referred to in a compilation of Victorian radiocarbon dates.,c14,,1280,,,,AUSTRALIA
10562,Arnhem Coast,134.9,-12.11,Garki 1 (Garrki),Midden,V-61,1305,80,,,Charcoal,Charcoal,Basal,,Radiocarbon,,Terrestrial,Open,Y,"Meehan, 1982; Veitch, 1999; Brockwell et al., 2009","The author refers to this sample as being from the basal units of a mound identified as Garrki. It may relate to Mulvaney's excavations around Milingimbi in the 1960's, but it is unclear the direct relationship based on the authors description. Veitch and Brockwell suggest this date was from Andara shell, while Meehan indicates it was a charcoal sample.",c14,,1305,,,,AUSTRALIA
10779,Murray Darling Depression,141.2,-35.2,Lake Victoria,Midden,GaK 2008,1320,80,,,Charcoal from midden,Charcoal,,,Radiocarbon,,Terrestrial,Open,Y,Gill 1973,,c14,,1320,,,,AUSTRALIA
10736,King,144.63,-40.95,West Point (also referred to as Marawah),Midden,V-66,1330,80,,,Charcoal,Charcoal,,,Radiocarbon,,Terrestrial,Open,Y,"Jones, 1965; Jones, 1971 cit. Stockton, 1981","A midden explored during a reconnaissance trip in the area. Jones (1965) identified a deposit of 7' with three main units - an upper and lower midden deposit with a 9"" layer of sand in between. The upper midden had over a 1,000 artefacts recovered composed of fine grained spongy chert (94%), quartzite (5%) and basalt (1%). The lower midden unit only had 400 artefacts composed of 40% chert, 30% basalt and 30% quartzites. Extensive bone remains were recovered and included seal, wallaby, whale, native cat, Tasmanian devil, mutton bird, large birds, cuttle fish and a few fish bones. A tooth from a human was also recovered. This sample was from the top of the midden.",c14,,1330,Information within this entry has been inferred by authors - see Notes,,,AUSTRALIA
10377,Murray Darling Depression,143,-33.7,Lake Arumpo (OA-11),Hearth,ANU 671,1390,80,,,Charcoal from hearth,Charcoal,,,Radiocarbon,,Terrestrial,Open,Y,"Barbetti 1973, Johnston & Clark, 1998",,c14,,1390,,,,AUSTRALIA
10405,Murray Darling Depression,143.1,-33.8,Lake Mungo (ML-20),Hearth,ANU 4136,1640,80,,,Charcoal from hearth,Charcoal,,,Radiocarbon,,Terrestrial,Open,Y,"Clark 1987, Johnston & Clark 1998",,c14,,1640,,,,AUSTRALIA
13568,NSW North Coast,152.77,-29.78,Chambigne,Rockshelter,V-40,1640,80,,,Charcoal,Charcoal,"Trench 3(d), I","21-30""",Radiocarbon,,Terrestrial,Closed,Y,"Bermingham, 1966; McBryde, 1966","Shallow rockshelter dug as part of a wider study of New England by McBryde (1974). Two main levels of deposit with Level I forming the bulk of the assemblage. Sample from talus slope, beneath rock fall. Layer rich in cultural material; implements including pebble tools and high numbers of geometric microliths, uniface pebbles. Basal date",c14,,1640,,,,AUSTRALIA
10339,Channel Country,144.33,-28.84,White Bore III,Hearth,SUA 2942,1730,80,,,Charcoal from hearth,Charcoal,Excavation Unit 1,,Radiocarbon,,Terrestrial,Open,Y,"Robin 1993, 1996",,c14,,1730,,,,AUSTRALIA
13488,Nandewar,150.93,-29.47,Graman Area B Site 4,Rockshelter,GaK-1189,1750,80,,,Charcoal,Charcoal,"Tr. 1, level I","13""",Radiocarbon,,Terrestrial,Closed,Y,"Polach et al. 1968, McBryde, 1974","One of a complex of sites along Ottley Creek investigated by McBryde (1974). The site retained two main levels dating to between c. 2000 - 4000 BP. This samples was associated with industry of backed blades and bone artefacts. Agrees with ANU-55, which while higher in the rockshelter, is lower in the level I deposit.",c14,,1750,,,,AUSTRALIA
13884,Sydney Basin,151.25,-33.83,Balmoral Beach 2,Rockshelter,Wk-3051,1810,80,,,Charcoal,Charcoal,Sq. U13/8,38-45,Radiocarbon,,Terrestrial,Closed,Y,"Attenbrow, 1993a","A rockshelter excavated following disturbance by the public (the site being near Balmoral beach). Two different phases of excavation reached depths of 199 cm (with cultural deposits to 184cm). The site contained four main layers (and several sub-layers). The upper layer was post 1960's. The second layer was dated to between 2.5 and 3 ka and consisted of shell-rich materials (also includes ashy lenses, artefacts, fish and animal bones). The lower layer - >100cm - dated to c. 3 ka - <3.78ka was composed of grey sands and contained charcoal, bones and stone artefacts; only small amounts of shell were found. The fourth layer overlying the bedrock was considered >3.78ka and contained a low density of artefacts and some charcoal. Most artefacts were recovered from layers 2 and 3 and contained backed artefacts dominated by silcrete and chert. An igneous ground edge implement was found in layer 4. Bone was found in all layers and were primarily snapper, tarwhine, bream and groper, wallaby, kangaroo and wombat. Shell was confined to layer 2 and was primarily rocky shore/rock platform species (limpet, black periwinkles, rock oyster). Other species present included large turban, triton, cartrut, sydney cockle and hairy mussel. Parts of a human skeleton were found in layer 1. This test pit is located outside of the rockshelter",c14,,1810,,,,AUSTRALIA
10127,Sydney Basin,151.34,-33.52,Ettalong Beach,Burial,Beta-35481,1820,80,,,Human bone,Bone,,,Radiocarbon,,Terrestrial,Open,Y,"Donlon 1990 cit. Pardoe, 1993; Donlon, 1991",Part of a wider study reviewing ages of skeletal remains along the Murray-Darling River. Donlon (1991) relates to the Swansea Heads burial ground and similarly refers to this date in part of a review. This date relates to two male individuals,c14,,1820,,,,AUSTRALIA
11149,South East Corner,149.91,-36.95,Lake Pambula,Midden,ANU-2830,1820,80,,,Charcoal,Charcoal,Spit 10,50.5,Radiocarbon,,Terrestrial,Open,Y,"Sullivan, 1982; Sullivan, 1984 cit. Brown, 2005; Sullivan, 1984","Test excavations of a sell mound as part of a PhD thesis. Trench 1 x 0.5 m dug to bedrock (1.2 m) revealed three units: 1) upper midden dominated by mussel and dated to about 1,200 BP; 2) middle midden dominated by hairy mussel with some mud oyster and dated to 1200 - 2300 BP; and 3) lower midden dominated by mud oyster and dating to 2300 - 3000 BP. Other finds included bone (bird, land and sea mammals, fish), bone tools and stone artefacts. No fish hooks, etc were observed. This sample was part of a charcoal-marine pair from spit 7 - pairs with ANU-2829",c14,,1820,,,,AUSTRALIA
10737,King,144.63,-40.95,West Point (also referred to as Marawah),Midden,V-69,1850,80,,,Charcoal,Charcoal,,,Radiocarbon,,Terrestrial,Open,Y,"Jones, 1965; Jones, 1971 cit. Stockton, 1981","A midden explored during a reconnaissance trip in the area. Jones (1965) identified a deposit of 7' with three main units - an upper and lower midden deposit with a 9"" layer of sand in between. The upper midden had over a 1,000 artefacts recovered composed of fine grained spongy chert (94%), quartzite (5%) and basalt (1%). The lower midden unit only had 400 artefacts composed of 40% chert, 30% basalt and 30% quartzites. Extensive bone remains were recovered and included seal, wallaby, whale, native cat, Tasmanian devil, mutton bird, large birds, cuttle fish and a few fish bones. A tooth from a human was also recovered. This sample was from the base of the midden.",c14,,1850,Information within this entry has been inferred by authors - see Notes,,,AUSTRALIA
11150,South East Corner,149.91,-36.95,Lake Pambula,Midden,ANU-2246,1850,80,,,Charcoal,Charcoal,Spit 11,57,Radiocarbon,,Terrestrial,Open,Y,"Sullivan, 1982; Sullivan, 1984 cit. Brown, 2005; Sullivan, 1984","Test excavations of a shell mound as part of a PhD thesis. Trench 1 x 0.5 m dug to bedrock (1.2 m) revealed three units: 1) upper midden dominated by mussel and dated to about 1,200 BP; 2) middle midden dominated by hairy mussel with some mud oyster and dated to 1200 - 2300 BP; and 3) lower midden dominated by mud oyster and dating to 2300 - 3000 BP. Other finds included bone (bird, land and sea mammals, fish), bone tools and stone artefacts. No fish hooks, etc were observed.",c14,,1850,,,,AUSTRALIA
10440,Murray Darling Depression,141.2,-35.2,Lake Victoria,Hearth,GaK 2007,1930,80,,,Charcoal from hearth,Charcoal,,,Radiocarbon,,Terrestrial,Open,Y,Gill 1973,,c14,,1930,,,,AUSTRALIA
13951,Sydney Basin,151.11,-34.15,Curracurrang (2CU5/-),Rockshelter,GaK-898,1930,80,,,Charcoal,Charcoal,2CU5/B,"15""",Radiocarbon,,Terrestrial,Closed,Y,"Flood, 1983; Kigoshi, 1967","Sample dates oldest horizon in a partially disturbed deposit associated with backed blades, edge-ground implements, and 'fabricators' of Bondaian industry. Compares closely with GaK-688. Koettig (1985) refers to the lab code of this sample as GaK-848.",c14,,1930,,,,AUSTRALIA
14320,Victoria Bonaparte,128.45,-15.41,Kununurra 1,Rockshelter,SUA-55,1940,80,,,Charcoal,Charcoal,,57,Radiocarbon,,Terrestrial,Closed,Y,"Gillespie & Temple, 1973; Dortch, 1977; Veth, 1995",Site excavated by CE Dortch. Sample taken 10cm above flaked and ground axe.,c14,,1940,,,,AUSTRALIA
12393,Sydney Basin,150.97,-34.05,Mills Creek 14 (M14),Open site,Beta-27197,2160,80,,,Charcoal,Charcoal,"Sq. E9 I-V, spit 3",15-25,Radiocarbon,,Terrestrial,Open,Y,"Koettig, 1990","A large open site immediately outside Mill Creek 11 rockshelter. Salvage excavations using shovel probes and test pits recovered some 7,546 artefacts dominated by quartz and to a lesser extent silcrete. This date came from a hearth where a focus of part of the assemblage (dominated by bipolar knapping) was present. The hearth had evidence of sandstone used in its construction/heating. This date indicates that bipolar flaking (and some evidence of backing) had begun by this point at the site. The dates compare well with a Mill Creek 11 and indicate contemporary use between the two areas.",c14,,2160,,,,AUSTRALIA
10408,Murray Darling Depression,143.1,-33.8,Lake Mungo (MLB-17),Hearth,ANU 662,2180,80,,,Burnt earth from hearth,Soil,,,Radiocarbon,,Terrestrial,Open,Y,"Barbetti 1973, Johnston & Clark, 1998",,c14,,2180,,,,AUSTRALIA
13942,Sydney Basin,151.11,-34.15,Curracurrang (1CU5/-),Rockshelter,GaK-895,2230,80,,,Charcoal,Charcoal,1CU5/7S (6),"34""",Radiocarbon,,Terrestrial,Closed,Y,"Kigoshi, 1967; Megaw, 1968","A larger sandstone rockshleter in the Royal National Park, south of Sydney. The shelter retained a tripartite sequence (Elouera-Bondaian-Capertian) and was one of the key sites in the 1960's and 1970's regarding the discussion/timing of these different typological assemblages. The site retained three main sedimentary units: 1) the upper layer was a consisted of a lightly packed midden with marine, fish and some non-human bones; this layer did not extend far beyond the dripline; 2) a layer of dark brown unctuous soil with no bone or shell; this unit extends beyond the dripline, but is deepest (1'3"") and highest artefact densities are in the rockshelter; and 3) clayey decomposed sandstone matrix (1'6"" in depth) derived from weathering bedrock. Date from lower part of maximum depth of Bondaian layer. Refers to spit 4, but description suggests spit 6",c14,,2230,,,,AUSTRALIA
14037,Sydney Basin,151.12,-33.19,Mussel Shelter,Rockshelter,SUA-1503,2230,80,,,Charcoal,Charcoal,"Spit 12, middle layer",56.9-62.9,Radiocarbon,,Terrestrial,Closed,Y,"Attenbrow, 1982","One of five key sites dug as part of Attenbrow's wider Upper Mangrove Creek investigations. The site was a rockshelter containing the highest artefact densities of any of the sites excavated. Highest densities were in the middle of three stratigraphic units evident at this site (spits 11-16 - middle layer). The upper and lowest units retained 1178 and 571 artefacts/cubic m, respectively. Bondi points were not found in the upper deposits, they were found in association with this date at spit 12. Hiscock & Attenbrow use this site to demonstrate the occurrence of backed blades in the early Holocene.",c14,,2230,,,,AUSTRALIA
14046,Sydney Basin,150.36,-34.26,RC-PAD (Mount Flora - Nattai National Park),Rockshelter,Beta-65749,2230,80,,,Charcoal,Charcoal,,40-45,Radiocarbon,,Terrestrial,Closed,Y,"Rich, 1993 cit. Jo McDonald Cultural Heritage Management Pty Ltd, 2003","A rockshelter site referred to as part of a background review on another project. The site is referred to as RC-PAD as well as Mount Flora. The site indicates an early co-dominance of silcrete, chert and quartz raw materials (before 2,230 +/- 80). Irregular use of these raw materials occurred until a quartz dominance in the last 1,500 years. Backed blades were evident throughout the sequence, including at the lowest depths (although these were originally considered displaced, more recent evidence suggests there may have been in situ and date to 7,500 years BP), and a proliferation between 20-45cm. Two ground edge artefacts were found between 10-20cm. Flake tools were found throughout with increasing thickness below 40 cm. Bipolar flaking was also evident in higher depths (5-30 cm).",c14,,2230,Information within this entry has been inferred by authors - see Notes,,,AUSTRALIA
11111,South East Corner,149.76,-37.56,Captain Stevenson's Point,Midden,SUA-1918,2380,80,,,Charcoal,Charcoal,"Pit 3, 12N/1W, spit 20",,Radiocarbon,,Terrestrial,Open,Y,"Coutts et al. 1984; Richman, 1999","The site contained a variety of shellfish and fish from the Mallacoota Inlet, shellfish and seal from the rock platforms at Bastion Point, and terrestrial animal remains. Excavations contained several bone tools and stone flakes. A human burial was also located at the bottom of the excavatioms partially destroyed by previous development. Author suggests the site was occupied ephemerally from about 2.4ka with no evidence of sterile deposits. Richman quotes this date as 2460 +/- 70.",c14,,2380,,,,AUSTRALIA
12140,Southern East Queensland,152.9149,-25.366,Booral Homestead Midden,Open site,Beta-32045,2420,80,,,Charcoal,Charcoal,,76.6,Radiocarbon,,Terrestrial,Open,Y,Frankland 1990,,c14,,2420,,,,AUSTRALIA
10391,Murray Darling Depression,143.1,-33.5,Lake Garnpung (WCG-2),Hearth,ANU 678,2440,80,,,Charcoal from hearth,Charcoal,,,Radiocarbon,,Terrestrial,Open,Y,"Barbetti 1973, Johnston & Clark, 1998",,c14,,2440,,,,AUSTRALIA
14895,Arnhem Coast,134.7,-12,Macassar Well,Shell mound,V-60,2445,80,,,Charcoal,Charcoal,,175-185,Radiocarbon,,Terrestrial,Open,Y,"Brockwell et al., 2009",,c14,,2445,Information within this entry has been inferred by authors - see Notes,,,AUSTRALIA
11142,South East Corner,149.76,-37.55,Fisheries Point,Midden,SUA-1454,2470,80,,,Charcoal,Charcoal,"TP B, spit 8, layer 3",,Radiocarbon,,Terrestrial,Open,Y,"Coutts et al. 1984; Simmons, 1984; Richman, 1999","This site retained two distinct cultural layers. An upper layer dominated by midden and shell material and dated to between 980 and 1750 radiocarbon yrs BP, and a lower layer pre-dating this on a former topsoil. The lower layer retained silcrete blades, flakes and fragments, and quartz debitage and comminuted shell.  No reference to material type is  made in either of these papers as to what was dated. There is some inference (and dominance in all of the papers of this book) that the samples were all charcoal. This is most notable given by a discussion surrouding a charcoal lens in the lowest layer and associated date.",c14,,2470,,,,AUSTRALIA
13492,Nandewar,150.93,-29.47,Graman Area B Site 4,Rockshelter,GaK-1190,2480,80,,,Charcoal,Charcoal,"Tr. 1, level II, spit 1","13""",Radiocarbon,,Terrestrial,Closed,Y,"Polach et al. 1968, McBryde, 1974","One of a complex of sites along Ottley Creek investigated by McBryde (1974). The site retained two main levels dating to between c. 2000 - 4000 BP. This samples was associated with rich collection of bone and stone implements (including backed blades). Agrees well with ANU-56 in a similar context 60"" away.",c14,,2480,,,,AUSTRALIA
12145,Southern East Queensland,152.9149,-25.366,Booral Shell Mound,Open site,Beta-38242,2790,80,,,Charcoal,Charcoal,,91.2,Radiocarbon,,Terrestrial,Open,Y,Frankland 1990,,c14,,2790,,,,AUSTRALIA
10481,Simpson Strzelecki Dunefields,136.23,-26.83,Oolgawa WH,Hearth,ANU-2837,2840,80,,,Charcoal from hearth,Charcoal,,,Radiocarbon,,Terrestrial,Open,Y,Smith & Clark 1993,,c14,,2840,,,,AUSTRALIA
14994,Tiwi Coburg,132.5,-11.1,Mari-maramay 1 (Croker Island),Shell mound,Beta-65997,2900,80,,,Charcoal,Charcoal,,91,Radiocarbon,,Terrestrial,Open,Y,"Brockwell et al., 2009",,c14,,2900,Information within this entry has been inferred by authors - see Notes,,,AUSTRALIA
11565,Cape York Peninsula,145.455,-14.6782,Freshwater Bay Midden,Open site,Wk-2691,2970,80,,,Charcoal,Charcoal,,,Radiocarbon,,Terrestrial,Open,Y,Mills 1992,,c14,,2970,,,,AUSTRALIA
10797,Naracoorte Coastal Plain,139.76,-37.16,Boomaroo Park Complex,Midden,ANU-1246,3150,80,,,Charcoal,Charcoal,,,Radiocarbon,,Terrestrial,Open,Y,"Luebbers, 1978 cit. Bird & Frankel, 1991","A study (Bird & Frankel, 1991) using radiometric dates of southwest Victoria as a proxy for occupation/activity. The paper concludes that late Holocene intensification, at least from a social perspective perspective, was not the case. However, the paper does show increasing numbers of dates (n=80) in the late Holocene. Interesting features of the study include an apparent hiatus between 6-7ka and the appearance of earth mounds only in the last 2.5ka. This sample pairs with ANU-1484.",c14,,3150,,,,AUSTRALIA
13476,Murray Darling Depression,139.54,-34.79,Fromms Landing,Rockshelter,NZ-365,3240,80,,,Charcoal,Charcoal,4ft depth,,Radiocarbon,,Terrestrial,Closed,Y,Grant-Talyor et al. 1963,Date comes from a depth of intense hearth construction within the site. Marks the decline for stone and bone implement production at the site.,c14,,3240,,,,AUSTRALIA
11181,South East Corner,149.89,-36.89,MHE 8 (Merimbula Lake),Midden,ANU-4999,3290,80,,,Charcoal,Charcoal,C,25,Radiocarbon,,Terrestrial,Open,Y,"ANU Archaeological Consultancies, 1986a","A shell midden located on the shores of Merimbula Lake and investigated/salvaged prior to residential development. MHE 10 had been previously disturbed through the construction of a track and was only minimally investgiated compared with MHE 8 (undertaken as part of the same salvage). The sites were dominated by Sydney cockle shell with a sharp increase in Oyster shell (to 20%) in the lowest 15 cm of the site. Mud whelk was also consistently present in low numbers. Minimal terrestrial bone was identified including kangaroo, lizard. fish bones and rabbit. Minimal artefacts were recovered indicating a preference for rhyolite and quartz raw materials. Two backed pieces were identified in the upper 5 cm of the MHE 8. The highest concentrations of artefacts were between 45-50 cm in MHE 10 (n=48 (53%)). Preference for quartx increases in the upper levels and suggests a move from backed artefacts to a 'less distinctive industry'.",c14,,3290,,,,AUSTRALIA
11099,South East Coastal Plain,146.27,-38.97,Yanakie West 9A,Midden,GaK-970,3480,80,,,Charcoal,Charcoal,"Series A, Trench C, Sq. 4, spit 7",2.7'-2.95',Radiocarbon,,Terrestrial,Open,Y,"Coutts, 1970","A geomorphological and archaeological study of Wilson's Promontory with a focus on the various sand dune units. Excavations of the sites revealed two assemblages. Assemblage A was dominated by backed blades and rock platform shellfish (note there are no rock platforms at present day sea level) and was wider spread. Overlying assemblage A, was assemblage B consisting of crude flakes and large core industry and was associated with edge-ground axes. Peak shell densities appear to occur between spits 7 - 11 and at 3 (stone densities only between 3-11) in YW11/1 and spits 6 and 11 in YW 9 (with stone densities at spit 3). Sites 'A' were considered to be associated with exploitation freshwater gastropods from land-locked lagoons and formed between 6500 - 3000 BP. Sites 'B' indicate a diversification of exploitation and a changing preference of raw materials.",c14,,3480,,,,AUSTRALIA
11183,South East Corner,149.89,-36.89,MHE 8 (Merimbula Lake),Midden,ANU-4995,3530,80,,,Charcoal,Charcoal,E,25-30,Radiocarbon,,Terrestrial,Open,Y,"ANU Archaeological Consultancies, 1986a","A shell midden located on the shores of Merimbula Lake and investigated/salvaged prior to residential development. MHE 10 had been previously disturbed through the construction of a track and was only minimally investgiated compared with MHE 8 (undertaken as part of the same salvage). The sites were dominated by Sydney cockle shell with a sharp increase in Oyster shell (to 20%) in the lowest 15 cm of the site. Mud whelk was also consistently present in low numbers. Minimal terrestrial bone was identified including kangaroo, lizard. fish bones and rabbit. Minimal artefacts were recovered indicating a preference for rhyolite and quartz raw materials. Two backed pieces were identified in the upper 5 cm of the MHE 8. The highest concentrations of artefacts were between 45-50 cm in MHE 10 (n=48 (53%)). Preference for quartx increases in the upper levels and suggests a move from backed artefacts to a 'less distinctive industry'.",c14,,3530,,,,AUSTRALIA
11184,South East Corner,149.89,-36.89,MHE 8 (Merimbula Lake),Midden,ANU-5000,3610,80,,,Charcoal,Charcoal,F,50,Radiocarbon,,Terrestrial,Open,Y,"ANU Archaeological Consultancies, 1986a; Webb & Cane, 1986 cit. Boot, 2002","A shell midden located on the shores of Merimbula Lake and investigated/salvaged prior to residential development. MHE 10 had been previously disturbed through the construction of a track and was only minimally investgiated compared with MHE 8 (undertaken as part of the same salvage). The sites were dominated by Sydney cockle shell with a sharp increase in Oyster shell (to 20%) in the lowest 15 cm of the site. Mud whelk was also consistently present in low numbers. Minimal terrestrial bone was identified including kangaroo, lizard. fish bones and rabbit. Minimal artefacts were recovered indicating a preference for rhyolite and quartz raw materials. Two backed pieces were identified in the upper 5 cm of the MHE 8. The highest concentrations of artefacts were between 45-50 cm in MHE 10 (n=48 (53%)). Preference for quartx increases in the upper levels and suggests a move from backed artefacts to a 'less distinctive industry'.  Boot (2002) states this date was from marine shell, whereas the original publication indicated charcoal.",c14,,3610,,,,AUSTRALIA
14399,Victoria Midlands,142.15,-36.99,Mount Talbot 1,Rockshelter,Beta-18886,3800,80,,,Charcoal,Charcoal,Sq. K9/8. Middle unit,,Radiocarbon,,Terrestrial,Closed,Y,"Bird, 1987 cit. Bird & Frankel, 1991; Bird, 1995","A rockshelter located in the Grampians and excavated by Bird. A 2 x 1 m trench was situated through the rockshelter and talus slope to a depth of approximately 80 cm. The shelter retained three lays, lower, middle and upper. Archaeological material was present throughout but focussed on the middle layer beginning about 4.4ka. Some 1403 artefacts were recovered dominated by quartz. Quartzite, chert, rhyolite and tachylite was also present - all of these raw materials are found locally. European artefacts were found in the upper deposits. This sample was collected from a hearth feature.  A study (Bird & Frankel, 1991) using radiometric dates of southwest Victoria as a proxy for occupation/activity. The paper concludes that late Holocene intensification, at least from a social perspective perspective, was not the case. However, the paper does show increasing numbers of dates (n=80) in the late Holocene. Interesting features of the study include an apparent hiatus between 6-7ka and the appearance of earth mounds only in the last 2.5ka.",c14,,3800,,,,AUSTRALIA
10837,Naracoorte Coastal Plain,140.26,-37.68,Mounce and Battye Rocks,Midden,ANU-1545,3870,80,,,Charcoal,Charcoal,,,Radiocarbon,,Terrestrial,Open,Y,"Luebbers, 1978 cit. Bird & Frankel, 1991","A study (Bird & Frankel, 1991) using radiometric dates of southwest Victoria as a proxy for occupation/activity. The paper concludes that late Holocene intensification, at least from a social perspective perspective, was not the case. However, the paper does show increasing numbers of dates (n=80) in the late Holocene. Interesting features of the study include an apparent hiatus between 6-7ka and the appearance of earth mounds only in the last 2.5ka. This date was paired with ANU-1483.",c14,,3870,,,,AUSTRALIA
14400,Victoria Midlands,142.15,-36.99,Mount Talbot 1,Rockshelter,Beta-18889,3900,80,,,Charcoal,Charcoal,Sq. K9/5. Middle unit,,Radiocarbon,,Terrestrial,Closed,Y,"Bird, 1987 cit. Bird & Frankel, 1991; Bird, 1995","A rockshelter located in the Grampians and excavated by Bird. A 2 x 1 m trench was situated through the rockshelter and talus slope to a depth of approximately 80 cm. The shelter retained three lays, lower, middle and upper. Archaeological material was present throughout but focussed on the middle layer beginning about 4.4ka. Some 1403 artefacts were recovered dominated by quartz. Quartzite, chert, rhyolite and tachylite was also present - all of these raw materials are found locally. European artefacts were found in the upper deposits. A study (Bird & Frankel, 1991) using radiometric dates of southwest Victoria as a proxy for occupation/activity. The paper concludes that late Holocene intensification, at least from a social perspective perspective, was not the case. However, the paper does show increasing numbers of dates (n=80) in the late Holocene. Interesting features of the study include an apparent hiatus between 6-7ka and the appearance of earth mounds only in the last 2.5ka.",c14,,3900,,,,AUSTRALIA
12401,Sydney Basin,150.14,-35.7,"PK 20, Buckenbowra",Open site,ANU-9762,4000,80,,,Scattered charcoal,Charcoal,"Sq. 1, spit 8",35-40,Radiocarbon,,Terrestrial,Open,Y,"Boot 1993, 1994","Large open site located on a broad ridge overlooking Buckenbowra River. Date reflects initial occupation of an artefact scatter with high densities (250 per sq. m) in backed blade levels. Lab code referred to as ANU-8762 in Boot, 2002. Spits 3 - 5 retained most artefacts, with spit 4 containing 260.",c14,,4000,,,,AUSTRALIA
10006,Arnhem Plateau,133.3,-12.8,Gunbilngmurrung site (BW 4),Beeswax figures in a rockshelter,CAMS-2300,4040,80,,,Beeswax,Other,,N/A,Radiocarbon,,Terrestrial,Closed,Y,"Nelson, 1995 cit. Watchman & Jones, 2002",Sample taken from a beeswax figure of a freshwater turtle by Nelson et al. (1995). This figure overlies other phases of rock engraving indicating that there is early activity on the site.,c14,,4040,,,,AUSTRALIA
12450,Tasmanian South East,147.98,-42.32,Crown Lagoon,Open site,ANU-279,4170,80,,,Charcoal,Charcoal,,,Radiocarbon,,Terrestrial,Open,Y,"Lourandos, 1977","A stratified site situated within the upper part of a lunette on the edge of Crown Lagoon near Lemont, Tasmania. This date reflects the termination of the site's use. The site consisted of temporary hearths and flaking floors, and animal bone. Lourandos interprets this site as a used for tool re-sharpening and rejuvenation.",c14,,4170,Information within this entry has been inferred by authors - see Notes,,,AUSTRALIA
10007,Arnhem Plateau,133.3,-12.8,Gunbilngmurrung site (BW 4),Beeswax figures in a rockshelter,CAMS-2301,4460,80,,,Beeswax,Other,,N/A,Radiocarbon,,Terrestrial,Closed,Y,"Watchman & Jones, 2002",Sample a replicate of Nelson et al's (1995) original analysis of BW 5 verifying the age of the sample.,c14,,4460,,,,AUSTRALIA
12408,Sydney Basin,150.93,-33.69,RH/CD 7,Open site,Beta-66452,4690,80,,,Charcoal,Charcoal,,,Radiocarbon,,Terrestrial,Open,Y,"McDonald et al., 1994",Sample taken from a wider investigation of the Rouse Hill Infrastructure Project in western Sydney. Date taken from microblade knapping floor. Referred to as Beta-664523 in some references.,c14,,4690,,,,AUSTRALIA
14401,Victoria Midlands,142.15,-36.99,Mount Talbot 1,Rockshelter,Beta-18888,5170,80,,,Charcoal,Charcoal,Sq. 8/6. Lower unit,,Radiocarbon,,Terrestrial,Closed,Y,"Bird, 1987 cit. Bird & Frankel, 1991; Bird, 1995","A rockshelter located in the Grampians and excavated by Bird. A 2 x 1 m trench was situated through the rockshelter and talus slope to a depth of approximately 80 cm. The shelter retained three lays, lower, middle and upper. Archaeological material was present throughout but focussed on the middle layer beginning about 4.4ka. Some 1403 artefacts were recovered dominated by quartz. Quartzite, chert, rhyolite and tachylite was also present - all of these raw materials are found locally. European artefacts were found in the upper deposits. This sample comes from the same lowest spit with artefacts. A study (Bird & Frankel, 1991) using radiometric dates of southwest Victoria as a proxy for occupation/activity. The paper concludes that late Holocene intensification, at least from a social perspective perspective, was not the case. However, the paper does show increasing numbers of dates (n=80) in the late Holocene. Interesting features of the study include an apparent hiatus between 6-7ka and the appearance of earth mounds only in the last 2.5ka.",c14,,5170,,,,AUSTRALIA
13343,Kanmantoo,136.71,-36.05,Cape de Couedic,Rockshelter,CS-610,6810,80,,,Charcoal,Charcoal,Sq. D16 (near surface),,Radiocarbon,,Terrestrial,Closed,Y,"Draper, 1987","A limestone rockshelter in the southwest corner of Kangaroo Island. The rockshelter retains three deposits dating between c. 6-8000 years based on the dates. Level one (the highest level) contains midden deposits and several shallow hearths, primarily exploiting limpets and periwinkles. Level one also contains macropod and sea lion bones.  Level two was composed of orange sands from dunal activity - the paper only references a hearth in this level. Level three is similar in composition and content to level one. Lithics recovered indicate an exploitation of milky and coloured quartz from Rocky River. Limestone was also used for artefact production from the walls of the cave. Large quartzite choppers were also frequently recovered.",c14,,6810,,,,AUSTRALIA
14385,Victoria Midlands,142.67,-37.3,Drual DR/1 Grampians,Rockshelter,Beta-88521,7090,80,,,Charcoal,Charcoal,"Sq. C4, spit 9 (AHU-30)",,Radiocarbon,,Terrestrial,Closed,Y,Bird et al. 1998,"A very large rockshelter located in the Grampians that contains both red and white paintings. Four 1 x 1 sq. m were excavated and revealed deposits up to 70 cm deep. The sequence could be divided into two units. The upper unit comprises of several layers of sandy sediments, which are rich in organic material, including charcoal and plant fragments. Hearths and burrows were also evident. Lower unit retains less organic material. Stone artefacts were found throughout. One date was previously found in the upper part of the site (SUA-535).",c14,,7090,Information within this entry has been inferred by authors - see Notes,,,AUSTRALIA
10789,Murray Darling Depression,141.21,-34.18,Old Midden,Midden,ANU-7502,7800,80,,,Freshwater mussel shell,Freshwater Shell,,,Radiocarbon,,Terrestrial,Open,Y,"Luebbers & Ellender, 1991 cit. Godfrey et al., 1996; Pardoe, 1993",A sample referred to as part of a wider review of Victorian radiocarbon dates. This sample is from an exposed shell midden on a lunette east of Lake Wallawalla. The paper indicates that this sample comes from pre-cemetery units of the site.,c14,,7800,,,,AUSTRALIA
10349,Flinders,148.28,-40.86,Rushy Lagoon,Hearth,Beta-8190,8300,80,,,Charcoal,Charcoal,TP B4,40-75,Radiocarbon,,Terrestrial,Open,Y,"Cosgrove, 1985","An excavation of an open artefact scatter situated on the sand dunes surrounding Rushy lagoon, which geomorphologically was considered to be early Holocene in age. This sample was taken from a hearth situated beneath the main concentration of artefacts and charcoal within this test pit. Overall about 160 artefacts were recovered dominated by quartz and quartzite. The assemblage included a small retouched silcrete flake, a quartzite flake with retouch and residues, and a horsehoof core. Some exotic materials (chalcedony) were evident and indicate transport from Cape Portland, some 10 km from the site. Interpretation suggested that the site was of temporary or ephemeral use.",c14,,8300,,,,AUSTRALIA
10740,Murray Darling Depression,142.09,-34.09,DSM 3,Midden,Beta-38418,12420,80,,,Freshwater mussel shell,Freshwater Shell,Area 1,22,Radiocarbon,,Terrestrial,Open,Y,"Johnston, n.d.",A shell midden investigated following its impact by the construction of a road near Dareton in NSW in the late 1980's/early 1990's. The investigation revealed an intermittent midden extending across 3 km along the edge of the road (near a levee to the Murray River). The midden was generally only 1-2 cm thick and located on average at 49.4cm below the surface (under a red quartz sand). The midden was dominated by freshwater mussel. Occasional claystone hearths and one silcrete flake were also noted.,c14,,12420,,,,AUSTRALIA
10738,Murray Darling Depression,142.09,-34.09,DSM 1,Midden,Beta-38416,12450,80,,,Freshwater mussel shell,Freshwater Shell,Area 3,54,Radiocarbon,,Terrestrial,Open,Y,"Johnston, n.d.",A shell midden investigated following its impact by the construction of a road near Dareton in NSW in the late 1980's/early 1990's. The investigation revealed an intermittent midden extending across 3 km along the edge of the road (near a levee to the Murray River). The midden was generally only 1-2 cm thick and located on average at 49.4cm below the surface (under a red quartz sand). The midden was dominated by freshwater mussel. Occasional claystone hearths and one silcrete flake were also noted.,c14,,12450,,,,AUSTRALIA
11189,South East Corner,149.29,-37.79,Tamboon Inlet,Midden,SUA-377C,360,85,,,Charcoal,Charcoal,,40-50,Radiocarbon,,Terrestrial,Open,Y,"Gillespie & Temple, 1977 cit. Boot, 2002; Gillespie, 1977",Thought to be basal date. Part of a coupled marine-charcoal calibration at this site.,c14,,360,Information within this entry has been inferred by authors - see Notes,,,AUSTRALIA
14890,Arnhem Coast,134.8,-12,Garki,Shell mound,V-62,1170,85,,,Charcoal,Charcoal,2.5 m over base,,Radiocarbon,,Terrestrial,Open,Y,"Brockwell et al., 2009",,c14,,1170,Information within this entry has been inferred by authors - see Notes,,,AUSTRALIA
13876,Swan Coastal Plain,115.75,-31.67,Orchestra Shell Cave,Rockshelter,ANU-622,1730,85,,,Scattered charcoal,Charcoal,"Sq. 1, level 3","18""",Radiocarbon,,Terrestrial,Closed,Y,"Hallam, 1974","Excavations of a limestone cave at Lake Neerabub. Excavations recovered a four feet deposit with Aboriginal activity throughout (dominated by limestone flakes). A shift from exploitation of bone/animal exploitation to plant materials in the last 1,000 years. Some decline in usage of the site following rockfall at about 2,000 BP. The author considers the occuaption shows good correlation with roof markings evident in the cave.",c14,,1730,,,,AUSTRALIA
11029,South East Coastal Plain,142.35,-38.32,Goose Lagoon Midden,Midden,Y-150-1,1855,85,,,Charcoal,Charcoal,Site B,,Radiocarbon,,Terrestrial,Open,Y,"Barendsen et al. 1957; Lourandos, 1983",From an Aboriginal midden on a 25-ft emerged shoreline. Similar to C-600,c14,,1855,,,,AUSTRALIA
13471,Murray Darling Depression,139.54,-34.79,Fromm Landing RS No. 2,Rockshelter,Not given,1931,85,,,Charcoal,Charcoal,,,Radiocarbon,,Terrestrial,Closed,Y,Mulvaney et al. 1964,Refered to in Mulvaney 1964 in relation to the depth where a possible elouera was recovered. Also refers to a thylacine tooth found above this date.,c14,,1931,Information within this entry has been inferred by authors - see Notes,,,AUSTRALIA
14102,Sydney Basin,151.14,-32.95,YC/1 (Yango Creek),Rockshelter,ANU-648,2350,85,,,Charcoal,Charcoal,"Sq. A, level 8",,Radiocarbon,,Terrestrial,Closed,Y,Moore 1981,"Lab code also relates to another date in this paper and may be erroneous. Chert and quartz artefacts found with bone in upper levels, European objects also found in places. Extensive material begins in level 6 (including blades) and level 7 (including a large quartzite core). Artefacts decreased from level 9 with sterile deposits at level 11.",c14,,2350,Information within this entry has been inferred by authors - see Notes,,,AUSTRALIA
14815,Sydney Basin,151.1,-34.05,Yowie Bay,Rockshelter with midden deposits,ANU-175,2670,85,,,Charcoal,Charcoal,WA/6B,90,Radiocarbon,,Terrestrial,Closed,Y,"Poiner, 1974 cit. Attenbrow, 2004; Haglund, 1977","A small rockshelter with three stratigraphic units. The upper unit was dominated by midden material. Surface debris indicates recent use with increasing appearance of backed blades and fish hook and fish hook files at depth. Artefacts were dominated by chalcedonic silica, probably from the Shoalhaven area.",c14,,2670,,,,AUSTRALIA
13715,Pilbara (inland),119.51,-23.21,Newman (P0187) Orebody XXIX rockshelter,Rockshelter,SUA-1040,3010,85,,,Charcoal,Charcoal,"Spit 2 (10-20cm bsl), Feature H3",,Radiocarbon,,Terrestrial,Closed,Y,Maynard 1980,,c14,,3010,,,,AUSTRALIA
13900,Sydney Basin,151.13,-33.19,Black Hands Cave,Rockshelter,SUA-932,3040,85,,,Charcoal,Charcoal,BH/B/10,85,Radiocarbon,,Terrestrial,Closed,Y,"Attenbrow, 1981, 1987 cit. Brown, 2005; Attenbrow, 2004; Vinnicombe, 1980",Disturbed rockshelter (6 m long x 2.75 m wide x 2.5 m max depth) excavated prior to the inundation of Mangrove Creek dam. The site was rich in rock art with multiple super-impositions. Excavations of three 1 sq. m test pits to 110 cm in depth indicated a similar sequence to at Loggers Shelter. This date comes from the base of a refuse deposit in the shelter.,c14,,3040,,,,AUSTRALIA
10054,Murray Darling Depression,141.8,-33.4,Lake Nitchie,Burial,NZ 1226,3290,85,,,Human bone carbonate,Bone,,,Radiocarbon,,Terrestrial,Open,Y,Macintosh 1971,,c14,,3290,Information within this entry has been inferred by authors - see Notes,,,AUSTRALIA
10384,Murray Darling Depression,143.1,-33.5,Lake Garnpung (GL-1),Hearth,ANU 701,3560,85,,,Charcoal from hearth,Charcoal,,,Radiocarbon,,Terrestrial,Open,Y,"Barbetti 1973, Johnston & Clark, 1998",,c14,,3560,,,,AUSTRALIA
13479,Murray Darling Depression,139.62,-34.77,Murray River Cave (Fromm Landing),Rockshelter,P-308,3750,85,,,Ash and shell,Other,"Layer 6 (formerly V), sample #9","7'4""",Radiocarbon,,Terrestrial,Closed,Y,"Mulvaney, 1961; Tindale 1968, Ralph et al. 1962","One of the two earliest dated rockshelters in Australia (Devon Downs being the other). Stratified rockshleter used to develop phases of typology by Mulvaney and Tindale in the late 1950's. Latest occurrence of 'Pirrian' artefacts. Layer is charcaterised by band of ash. Rear of rockshelter at this level reddened by fire. Level is one of intense occupation, yielding one bone point, two crude microliths and two flaked shaped-like crude points.",c14,,3750,,,,AUSTRALIA
13480,Murray Darling Depression,139.62,-34.77,Murray River Cave (Fromm Landing),Rockshelter,P-309,3870,85,,,Ash and charcoal,Charcoal,Layer 8 (formerly VIF),10' - 10'2:,Radiocarbon,,Terrestrial,Closed,Y,"Mulvaney, 1961; Ralph et al. 1962","One of the two earliest dated rockshelters in Australia (Devon Downs being the other). Stratified rockshleter used to develop phases of typology by Mulvaney and Tindale in the late 1950's. Between layer 6 and this level (at 8'3"") the jaw of an extinct rat kangaroo (Bettangia pencillata) was found. At 8'6"" several bone points, including a Mukudian point, a possible broken Pirrian point, three microliths. At 9' jaw of Sacrophilus harrissi was found. At 9'10"" a 'very fine geometric quartz microlith was found'.",c14,,3870,,,,AUSTRALIA
13481,Murray Darling Depression,139.62,-34.77,Murray River Cave (Fromm Landing),Rockshelter,P-311,4050,85,,,Wood charcoal,Wood/Plant Material,Layer 9 (formerly VIi),"11'1"" - 11'4""",Radiocarbon,,Terrestrial,Closed,Y,"Mulvaney, 1961; Ralph et al. 1962","One of the two earliest dated rockshelters in Australia (Devon Downs being the other). Stratified rockshleter used to develop phases of typology by Mulvaney and Tindale in the late 1950's. .At 11'10"" - 12', a geometric microlith. This was the deepest artefact in this part of the cave. Although fires to 13' were observed.",c14,,4050,,,,AUSTRALIA
12272,Southern East Queensland,151.8522,-28.0207,Talgai Skull,Open site,R2618/1,9160,85,,,Carbonate,Other,,,Radiocarbon,,Terrestrial,Open,Y,Hendy et al. 1973,,c14,,9160,,,,AUSTRALIA
10119,Southern East Queensland,153.4206,-28.0336,Broadbeach Burial Ground,Burial,V-161,50,86,,,Charcoal,Charcoal,,65-97,Radiocarbon,,Terrestrial,Open,Y,Bermingham 1971,Bermingham (1971) reports non-CRA as 50?80,c14,,50,,,,AUSTRALIA
13575,NSW North Coast,152.91,-29.59,Seelands,Rockshelter,V-10,626,86,,,Charcoal,Charcoal,"Trench 5 (d), II)","9-12""",Radiocarbon,,Terrestrial,Closed,Y,"Bermingham, 1966; McBryde, 1961, 1966","An extensive study of the rockshleter including four trenches across various parts of the site. Radiocarbon dating and analysis done on each of the trenches, with later compilation in McBryde 1874. A compilation of all these trenches revealed a uniface pebble industry in levels, IV, V and VI composed primarily indurated mudstone, siltstone and greywacke (all available from the nearby Clarence River). These lower depths retained very few artefacts between c. 2000 - 5000 BP. Level IIIA and IV similarly contains greywacke uniface pebbles, but also the appearanance of blade tools,  geometric microliths and ground-edged tools (c. 2000 BP). Level IV also contains bone artefacts, which gain in importance in levels II and III. Levels I, II and III dominated by small tool tradition. Stratigraphically the same level as V-26. Deposit includes uniface pebble tools, blade tools, geometric microliths and bone implements. This date is quoted as 1040 +/- 80 in McBryde, 1965.",c14,,626,,,,AUSTRALIA
13569,NSW North Coast,152.61,-29.7,Jacky's Creek,Rockshelter,V-45,585,87,,,Charcoal,Charcoal,"Trench 2(d), I","6""",Radiocarbon,,Terrestrial,Closed,Y,"Bermingham, 1966; McBryde, 1966","Shallow steeply angled rockshelter dug as part of a wider study of New England by McBryde (1974). Four levels levels of deposit with Level IA and IIA forming the bulk of the assemblage. Level IV at the base of the talus was sterile. First occuption encountered, in same stratigraphic depth as V-41. This date may be intrusive. However was found in association with red ochre on a sandstone fragment.",c14,,585,,,,AUSTRALIA
13571,NSW North Coast,152.61,-29.7,Jacky's Creek,Rockshelter,V-44,1285,88,,,Charcoal,Charcoal,"Trench 3, IIA","9""",Radiocarbon,,Terrestrial,Closed,Y,"Bermingham, 1966; McBryde, 1966",Shallow steeply angled rockshelter dug as part of a wider study of New England by McBryde (1974). Four levels levels of deposit with Level IA and IIA forming the bulk of the assemblage. Level IV at the base of the talus was sterile. This sample was taken from similar area and stratigraphic layer to V-43.,c14,,1285,,,,AUSTRALIA
11240,Sydney Basin,151.2,-34.04,BHW (#52-3-724),Midden,NZA-2323,2402,88,,,Charcoal,Charcoal,"Sq. B2, spit 5",21-23,Radiocarbon,,Terrestrial,Open,Y,Brayshaw et al. 1992,"A large midden investigated and salvaged for a proposed destination resort near Boat Harbour, Kurnell Peninsula. A shell midden dominated by rock oyster, cockle (estuarine) and  limpet and nerita (rock platform). Rock platforms are nearby, but estuarine areas are over 2.2 km away. Shell occurred between spits 1- 7 with highest concentrations at spits 1 and 2 by MNI or in 2 - 9 with highest concentrations in spit 4 (with similar values across spits 3 - 6) by weight. Mammal and bird bones was also recovered - six pieces of Abalone were identified as worked into possible necklaces/ovoid shapes. About 1800 artefacts were recovered across spits 1 - 7. Artefactual assemblage was dominated by fine grained siliceous and silcrete with a reasonable proportion of petrified wood. The raw materials were considered mainly to have been brought to the site as water-rolled pebbles, possibly from the Shoalhaven River.  Backed blades were present in low numbers. A silcrete workfloor was identified in Sq. B2, spit 5. 55 cores were also recovered and indicated some use of heat in artefact manufacture.",c14,,2402,,,,AUSTRALIA
13589,NSW South Western Slopes,150.34,-33.1,Noola,Rockshelter,V-36,5320,88,,,Charcoal,Charcoal,Hearth,"25""",Radiocarbon,,Terrestrial,Closed,Y,"Tindale 1968, Bermingham, 1966",Hearth underneath a rock slab. Dates end of relatively long sterile period after V-35. and begininng of more intensive occupation ('Mudukian'),c14,,5320,,,,AUSTRALIA
14764,King,145.72,-40.95,Sister's Creek,Rockshelter with midden deposits,NSW-17,6050,88,,,Charcoal,Charcoal,,,Radiocarbon,,Terrestrial,Closed,Y,"Jones, 1965","A rockshelter explored during a reconnaissance trip in the area. An excavation of three 5' x 5' testpits was undertaken, which identified five feet of midden overlying five feet of sand over bedrock. Stone tools were dominated by siliceous quartzite, with chert, basalt, quartz and metamorphic materials also found. Tools included pebble choppers and steep sided scrapers. Two bone tools were also found (made from macropod). Other bone found indicated a diet of seal, macropods, wombats, possums, larg birds, marsupial rodents, and large quantites of fish bone. This sample was taken at the base of the midden deposit, above the sand and was from a hearth.",c14,,6050,,,,AUSTRALIA
10999,South East Coastal Plain,142.36,-38.343,Campbell 10,Midden,SUA-1331,120,90,,,Charcoal,Charcoal,Spit 1,,Radiocarbon,,Terrestrial,Open,Y,"Coutts, 1982 cit. Bird & Frankel, 1991","A study (Bird & Frankel, 1991) using radiometric dates of southwest Victoria as a proxy for occupation/activity. The paper concludes that late Holocene intensification, at least from a social perspective perspective, was not the case. However, the paper does show increasing numbers of dates (n=80) in the late Holocene. Interesting features of the study include an apparent hiatus between 6-7ka and the appearance of earth mounds only in the last 2.5ka. This date has been corrected following Temple & Barbetti, 1981.",c14,,120,,,,AUSTRALIA
11414,Victoria Volcanic Plain,143.26,-38.76,Moonlight Head,Midden,GaK-9007,180,90,,,Charcoal,Charcoal,,,Radiocarbon,,Terrestrial,Open,Y,"Zobel et al. 1984 cit. Bird & Frankel, 1991","A study (Bird & Frankel, 1991) using radiometric dates of southwest Victoria as a proxy for occupation/activity. The paper concludes that late Holocene intensification, at least from a social perspective perspective, was not the case. However, the paper does show increasing numbers of dates (n=80) in the late Holocene. Interesting features of the study include an apparent hiatus between 6-7ka and the appearance of earth mounds only in the last 2.5ka.",c14,,180,,,,AUSTRALIA
10893,NSW North Coast,153.39,-29.22,Jerusalem Creek,Midden,GX-2095,200,90,,,Charcoal,Charcoal,,,Radiocarbon,,Terrestrial,Open,Y,McBryde 1982 cit. Brown 2005,Brown notes that this sample came from one of two pipi shell bands exposed at significant depoth within the soil profile. Collected by I.McBryde in the 1970's.,c14,,200,Information within this entry has been inferred by authors - see Notes,,,AUSTRALIA
10111,Simpson Strzelecki Dunefields,140.3,-27.45,Gidgealpa WH (Coopers Creek) Grave A42196,Burial,Gak-678,250,90,,,Vegetable matter lining grave,Wood/Plant Material,Identified as  Atalaya hemiglauca,,Radiocarbon,,Terrestrial,Open,Y,Pretty 1968,,c14,,250,,,,AUSTRALIA
10104,Riverina,145.12,-36,Madowla Park Burial,Burial,Beta-16515,300,90,,,Charcoal,Charcoal,,,Radiocarbon,,Terrestrial,Open,Y,Aboriginal Affairs Victoria cit. Godfrey et al. 1996,A sample referred to as part of a wider review of Victorian radiocarbon dates. This sample came from a hearth above the burial (Beta-16514) within a lunette near echuca.,c14,,300,Information within this entry has been inferred by authors - see Notes,,,AUSTRALIA
10112,Simpson Strzelecki Dunefields,140.3,-27.45,Gidgealpa WH (Coopers Creek) Grave A42197,Burial,Gak-679,320,90,,,Charcoal from grave fill,Charcoal,,,Radiocarbon,,Terrestrial,Open,Y,Pretty 1968,,c14,,320,,,,AUSTRALIA
13557,NSW North Coast,151.2,-30.53,Bendemeer Site 1,Rockshelter,GaK-705,340,90,,,Charcoal,Charcoal,"Tr.1, zone m, level II","3-12""",Radiocarbon,,Terrestrial,Closed,Y,"Kigoshi, 1967; McBryde, 1966, 1974","Part of a wider study of prehistory in New England by I. McBryde. Four main levels were identified, I, II, IIIA and IIIB (level IIIC is also referenced, but not discussed). A large artefact assemblage was recovered primiarly occurring in IIIA and IIIB. The assemblage was predomiantly of blade tools, including Bondi points and geometric microlithis, as well as fabricators, eloureas, burins, scrapers and edge-ground tools.",c14,,340,,,,AUSTRALIA
11384,Tasmanian West,146.37,-43.52,Maatsuyker Island Site 1,Midden,GaK-5988,400,90,,,Charcoal,Charcoal,,,Radiocarbon,,Terrestrial,Open,Y,"Vanderwal & Horton, 1984","Part of a larger study of middens along the southwest coast of Tasmania. Part of a larger study of middens along the southwest coast of Tasmania. An investigation of five sites (closed and open) indicated that occupation began around 3,000 years BP on the sand dune sites. Evidence suggests exploitation of shellfish, rock-resting seals, birds, wallabies and wombats. From about 1,000 years BP, evidence of a winter and summer economy including sand dune site, island sites and rockshelters was evident, this was achieved through the development of specialised sites for the exploitation of seals all year round. This economy was still evident and expanding 500 years BP. This sample came from immediately below a slope wash evident within the main occupation unit of the site.",c14,,400,,,,AUSTRALIA
14809,Sydney Basin,151.3,-33.59,Great Mackerel RS (45-6-1614),Rockshelter with midden deposits,ANU-6371,480,90,,,Charcoal,Charcoal,6/6/1; SU 2,12,Radiocarbon,,Terrestrial,Closed,Y,"McDonald , 1989, 1992, 2008","This rockshelter is located on a ridgeline overlooking Great Mackerel Beach in Pittwater. The RS was excavated as part of McDonald's PhD research and included extensive Aboriginal art motifs. Excavations were undertaken to form a correlation between directly dated art and deposits within the RS. The excavation revealed a deposit some 60 cm in depth. The site consisted of two deposits, a lower Bondaian between c.3,500 (ANU-6615) and 600 BP (ANU-6373) and containing only stone artefacts - primarily split quartz pebbles and indurated mudstone debitage overlain by a late Bondaian shell midden. The upper deposits were dominated by shell remains and accumulated more rapidly than lower deposits (25 cm in 340 years) suggestive of greater use in the last 500 years. Fish hooks were also found in this upper deposit. Sydney rock oyster (Crassosnea commercialis), the limpet (Cellana sp.), the hairy mussel (Trichonzya tiirsuta) and the black periwinkle (Nen'ta unanlentoscr) dominate the  midden in terms of minimum numbers. Fish (Snapper), small mammals and bird bones were also recovered. Some evidence of dietary change was noted and discussed.",c14,,480,,,,AUSTRALIA
11302,Sydney Basin,150.27,-35.72,North Head (Batemans Bay) 15/67B,Midden,ANU-3711,520,90,,,Charcoal,Charcoal,Spit 3,,Radiocarbon,,Terrestrial,Open,Y,"ANU Archaeological Consultancies  Autech Pty Ltd [Hughes et al.], 1984","A disturbed shell midden (through storm damage and an informal walking track) in the foredunes at the eastern end of North Head beach. As part of the remediation, M. Sullivan took a column sample of the midden deposits. The deposit was 1 m deep and situated on a sterile sand deposit. The lower part of the midden was dominated by Turban sp. shell, as well as several other large gastropods, which shifted to Nerite's in the upper spits. Edible mussel also appeared after spit 3 (about 500 years BP). Fish bones dominated by Maori Wrasse and Snapper, and bird bones were also recovered. Frequent volcanic and quartz stone was also identified, but none revealed modified flaking. The highest concentrations of materials occurred in spits 3 and 4, and formed a focus of the radiocarbon dating (which undertook a charcoal-marine calibration program. This program indicated that the recommended corrected reservoir age of 450+/- 35 was appropriate for spit 9, but younger dates were comparable with no correction).  Attenbrow (2004) erroneously refers to this site as a rockshelter.",c14,,520,,,,AUSTRALIA
10915,NSW North Coast,153.5,-28.2,Terranora 19,Midden,Beta-1671,605,90,,,Charcoal,Charcoal,,,Radiocarbon,,Terrestrial,Open,Y,Barz 1982,"Brown states: Excavated midden (65m long x 11m wide x 0.4m deep) is part of a complex of sites. Trench 4m x 1m excavated. Lower shell layer contains large amount of fish-bone, is dominated by oyster and includes bone points, and is interpreted as a specialised fishing site. Upper midden dominated by cockles and then club-whelks with few stone artefacts. Few stone artefacts recovered. Some human remains in the shell midden. Sample was taken from a hearth at the base of the site.",c14,,605,Information within this entry has been inferred by authors - see Notes,,,AUSTRALIA
10350,Flinders Lofty Block,139.45,-32.02,Cons Bore Hearth 1,Hearth,Gak-9883,630,90,,,Charcoal,Charcoal,buried hearth 36-65 cm bs,,Radiocarbon,,Terrestrial,Open,Y,Nobbs 1983,,c14,,630,,,,AUSTRALIA
11383,Tasmanian West,146.37,-43.52,Lousia River Site 3,Midden,GaK-6599,630,90,,,Charcoal,Charcoal,Spits 1 - 3,,Radiocarbon,,Terrestrial,Open,Y,"Vanderwal & Horton, 1984","Part of a larger study of middens along the southwest coast of Tasmania. Part of a larger study of middens along the southwest coast of Tasmania. An investigation of five sites (closed and open) indicated that occupation began around 3,000 years BP on the sand dune sites. Evidence suggests exploitation of shellfish, rock-resting seals, birds, wallabies and wombats. From about 1,000 years BP, evidence of a winter and summer economy including sand dune site, island sites and rockshelters was evident, this was achieved through the development of specialised sites for the exploitation of seals all year round. This economy was still evident and expanding 500 years BP. This sample comes from the dense shell unit located between sterile sands following an excavation of a cut-back section of the dune.",c14,,630,,,,AUSTRALIA
10838,Naracoorte Coastal Plain,139.86,-37.31,Nora Creina,Midden,ANU-1244,650,90,,,Charcoal,Charcoal,,,Radiocarbon,,Terrestrial,Open,Y,"Luebbers, 1978 cit. Bird & Frankel, 1991","A study (Bird & Frankel, 1991) using radiometric dates of southwest Victoria as a proxy for occupation/activity. The paper concludes that late Holocene intensification, at least from a social perspective perspective, was not the case. However, the paper does show increasing numbers of dates (n=80) in the late Holocene. Interesting features of the study include an apparent hiatus between 6-7ka and the appearance of earth mounds only in the last 2.5ka. This sample was taken from basal deposits. This date was paired with ANU-1240.",c14,,650,,,,AUSTRALIA
14482,Warren,115.01,-34.01,Witchcliffe RS,Rockshelter,Wk-3955,680,90,,,Charcoal,Charcoal,"Sq. T20, spit 37, layer 4A",66,Radiocarbon,,Terrestrial,Closed,Y,"Dortch, 1996; Smith, 1999","A small rockshelter with limited human occupation, other nearby rockshelters are referred to as richer in archaeological deposit. It is envisaged that this rockshelter was only colonised in the last millennium. This date comes from a hearth. Other archaeological remains were recovered but not analysed at time of publication; they include many flakes and fragments of quartz; quantities of burnt and unburnt bone; emu eggshell fragments; well-preserved plant material, including charred leaf bases from the grasstree Xanthorrhoea sp; fragments of freshwater and marine bivalve shells; and a few fish bones and scales, probably of marine species. The small amounts of bivalve shell throughout the shelter deposit suggest that in recent times  molluscs were gathered regularly",c14,,680,,,,AUSTRALIA
10115,South East Corner,150.2,-35.83,Barlings Beach,Burial,ANU-7501A,770,90,,,Human bone apatite,Bone,,,Radiocarbon,,Terrestrial,Open,Y,"Pardoe, 1993",Part of a wider study reviewing ages of skeletal remains along the Murray-Darling River.,c14,,770,,,,AUSTRALIA
14806,Sydney Basin,151.36,-33.5,Daley's Point (Milligans),Rockshelter with midden deposits,Not given,800,90,,,Charcoal,Charcoal,,,Radiocarbon,,Terrestrial,Closed,Y,Clegg 1979 cit. McDonald 2008,"A rockshelter north of Broken Bay excavated by Jonh Clegg prior to constructing metal grids to stop vandalism of the art. The art consists of charcoal drawings and pecked outline engravings (including possible fish, echidna and macropods). Clegg indicated the site was occupied from 0.2 -0.6 ka; 0.7 - 0.9ka; or 1.1 - 0.5 ka. This was based on the dating of the main occupation layer, a midden deposit, at 800 +/- 100 BP.  The descriptions of this site includes a 50 cm deep deposit, the upper half of which is shell midden. Eight fish hooks were recovered from this upper deposit. Engraved figures and grinding grooves were found on sandstone slabs above the shelter. 69kg of shell was recovered and was dominated by Anadara trapezia (82.6%). Also referred to as Fish Hook Shelter.",c14,,800,Information within this entry has been inferred by authors - see Notes,,,AUSTRALIA
14831,Tasmanian West,146.37,-43.52,Lousia River Cave Site 2,Rockshelter with midden deposits,GaK-5990,870,90,,,Charcoal,Charcoal,,c. 30,Radiocarbon,,Terrestrial,Closed,Y,"Vanderwal & Horton, 1984","Part of a larger study of middens along the southwest coast of Tasmania. An investigation of five sites (closed and open) indicated that occupation began around 3,000 years BP on the sand dune sites. Evidence suggests exploitation of shellfish, rock-resting seals, birds, wallabies and wombats. From about 1,000 years BP, evidence of a winter and summer economy including sand dune site, island sites and rockshelters was evident, this was achieved through the development of specialised sites for the exploitation of seals all year round. This economy was still evident and expanding 500 years BP. This sample comes from the lowest charcoal concentration underlaying several layers of dense shell. This date should be considered basal.",c14,,870,,,,AUSTRALIA
10155,South East Corner,149.76,-37.56,Captain Stevenson's Point,Dingo Burial,SUA-1920,890,90,,,Charcoal,Charcoal,"Pit 2, 6N/3W, spit 5",,Radiocarbon,,Terrestrial,Open,Y,"Coutts et al. 1984; Gollan, 1984","A dingo burial located in the Captain Stevenson  Point midden. It could not be determined whether it was a deliberate burial or simply dumped on the surface of the midden. The dog was an adult male, at least 4 years old. A further dog burial was also identifed as SP2 and considered to be a similar age. Richman quotes this date as 930 +/- 80.",c14,,890,,,,AUSTRALIA
10361,Flinders Lofty Block,138.08,-32.1,Partacoona,Hearth,ANU-658,900,90,-22,,Charcoal,Charcoal,,,Radiocarbon,,Terrestrial,Open,Y,"Barbetti & Polach, 1973",Hearth found in gully of bank of Kanyaka Creek.,c14,,900,,,,AUSTRALIA
10719,King,145.1,-40.8,Little Duck Bay,Midden,ANU-1618,900,90,,,Charcoal,Charcoal,,,Radiocarbon,,Terrestrial,Open,Y,"Bowdler, 1979 cit. Stockton, 1981",This sample is referred to in a review paper of Tasmanian radiocarbon dates by Stockton 1981. Limited contextual information is provided. This sample comes from the top of a midden.,c14,,900,Information within this entry has been inferred by authors - see Notes,,,AUSTRALIA
11214,Sydney Basin,150.9,-34.6,Bass Point,Midden,SUA-144,930,90,,,Charcoal,Charcoal,Pit D,25-30,Radiocarbon,,Terrestrial,Open,Y,"Hughes, 1977; Hughes & Djohadze, 1980 cit. Brown, 2005","Excavations initially undertaken by S.Bowdler in the 1970's. She identified four units: 1) upper midden layer, containing primarily mussel shells and shell fish hooks and bone points; 2) lower midden containing rock platform gastropods, backed artefacts and bone points. Larger shellfish were also dominant; 3) grey sand with poorly preserved shell; and 4) white sand with stone artefacts, but no shell. A subsequent re-investigation of the site by Hughes and Djodhadze included the re-opening of Bowdler's four test pits (totalling 7 sq. m) and an additional two new test pits. Hughes & Djodhadze undertook additional dating and identified the following: 1) upper midden dated to 100-740 BP; 2) lower midden dated to 740 - 1800 BP; 3) grey sand dated to 1800 - 3950 BP; 4) white sand dated to 3950 - 7700 BP; and 5) lower white sand dated to 7700 - 17500 BP. A marine-charcoal radiocarbon calibration analysis was also undertaken on the site by Gillespie. Hughes (1977) considered peak site usage was in the mid-Holocene representing probably elements of the white and grey sand.",c14,,930,,,,AUSTRALIA
13565,NSW North Coast,151.2,-30.53,Bendemeer Site 2,Rockshelter,GaK-711,950,90,,,Charcoal,Charcoal,"Tr. 1, zone b, level III","10-18""",Radiocarbon,,Terrestrial,Closed,Y,"Kigoshi, 1967; McBryde, 1966, 1974","Part of a wider study of prehistory in New England by I. McBryde. This site, a follow up to Bendlemeer sIte 1, was also near Halls Creek. The shelter retained three main layers, with the focus of occupation occurring between 10-20"" (level III) below ground surface. The overlying deposits were culturally sterile. GaK- 710 and 711 date this occupation period.",c14,,950,,,,AUSTRALIA
10200,Riverina,143.38,-35.17,DP/8,Earth mound,SUA-1241,1000,90,,,Charcoal,Charcoal,"Pit A, sq. 100/100, spit 19",,Radiocarbon,,Terrestrial,Open,,Aboriginal Affairs Victoria cit. Godfrey et al. 1996,A sample referred to as part of a large-scale compilation of radiocarbon dates in Victoria. This sample comes from an earth mound on the Murray River near Swan Hill. It may relate to work by Coutts (1979).,c14,,1000,,,,AUSTRALIA
10668,Darwin Coastal,130.8,-12.5,HI80,Midden,OZC-961,1010,90,,,Charcoal,Charcoal,48cm (from surface),48,Radiocarbon,,Terrestrial,Open,Y,"Bourke, 2004; Bourke, 2005b; Brockwell et al., 2009",Presumed C13 values. Bourke suggests that this site represents an intense human period of Anadara exploitation and formed after HI81 and HI83.,c14,,1010,Information within this entry has been inferred by authors - see Notes,,,AUSTRALIA
11398,Victoria Volcanic Plain,146.23,-39.09,Great Glennie Island/1,Midden,ANU-2427,1070,90,,,Charcoal,Charcoal,"Spit 14, unit 4",70,Radiocarbon,,Terrestrial,Closed,Y,"Head et al., 1983 cit. Gaughwin & Fullagar, 1995","A site mentioned in a review section of these two papers. This date comes from the basal deposits of a midden excavated on Great Glennie Island. The midden is made up of five prehistoric layers made up of rock platform shellfish (predominantly limpets), bone, charcoal and stone artefacts. It was interpreted as a series of short term visits to the region. This sample reflects the first stone artefact recovered at the site.",c14,,1070,Information within this entry has been inferred by authors - see Notes,,,AUSTRALIA
11353,Tasmanian South East,147.27,-43.05,Coningham,Midden,ANU-6939,1090,90,,,Charcoal,Charcoal,,,Radiocarbon,,Terrestrial,Open,Y,"Dunnett, 1993","This sample is discussed as part of a wider discusison on shellfish exploitation in the Derwent River. Limited contextual information is provided, but the paper does indicate this is a basal date. The paper also indicates the midden was dominated by Mytilus edulis and Cellana solida with 14.7% of Haliotis.",c14,,1090,Information within this entry has been inferred by authors - see Notes,,,AUSTRALIA
10601,Arnhem Coast,134.8,-12,Stoneline 3,Midden,Beta-41416,1110,90,,,Charcoal,Charcoal,,63,Radiocarbon,,Terrestrial,Open,Y,"Brockwell et al., 2009",,c14,,1110,Information within this entry has been inferred by authors - see Notes,,,AUSTRALIA
14183,Tasmanian Southern Ranges,146.46,-42.55,Titan Shelter (G),Rockshelter,GaK-6874,1140,90,,,Charcoal,Charcoal,,,Radiocarbon,,Terrestrial,Closed,Y,"Goede et al., 1978",A rockshelter 1.5 km SW of Beginners Luck Cave. Heavy erosion occurred within the shelter - an expansion of an erosion pit was undertaken to form a 120 x 75 cm test pit to a depth of 75-95 cm. This sample comes from a thin Holocene deposite overlying a thick bone bed.,c14,,1140,,,,AUSTRALIA
10146,Victoria Volcanic Plain,142.86,-37.44,Maroona,Burial,GaK-1059,1190,90,,,Human bone collagen,Bone,,,Radiocarbon,,Terrestrial,Open,Y,"Pardoe, 1993",Part of a wider study reviewing ages of skeletal remains along the Murray-Darling River.,c14,,1190,Information within this entry has been inferred by authors - see Notes,,,AUSTRALIA
10897,NSW North Coast,153,-31.13,Maguire's Crossing,Midden,GaK-2456,1210,90,,,Charcoal,Charcoal,,"4-7""",Radiocarbon,,Terrestrial,Open,Y,"Campbell, 1972; Connah, 1975, 1976",This midden is on the current coastline and composed primarily of Pipi. The midden is exposed in recent coastal dunes and adjacent the high water mark. The site contains layers of shell interlaced with windblown sand.  A hearth and bone point were recovered from the site.,c14,,1210,,,,AUSTRALIA
11096,South East Coastal Plain,146.27,-38.97,Yanakie West 9A,Midden,GaK-682,1260,90,,,Charcoal,Charcoal,"Series B, Sq. 2, spit 2",,Radiocarbon,,Terrestrial,Open,Y,"Coutts, 1970; Kigoshi, 1967","A geomorphological and archaeological study of Wilson's Promontory with a focus on the various sand dune units. Excavations of the sites revealed two assemblages. Assemblage A was dominated by backed blades and rock platform shellfish (note there are no rock platforms at present day sea level) and was wider spread. Overlying assemblage A, was assemblage B consisting of crude flakes and large core industry and was associated with edge-ground axes. Peak shell densities appear to occur between spits 7 - 11 and at 3 (stone densities only between 3-11) in YW11/1 and spits 6 and 11 in YW 9 (with stone densities at spit 3). Sites 'A' were considered to be associated with exploitation freshwater gastropods from land-locked lagoons and formed between 6500 - 3000 BP. Sites 'B' indicate a diversification of exploitation and a changing preference of raw materials. Kigoshi refers to this site as 'Wilson's Promontory 3'.",c14,,1260,,,,AUSTRALIA
13564,NSW North Coast,151.2,-30.53,Bendemeer Site 1,Rockshelter,GaK-708,1340,90,,,Charcoal,Charcoal,"Tr.1, zone j, level IIIA","9-13""",Radiocarbon,,Terrestrial,Closed,Y,"Kigoshi, 1967; McBryde, 1966, 1974","Part of a wider study of prehistory in New England by I. McBryde. Four main levels were identified, I, II, IIIA and IIIB (level IIIC is also referenced, but not discussed). A large artefact assemblage was recovered primiarly occurring in IIIA and IIIB. The assemblage was predomiantly of blade tools, including Bondi points and geometric microlithis, as well as fabricators, eloureas, burins, scrapers and edge-ground tools.",c14,,1340,,,,AUSTRALIA
14025,Sydney Basin,151.07,-32.78,M/1 (Milbrodale),Rockshelter,ANU-122,1410,90,,,Charcoal,Charcoal,"Sq. G, level 2","6-12""",Radiocarbon,,Terrestrial,Closed,Y,Moore 1970,"Excavation of a rockshelter overlooking Bulga Creek. Deposit 18"" deep containing 40 Bondi points. Highest concentration of artefacts found in level 2.",c14,,1410,,,,AUSTRALIA
13939,Sydney Basin,151.11,-34.15,Curracurrang (1CU5/-),Rockshelter,GaK-894,1430,90,,,Charcoal,Charcoal,1CU5/4-7a/b (11) and (15),"36-45""",Radiocarbon,,Terrestrial,Closed,Y,"Kigoshi, 1967; Megaw, 1968","A larger sandstone rockshleter in the Royal National Park, south of Sydney. The shelter retained a tripartite sequence (Elouera-Bondaian-Capertian) and was one of the key sites in the 1960's and 1970's regarding the discussion/timing of these different typological assemblages. The site retained three main sedimentary units: 1) the upper layer was a consisted of a lightly packed midden with marine, fish and some non-human bones; this layer did not extend far beyond the dripline; 2) a layer of dark brown unctuous soil with no bone or shell; this unit extends beyond the dripline, but is deepest (1'3"") and highest artefact densities are in the rockshelter; and 3) clayey decomposed sandstone matrix (1'6"" in depth) derived from weathering bedrock. Date from thin band of shell between cuttings 4 and 7. It immediately overlays Bondaian material, but may be anomolously old.",c14,,1430,,,,AUSTRALIA
10195,Riverina,143.38,-35.17,DP/5,Earth mound,SUA-1119,1470,90,,,Charcoal,Charcoal,"Pit A, sq. 110/111, spit 13",,Radiocarbon,,Terrestrial,Open,,Aboriginal Affairs Victoria cit. Godfrey et al. 1996,A sample referred to as part of a large-scale compilation of radiocarbon dates in Victoria. This sample comes from an earth mound on the Murray River near Swan Hill. It may relate to work by Coutts (1979).,c14,,1470,,,,AUSTRALIA
11244,Sydney Basin,151.12,-34.02,Botany Cone Swamp (BCS) 5,Midden,SUA-2857,1520,90,,,Charcoal,Charcoal,Hearth,,Radiocarbon,,Terrestrial,Open,Y,"Smith, 1990 cit. Bryshaw et al. 1992; Smith, 1990 cit. Hutchinson & Attenbrow, 2009",A date referenced as part of a background review of the Kurnell area. This site was described as a midden with hearth feature located in the Boat Harbour area. The midden was dominated by rock platform species (mainly triton) and estuarine species (mainly Anadara).,c14,,1520,Information within this entry has been inferred by authors - see Notes,,,AUSTRALIA
10916,NSW North Coast,153.17,-29.22,Wombah 1,Midden,GaK-566,1530,90,,,Charcoal,Charcoal,"Sq. g, level IIA, spit 1","17-18""",Radiocarbon,,Terrestrial,Open,Y,"Kigoshi et al, 1966; McBryde, 1966, 1974","Part of a wider study of prehistory in New England by I. McBryde. Site was large midden on north bank of Clarence River between Wombah and Woody Head, now some 8 miles inland. Several parts of the midden were already destroyed through development at time of excavation. Eight test pits were excavated in 1963 and 1964. Four main levels were identified with levels I-IIIA retaining the bulk of the assemblage, levels VIII-VII also retained a significant number, level VI was culturally sterile, level IV was basal clear sand, but did retain some artefacts (perhaps tread-in) (note: levels are numerically recorded - from top to bottom levels were I, II, IIA, V, VI, VII, VIII, III, IV). The midden was dominated by oyster with lesser fish and animal bones. Site retained few artefacts and included pebble artefacts, groud-edge axes, some utilised and retouched flakes and a few bone points. No fish hooks or files were evident. Upper part of main shell layer",c14,,1530,,,,AUSTRALIA
10228,Victoria Midlands,144.22,-36.89,Ravenswood 32,Earth mound,NZA-3909,1570,90,,,Charcoal,Charcoal,Spit 2,28,Radiocarbon,,Terrestrial,Open,Y,Aboriginal Affairs Victoria cit. Godfrey et al. 1996,A sample referred to as part of a wider review of Victorian radiocarbon dates. This sample is from a possible hearth within an earth mound near Bendigo.,c14,,1570,Information within this entry has been inferred by authors - see Notes,,,AUSTRALIA
10192,Riverina,143.38,-35.17,DP/2,Earth mound,SUA-1118,1610,90,,,Charcoal,Charcoal,Spit 11,,Radiocarbon,,Terrestrial,Open,,Aboriginal Affairs Victoria cit. Godfrey et al. 1996,A sample referred to as part of a large-scale compilation of radiocarbon dates in Victoria. This sample comes from an earth mound on the Murray River near Swan Hill. It may relate to work by Coutts (1979).,c14,,1610,,,,AUSTRALIA
13898,Sydney Basin,151,-34.02,Bardens Creek 9,Rockshelter,SUA-1746,1630,90,,,Charcoal,Charcoal,,,Radiocarbon,,Terrestrial,Closed,Y,"Attenbrow & Negerevich, 1981, 1984 cit. Attenbrow, 2004; Val Attenbrow & Bronwyn Conyers Archaeological Services, 1983","One of three rockshelters located along Bardons Creek, off Mills Creek in South Sydney. The shelters retained little shell, but two retained reasonable numbers of artefacts. This date was taken from one of the levels associated with artefacts, and suggests a Bondaian age for the assemblage.",c14,,1630,,,,AUSTRALIA
14052,Sydney Basin,150.21,-35.12,Sassafras 1,Rockshelter,ANU-741,1695,90,,,Charcoal,Charcoal,"Sq. J4, spit 4",,Radiocarbon,,Terrestrial,Closed,Y,"Flood, 1980","One of two rockshelters near Bulee Brook and Sassafras. The rockshelter retained a deposit of small scrapers, blade cores and geometric micoliths. Figure 41 indicates two peaks in artefacts at spits 3 and 8, although high levels occur routinely after spit 10. This date reflects the decline in backed artefacts (primarily composed of silcrete) and the increase in a quartz bipolar industry.",c14,,1695,,,,AUSTRALIA
11110,South East Corner,149.76,-37.56,Captain Stevenson's Point,Midden,SUA-1145,1700,90,,,Charcoal,Charcoal,"Sq. A32/B20, spit 3",40,Radiocarbon,,Terrestrial,Open,Y,"Coutts et al. 1984; Richman, 1999","The site contained a variety of shellfish and fish from the Mallacoota Inlet, shellfish and seal from the rock platforms at Bastion Point, and terrestrial animal remains. Excavations contained several bone tools and stone flakes. A human burial was also located at the bottom of the excavatioms partially destroyed by previous development. Author suggests the site was occupied ephemerally from about 2.4ka with no evidence of sterile deposits.  This date and SUA-1146 showed inversion and suggest some disturbance within the midden. Author indicates these dates should be considered as broad estimation of age only.",c14,,1700,,,,AUSTRALIA
10473,Simpson Strzelecki Dunefields,142.87,-30.78,Bancannia Lake,Hearth,Gak-2491,1820,90,,,Charcoal from oven,Charcoal,,,Radiocarbon,,Terrestrial,Open,Y,GH Dury  1973,shoreline of dry lake,c14,,1820,,,,AUSTRALIA
13924,Sydney Basin,150.87,-34.07,Bull Cave,Rockshelter,SUA-2106,1820,90,,,Charcoal,Charcoal,,50-60,Radiocarbon,,Terrestrial,Closed,Y,Miller 1983 cit. Attenbrow 2002; Miller 1983 cit. McDonald 2008,"A rockshelter containing a black, red and white rock art. One of the motifs appears to represent a bull - Clegg (1981) indicates that the bull was of early Contact age with several elements of the cow being problematic for Aboriginal artists lacking knowledge of non-native animals. Excavations indicate the main phase of occupation, a silcrete dominated assemblage, began from about 1.8 ka. A Late Bondaian assemblage was also recovered, and the Contact art suggests occupation up to Contact period.",c14,,1820,,,,AUSTRALIA
10022,Murray Darling Depression,142.05,-34.17,Horseshoe Bend,Burial,SUA-2102,1860,90,,,Charcoal,Charcoal,,,Radiocarbon,,Terrestrial,Open,Y,Aboriginal Affairs Victoria cit. Godfrey et al. 1996,"A sample referred to as part of a large-scale compilation of radiocarbon dates in Victoria. This sample was taken from charcoal found in association with a burial near Merbein, Victoria.",c14,,1860,Information within this entry has been inferred by authors - see Notes,,,AUSTRALIA
10840,Naracoorte Coastal Plain,140.26,-37.68,Ovens Complex,Midden,ANU-1242,1960,90,,,Charcoal,Charcoal,,,Radiocarbon,,Terrestrial,Open,Y,"Luebbers, 1978 cit. Bird & Frankel, 1991","A study (Bird & Frankel, 1991) using radiometric dates of southwest Victoria as a proxy for occupation/activity. The paper concludes that late Holocene intensification, at least from a social perspective perspective, was not the case. However, the paper does show increasing numbers of dates (n=80) in the late Holocene. Interesting features of the study include an apparent hiatus between 6-7ka and the appearance of earth mounds only in the last 2.5ka. The lab code for this date is referred to at another site in the publication and may be erroneous.",c14,,1960,Information within this entry has been inferred by authors - see Notes,,,AUSTRALIA
11321,Sydney Basin,151.66,-33.09,Swansea Inlet,Midden,SUA-238/C,1965,90,,,Charcoal,Charcoal,Swanch-2,0-4,Radiocarbon,,Terrestrial,Open,Y,"Gillespie & Temple, 1973;Gillespie, 1977; Dyall, 1975, 1982, 2004",Gillespie & Temple refer to this date as SUA-238. The date relates to the truncated surface of the midden following 19th Century removal of upper units for lime. Gillespie 1977 used this date as part of a coupled marine-charcoal calibration at this site. Dyall uses this date in his study of fish hooks indicating their absence at this site due to the loss of late more recent deposits.,c14,,1965,,,,AUSTRALIA
10538,Sydney Basin,151.11,-34.15,Curracurrang (1CU5/-),Hearth within Rockshelter,GaK-896,2110,90,,,Charcoal,Charcoal,1CU5/16(4),"24""",Radiocarbon,,Terrestrial,Closed,Y,"Kigoshi, 1967; Megaw, 1968","A larger sandstone rockshleter in the Royal National Park, south of Sydney. The shelter retained a tripartite sequence (Elouera-Bondaian-Capertian) and was one of the key sites in the 1960's and 1970's regarding the discussion/timing of these different typological assemblages. The site retained three main sedimentary units: 1) the upper layer was a consisted of a lightly packed midden with marine, fish and some non-human bones; this layer did not extend far beyond the dripline; 2) a layer of dark brown unctuous soil with no bone or shell; this unit extends beyond the dripline, but is deepest (1'3"") and highest artefact densities are in the rockshelter; and 3) clayey decomposed sandstone matrix (1'6"" in depth) derived from weathering bedrock. Date from hearth within Bondaian layer. Megaw refers to midden/Bondaian period.",c14,,2110,,,,AUSTRALIA
13995,Sydney Basin,150.35,-32.3,KD/33,Rockshelter,SUA-1672,2169,90,-25,2,Charcoal,Charcoal,Spit 7,c.14,Radiocarbon,,Terrestrial,Closed,Y,"Haglund, 1981","A low ceilinged rockshelter excavated as part of a proposed dam near Kerrabee, south of Merriwa, NSW (now in Goulbourn River National Park). This shelter was situated on the north bank of Horse Creek, near its confluence with Merriwa River. A small test pit (1 x 0.5m) was dug to a total depth of 14 cm in 2-4 cm spits (the test pit was did not reach basal deposits which indicated another 25 cm of deposit). Artefacts were found throughout the sequence but were of greatest numbers at spits 4  and 7 (a possible hiatus was in between). Spit 7 was dated and included several backed blades.",c14,,2169,,,,AUSTRALIA
13933,Sydney Basin,151.22,-33.82,Cammeray,Rockshelter,Wk-3052,2230,90,,,Charcoal,Charcoal,Sq. G9/south section (layer 5),c.39,Radiocarbon,,Terrestrial,Closed,Y,"Attenbrow, 1993a","A rockshelter excavated as part of the wider Port Jackson survey studies in the early 1990's. A huge rockshelter, around 56 x 11 m in size and 5 m high. Excavation of the site revealed seven layers with the main focus being layer 4 (between 6 and 44 cm) with shell and charcoal. Layer 5 also retains discontinuous charcoal layers. Layer 7 is sterile degrading sandstone. Stone artefacts were recovered from every level, a dominance of quartz in layer 4 suggests a <1.6ka age. Shell throughout the sequence was dominated by rock oyster, hairy mussel, sydney cockle and spiny oyster. Rock oyster usually formed 50% by weight in any given level. Refers to three other samples submitted from this site, but not presented.  This sample comes from immediately below the main shell unit.",c14,,2230,,,,AUSTRALIA
13943,Sydney Basin,151.11,-34.15,Curracurrang (1CU5/-),Rockshelter,GaK-688,2360,90,,,Wood charcoal,Wood/Plant Material,"1CU5/4, (6)","39""",Radiocarbon,,Terrestrial,Closed,Y,"Kigoshi, 1967; Megaw, 1968","A larger sandstone rockshleter in the Royal National Park, south of Sydney. The shelter retained a tripartite sequence (Elouera-Bondaian-Capertian) and was one of the key sites in the 1960's and 1970's regarding the discussion/timing of these different typological assemblages. The site retained three main sedimentary units: 1) the upper layer was a consisted of a lightly packed midden with marine, fish and some non-human bones; this layer did not extend far beyond the dripline; 2) a layer of dark brown unctuous soil with no bone or shell; this unit extends beyond the dripline, but is deepest (1'3"") and highest artefact densities are in the rockshelter; and 3) clayey decomposed sandstone matrix (1'6"" in depth) derived from weathering bedrock. Thin Bondian occupation layer, the first and earliest appearance of Bondaian material on site. Also associated with young adult skeleton.",c14,,2360,,,,AUSTRALIA
14894,Arnhem Coast,134.7,-12,Macassar Well,Shell mound,V-59,2370,90,,,Charcoal,Charcoal,,170-175,Radiocarbon,,Terrestrial,Open,Y,"Brockwell et al., 2009",,c14,,2370,Information within this entry has been inferred by authors - see Notes,,,AUSTRALIA
11324,Sydney Basin,151.66,-33.09,Swansea Inlet,Midden,SUA-1720,2720,90,,,Charcoal,Charcoal,"Sq 12, level III",,Radiocarbon,,Terrestrial,Open,Y,"Dyall, 2004, Donlon, 1991",Date indicates the highest density of occupation deposits within the site within a dark midden at the upper part of the site. Sample referred to as SUA-1270 in some references.,c14,,2720,,,,AUSTRALIA
13463,Murray Darling Depression,139.61,-34.69,Devon Downs RS,Rockshelter,GaK-1021,2980,90,,,Charcoal,Charcoal,Layer V,c. 350,Radiocarbon,,Terrestrial,Closed,Y,"Smith, 1982; Tindale, 1968","A 6 m deep stratified rockshelter on the Murray River. Originally excavated in 1929 by Tindale, Smith re-explored the site in 1982. Smith revised the stratigraphic sequence from 12 layers to six. Analysis of artefacts, ochre, mammal remains, all indicate a peak in activity between layers 3-5 (between 2 - 4ka) along with a technology shift, with increasing appearance of shellfish in the upper spits (after 2ka). A change in seasonal movements appear to have occurred after 3 ka. Pirri and bone points present only in layers 5 and 6. Pearce (1974) refers to this date as Gak-2980",c14,,2980,Information within this entry has been inferred by authors - see Notes,,,AUSTRALIA
13890,Sydney Basin,151.25,-33.83,Balmoral Beach 2,Rockshelter,Beta-56286,3080,90,,,Charcoal,Charcoal,M4/10-black,45-50,Radiocarbon,,Terrestrial,Closed,Y,"Attenbrow, 1992a","A rockshelter excavated following disturbance by the public (the site being near Balmoral beach). Two different phases of excavation reached depths of 199 cm (with cultural deposits to 184cm). The site contained four main layers (and several sub-layers). The upper layer was post 1960's. The second layer was dated to between 2.5 and 3 ka and consisted of shell-rich materials (also includes ashy lenses, artefacts, fish (c.50%) and animal bones). The lower layer - >100cm - dated to c. 3 ka - <3.78ka was composed of grey sands and contained charcoal, bones and stone artefacts; only small amounts of shell were found. The fourth layer overlying the bedrock was considered >3.78ka and contained a low density of artefacts and some charcoal. Most artefacts were recovered from layers 2 and 3 and contained backed artefacts dominated by silcrete and chert. An igneous ground edge implement was found in layer 4. Bone was found in all layers and were primarily snapper, tarwhine, bream and groper, wallaby, kangaroo and wombat. Shell was confined to layer 2 and was primarily rocky shore/rock platform species (limpet, black periwinkles, rock oyster). Other species present included large turban, triton, cartrut, sydney cockle and hairy mussel. Parts of a human skeleton were found in layer 1.",c14,,3080,,,,AUSTRALIA
10387,Murray Darling Depression,143.1,-33.5,Lake Garnpung (GL-4),Hearth,ANU 679,3270,90,,,Charcoal from hearth,Charcoal,,,Radiocarbon,,Terrestrial,Open,Y,"Barbetti 1973, Johnston & Clark, 1998",,c14,,3270,,,,AUSTRALIA
11336,Sydney Basin,150.81,-34.53,Wollingurry Point (52-2-0237),Midden,ANU-5913,3360,90,,,Charcoal,Charcoal,"TP 1, spit 5",25,Radiocarbon,,Terrestrial,Open,Y,"Navin, 1987; Navin, 1987 cit. Boot, 2002; Navin, 1987 cit. Brown, 2005","Site located on the western shore of Lake Illawara and undertaken as part of a BA (Hons) research project in 1987. Midden deposit on lower slope near a creek (20 m away). One square metre to a depth of 70 cm was undertaken. Site included Sydney Cockle, flat oyster, mud whelk, Hercules club whelk, some chert, quartz and fossilised wood flakes. Some conclusions that tsunami activity increased over the last 2,000 years. This date was basal for the site. Radiocarbon dates consider this site to have been heavily disturbed with dates >20ka being found above modern samples.",c14,,3360,,,,AUSTRALIA
13475,Murray Darling Depression,139.54,-34.79,Fromm Landing RS No. 6,Rockshelter,NPL-63,3450,90,,,Charcoal,Charcoal,Layer 16,"9""",Radiocarbon,,Terrestrial,Closed,Y,"Mulvaney et al. 1964; Smith, 1982","Shallow rockshelter near Fromms Landing shelter 6 (probably Murrary River Cave in this dataset). Deposits of up to about 9' composed of degraded sandstone with periodic sterile yellow sand deposits possibly of wind-blown origin. Artefactual material present throughout the sequence with high numbers between layers 7-11. A dingo burial, possibly natural, was found between layers 10-11. A child burial was also recovered from layers 2-5. Bone points were present in low numbers throughout, micoliths and other geometric tools were minimal. Artefacts were composed from quartz, chert, quartzite, granite and shcist, all located <20 miles from the site.",c14,,3450,Information within this entry has been inferred by authors - see Notes,,,AUSTRALIA
14123,Tasmanian Central Highlands,146.11,-41.85,Warragarra rockshelter,Rockshelter,Beta-52438,3480,90,,,Charcoal,Charcoal,"Sq. Az, spit 5-6, SU A3",,Radiocarbon,,Terrestrial,Closed,,"Allen & Portch, 1996","A rockshelter near Mt Ossa in the Central Highlands of Tasmania. The rockshelter is in sandstone, situated 6 m above and 20 m west of Mersey River, and is some 26 m long and 5-8 m in height. Originally recorded and investigated by Lourandos and UNE in 1982. These excavations included a 1 x 1.5 m test pit to depths ranging from 20 - 137 cm. Originally identified two periods of occupation - a lower transitory and sporadic occupation followed by a more intense occupation- only the latter containing extensive faunal unburnt and burnt remains. These periods were dated between c.10ka and 3ka. Subsequent work by Sutton identified a hiatus between the two deposits suggesting occupation at c.10ka and at c.3ka with abandonment in between. The Southern Forests Archaeological Project revisited the site in 1992 and undertook a further four 50 x 50 cm test pits. The findings of this investigation were broadly the same. The faunal remains primarily of small macropods (brush wallaby and padmelon) and smaller rodents, etc. Artefacts were recovered derived from local material and included 'scraper' edged flakes and cores.",c14,,3480,,,,AUSTRALIA
13894,Sydney Basin,151.25,-33.83,Balmoral Beach 2,Rockshelter,Beta-57824,3520,90,,,Charcoal,Charcoal,M6/27,110-115,Radiocarbon,,Terrestrial,Closed,Y,"Attenbrow, 1992a","A rockshelter excavated following disturbance by the public (the site being near Balmoral beach). Two different phases of excavation reached depths of 199 cm (with cultural deposits to 184cm). The site contained four main layers (and several sub-layers). The upper layer was post 1960's. The second layer was dated to between 2.5 and 3 ka and consisted of shell-rich materials (also includes ashy lenses, artefacts, fish (c.50%) and animal bones). The lower layer - >100cm - dated to c. 3 ka - <3.78ka was composed of grey sands and contained charcoal, bones and stone artefacts; only small amounts of shell were found. The fourth layer overlying the bedrock was considered >3.78ka and contained a low density of artefacts and some charcoal. Most artefacts were recovered from layers 2 and 3 and contained backed artefacts dominated by silcrete and chert. An igneous ground edge implement was found in layer 4. Bone was found in all layers and were primarily snapper, tarwhine, bream and groper, wallaby, kangaroo and wombat. Shell was confined to layer 2 and was primarily rocky shore/rock platform species (limpet, black periwinkles, rock oyster). Other species present included large turban, triton, cartrut, sydney cockle and hairy mussel. Parts of a human skeleton were found in layer 1.",c14,,3520,,,,AUSTRALIA
14398,Victoria Midlands,142.15,-36.99,Mount Talbot 1,Rockshelter,Beta-18887,3690,90,,,Charcoal,Charcoal,Sq. K9/6. Middle unit,,Radiocarbon,,Terrestrial,Closed,Y,"Bird, 1987 cit. Bird & Frankel, 1991; Bird, 1995","A rockshelter located in the Grampians and excavated by Bird. A 2 x 1 m trench was situated through the rockshelter and talus slope to a depth of approximately 80 cm. The shelter retained three lays, lower, middle and upper. Archaeological material was present throughout but focussed on the middle layer beginning about 4.4ka. Some 1403 artefacts were recovered dominated by quartz. Quartzite, chert, rhyolite and tachylite was also present - all of these raw materials are found locally. European artefacts were found in the upper deposits. A study (Bird & Frankel, 1991) using radiometric dates of southwest Victoria as a proxy for occupation/activity. The paper concludes that late Holocene intensification, at least from a social perspective perspective, was not the case. However, the paper does show increasing numbers of dates (n=80) in the late Holocene. Interesting features of the study include an apparent hiatus between 6-7ka and the appearance of earth mounds only in the last 2.5ka.",c14,,3690,,,,AUSTRALIA
10809,Naracoorte Coastal Plain,140.26,-37.68,Canunda Rocks,Midden,ANU-1233,3800,90,,,Charcoal,Charcoal,,,Radiocarbon,,Terrestrial,Open,Y,"Luebbers, 1978 cit. Bird & Frankel, 1991","A study (Bird & Frankel, 1991) using radiometric dates of southwest Victoria as a proxy for occupation/activity. The paper concludes that late Holocene intensification, at least from a social perspective perspective, was not the case. However, the paper does show increasing numbers of dates (n=80) in the late Holocene. Interesting features of the study include an apparent hiatus between 6-7ka and the appearance of earth mounds only in the last 2.5ka. This site was dominated by Plebidonax sp. This sample pairs with ANU-1234.",c14,,3800,,,,AUSTRALIA
11095,South East Coastal Plain,146.27,-38.97,Yanakie West 11,Midden,GaK-968,3920,90,,,Charcoal,Charcoal,"Series A, Trench B, Sq. 5, spit 3",2.08'-2.30',Radiocarbon,,Terrestrial,Open,Y,"Coutts, 1970","A geomorphological and archaeological study of Wilson's Promontory with a focus on the various sand dune units. Excavations of the sites revealed two assemblages. Assemblage A was dominated by backed blades and rock platform shellfish (note there are no rock platforms at present day sea level) and was wider spread. Overlying assemblage A, was assemblage B consisting of crude flakes and large core industry and was associated with edge-ground axes. Peak shell densities appear to occur between spits 7 - 11 and at 3 (stone densities only between 3-11) in YW11/1 and spits 6 and 11 in YW 9 (with stone densities at spit 3). Sites 'A' were considered to be associated with exploitation freshwater gastropods from land-locked lagoons and formed between 6500 - 3000 BP. Sites 'B' indicate a diversification of exploitation and a changing preference of raw materials.",c14,,3920,,,,AUSTRALIA
12394,Sydney Basin,150.93,-33.69,OWR 7,Open site,Beta-66450,4060,90,,,Charcoal,Charcoal,,,Radiocarbon,,Terrestrial,Open,Y,"McDonald et al., 1994",Sample taken from a wider investigation of the Rouse Hill Infrastructure Project in western Sydney. Date taken from a backed blade knapping floor,c14,,4060,,,,AUSTRALIA
12570,Sydney Basin,149.85,-35.33,Hall's Lane 1,Open site,ANU-4702,4190,90,,,Charcoal,Charcoal,,,Radiocarbon,,Terrestrial,Open,Y,"Packard pers comm cit. Koettig, 1984",A date found in association with peak backed blade production at the site. Referred to in the background discussion of Bondaian technology with little further contextual information.,c14,,4190,Information within this entry has been inferred by authors - see Notes,,,AUSTRALIA
11368,Tasmanian South East,147.34,-43.1,"Dennes Point, Bruny Island",Midden,R1250/3,5270,90,,,Charcoal,Charcoal,,,Radiocarbon,,Terrestrial,Open,Y,"Reber, 1967 cit. Stockton, 1981",This sample is referred to in a review paper of Tasmanian radiocarbon dates by Stockton 1981. Limited contextual information is provided. This date comes from a midden and is identified as basal.,c14,,5270,Information within this entry has been inferred by authors - see Notes,,,AUSTRALIA
10096,Riverina,144.13,-35.63,Barham K2/1,Burial,Not given,5400,90,,,Bone,Bone,,,Radiocarbon,,Terrestrial,Open,Y,"Pardoe, 1993, 1995",Part of a wider study reviewing ages of skeletal remains along the Murray-Darling River.,c14,,5400,Information within this entry has been inferred by authors - see Notes,,,AUSTRALIA
10036,Murray Darling Depression,141.8,-34.1,Keera Murray River,Burial,Gak-1409,5840,90,,,Charcoal from grave,Charcoal,,,Radiocarbon,,Terrestrial,Open,Y,Blackwood and Simpson 1973,,c14,,5840,,,,AUSTRALIA
12096,Riverina,144.3,-35.96,Kow Swamp,Open site,ANU-1022b,5860,90,,,Charred wood,Wood/Plant Material,TC 3/4,,Radiocarbon,,Terrestrial,Open,Y,"Wright, 1975","This sample relates to a series of excavations exploring and dating the Kow Sands, a geomorphological deposit overlying the Cahuna Silt. Artefacts were recovered from the Kow Sands. Artefacts were found in three discrete occupation horizons and dominated by quartz. The assemblages straddle the age between skeletal remains found at the site.",c14,,5860,,,,AUSTRALIA
11094,South East Coastal Plain,146.27,-38.97,Yanakie West 10,Midden,GaK-969,5880,90,,,Charcoal,Charcoal,Spit 5,,Radiocarbon,,Terrestrial,Open,Y,"Coutts, 1970","A geomorphological and archaeological study of Wilson's Promontory with a focus on the various sand dune units. Excavations of the sites revealed two assemblages. Assemblage A was dominated by backed blades and rock platform shellfish (note there are no rock platforms at present day sea level) and was wider spread. Overlying assemblage A, was assemblage B consisting of crude flakes and large core industry and was associated with edge-ground axes. Peak shell densities appear to occur between spits 7 - 11 and at 3 (stone densities only between 3-11) in YW11/1 and spits 6 and 11 in YW 9 (with stone densities at spit 3). Sites 'A' were considered to be associated with exploitation freshwater gastropods from land-locked lagoons and formed between 6500 - 3000 BP. Sites 'B' indicate a diversification of exploitation and a changing preference of raw materials.",c14,,5880,,,,AUSTRALIA
11371,Tasmanian South East,147.36,-42.85,Fishers Hill,Midden,ANU-1090B,5890,90,,,Charcoal,Charcoal,,,Radiocarbon,,Terrestrial,Open,Y,"Stockton et al., 1979 cit. Stockton, 1981",This sample is referred to in a review paper of Tasmanian radiocarbon dates by Stockton 1981. Limited contextual information is provided. This date comes from a midden and is identified as basal. Healy & Stockton (1980) refer to this date as coming from Jordan River.,c14,,5890,Information within this entry has been inferred by authors - see Notes,,,AUSTRALIA
12578,Victoria Volcanic Plain,143.62,-38.28,Lake Colac 1,Open site (possible hearth),Beta-93555,6120,90,,,Charcoal,Charcoal,"Sq.A, SU1",18,Radiocarbon,,Terrestrial,Open,Y,"McNiven, 1998","Open site adjacent Lake Colac, excavations revealed three stratigraphic units immediately adjacent a small erosion cliff adjacent the lake. Only SU1 retained any archaeological material, with a basal date possibly coming from a hearth. 645 artefacts were recovered primairly from 2.0ka - present. Included a large number of thumbnail scrapers and was dominated by quartz raw material.",c14,,6120,,,,AUSTRALIA
13352,King,144.45,-40.34,Cave Bay Cave,Rockshelter,ANU-1773,6600,90,,,Charcoal,Charcoal,"Tr. V, spit 13",83-89,Radiocarbon,,Terrestrial,Closed,Y,"Bowdler 1979 cit. Stockton 1981; Bowdler, 1984","A large rockshelter located on Hunter Island in the Bass Strait. An excavation of a 2 x 2 m trench to a depth of 2 m revealed an extensive Pleistocene deposit with non-Tasmanian faunal remains (i.e. Coming from the Bass Plain prior to sea level rise). The topmost Pleistocene deposits was identified at 65 cm below the surface. Between 145 and 185 cm below the surface was a series of well defined hearhy layers with macropod bones, charcoal and quartz flakes. The lowest of these layers (175-185) was the lowest evidence of human occupation dating to about 22 ka. The upper part of this hearthy unit was dated to c. 20 ka. Above this (120-145 cm below surface) was sporadic evidence of human occupation, as well as extensive rock fall. Between 120 - 65 cm below surface, there is little evidence of human use, with the exception of a well-defined hearth at 85 cm below surface dated to c. 15 ka. The upper 65 cm of deposit consisted of a midden (between 50 - 65 cm) dating to between c. 4 and 8 ka and containing bone artefacts, then 25 cm of culturally sterile sand, then 25 cm of hearth and shell midden lenses. This sample dates the base of the midden. Bowdler (1984) indicates that some mis-labelling of the radiocarbon dates had occurred between ANU-1772 and ANU-1773; a further two dates ANU-1797 and ANU-1852 were undertaken to clarify this issue. Ultimately, it was concluded that ANU-1772 and ANU-1773 were correct, but in reverse order (i.e. spit 11 is c. 6 ka, while spit 13 is c. 14 ka).",c14,,6600,,,,AUSTRALIA
13354,King,144.45,-40.34,Cave Bay Cave,Rockshelter,ANU-1552,7180,90,,,Charcoal,Charcoal,"Tr. V, spit 11C",67-80,Radiocarbon,,Terrestrial,Closed,Y,"Bowdler, 1975, 1984","A large rockshelter located on Hunter Island in the Bass Strait. An excavation of a 2 x 2 m trench to a depth of 2 m revealed an extensive Pleistocene deposit with non-Tasmanian faunal remains (i.e. Coming from the Bass Plain prior to sea level rise). The topmost Pleistocene deposits was identified at 65 cm below the surface. Between 145 and 185 cm below the surface was a series of well defined hearhy layers with macropod bones, charcoal and quartz flakes. The lowest of these layers (175-185) was the lowest evidence of human occupation dating to about 22 ka. The upper part of this hearthy unit was dated to c. 20 ka. Above this (120-145 cm below surface) was sporadic evidence of human occupation, as well as extensive rock fall. Between 120 - 65 cm below surface, there is little evidence of human use, with the exception of a well-defined hearth at 85 cm below surface dated to c. 15 ka. The upper 65 cm of deposit consisted of a midden (between 50 - 65 cm) dating to between c. 4 and 8 ka and containing bone artefacts, then 25 cm of culturally sterile sand, then 25 cm of hearth and shell midden lenses. This sample was found in association with a bone point and quartz flakes. This sample dated the bottom of the Lower Midden unit, and above a potential hiatus in the sequence (the deposits below this being Pleistocene in nature).",c14,,7180,,,,AUSTRALIA
14427,Warren,115.07,-34.15,Devils Lair,Rockshelter,OZD-321,13050,90,,,Charcoal,Charcoal,SU I,86,Radiocarbon,,Terrestrial,Closed,Y,"Turney et al., 2001","A deep limestone cave containing deep earthy deposits, which has been excavated since 1955. Deposits consist of various flowstones capping earthy and silty clay units; the flowstones have been used to indicate the start/end of deposits. Artefact assemblage included quartz, chert and limestone materials and animal bone and were present over most of the last 12,000 years. Site also includes numerous bone points, some of them in association with radiocarbon dates of 19,000 BP. Direct occupation is evident living floors associated with hearth 1 and Pits 1  (c. 220 cm below surface) and 2 (c.210 cm below surface). The lowest evidence of continued occupation was at layer 30, with only sparse artefactual remains between layers 31-38, and sterile deposits between layers 39 - 51. This sample formed part of a larger inter-disciplinary study to clarify the lower deposits of the shelter. The study indicated that the initial occupation was as early as 48ka, with main occupation of the shelter by c. 40ka.",c14,,13050,,,,AUSTRALIA
14149,Tasmanian Southern Ranges,146.44,-42.85,Bone Cave (TAS #1790),Rockshelter,Beta-40346,14510,90,,,Charcoal,Charcoal,"Sq. C, spit 17, SU 4, No. 11",c.80,Radiocarbon,,Terrestrial,Closed,Y,"Allen, 1996","A rockshelter first recorded by Weston (1969); lost and subsequently re-found by a geologist (Clive Calver). Ranson and Kiernan re-investigated the site before further nivestigation in 1988 by Allen et al. The site is located on Weld River, 7 m above the river. The cave is 4 x 3 x 1.5 m in size with a large talus of deposit inside of the cave, as well as a small water channel. Ten stratigraphic units were present (initially considered three units in earlier excavations):  the upper units (SU1 -4), 10-20 cm, composed of light brown cave earths and contained few stone tools and small bird, rodent and lizard bones - questionable whether a unit derived from human occupation or not; SU's 5 and 6 were a sterile sand considered to be a period of about 7ka across the LGM; a middle unit (spit data suggests around 32.5 cm - 52.5 cm) (SU 8), composed of darker brown silty soils and contained grey ashy lenses, large quantites of stone flakes and animal bones (relatively unfragmented) - primarily larger marsupials, and dated to c. 15.5 - 13.5ka; and a lower unit (spit data suggests around 52.5 cm - 74 cm) (SU 9) with blackened matrix (and dense in charcoal) and frequent hearths and contained similar finds to the middle unit, but they are more fragmented, and dated to c. 29 - 23 ka; and SU 10 - a sterile sand. Artefacts were primairly of quartzite from locally-derived material (within the cave), as well as other materials including Florentine, chalcedony, jasper, silcrete, hornfels, non-local quartzite, Mt Read volcanics and a fragment of Darwin glass (from an impact crater >100 km away). Artefacts included steep-sided and sometime multi-platform cores and several scrapers. A bone point from a macropod tibia was also recovered.",c14,,14510,,,,AUSTRALIA
14473,Warren,115.02,-34.02,Tunnel Cave,Rockshelter,Wk-3390,16080,90,,,Charcoal,Charcoal,"Sq. G10, spit 64, layer 7B",173,Radiocarbon,,Terrestrial,Closed,Y,"Dortch, 1996",A 3 m deep sequence composed of occupation layers intermixed with sterile deposits. This date comes from a hearth complex of three smaller hearths. Layer 7 retained 15 hearths and high densities of archaeological mateiral for the site (between 1.4-1.9m below surface).,c14,,16080,,,,AUSTRALIA
14219,Tasmanian West,145.83,-42.44,Pallawa Trounta (TAS #2448) (also ACH 84/1; 'the Acheron site'; and Palewaredia Walana-Lanala),Rockshelter,Beta-44078,16420,90,,,Charcoal,Charcoal,"Sq, A, spit 20, SU base of A6",,Radiocarbon,,Terrestrial,Closed,Y,"Stern & Allen, 1996","A rockshelter located in a small dolomite outcrop bordering Acheron River, northwest Tasmania. The shelter was some 20 m long and 2-3 m high. It was initially recorded and excavated in 1984. Only a remnant of the original deposit remained, squashed up against the back of the shelter. The original excavations including a 30 cm section collected into three 'steps' each 10-12 cm thick. The three steps each contained artefacts, bones and charcoal in various proportions; intial dates for these deposits were between 13.5 - 15ka. Further excavations were undertaken in 1991 composed of three further test pits along the remnant deposit. Excavations ranged from about 50 - 100 cm with test pit A being the most complete. 11 stratigraphic units were identified. Cultural remains occur throughout the deposits, with highest quantities in A5 and A6. Due to changing sedimentation rates, it was concluded that occupation before the LGM (18ka) was intermittent (along with frequent flooding), after 18ka occupation was more sustained, and the shelter was abandoned by c. 13.5ka.",c14,,16420,,,,AUSTRALIA
13788,Pilbara (inland),117.82,-23.31,Yirra CME-A-31 rockshelter,Rockshelter,Wk-9148,16950,90,,,Charcoal from hearth,Charcoal,43.1cm bsl,,Radiocarbon,,Terrestrial,Closed,Y,Veitch et al. 2005,,c14,,16950,,,,AUSTRALIA
10742,Murray Darling Depression,142.19,-34.31,Karadoc Swamp - Midden 1,Midden,Beta-48997,17820,90,,,Freshwater mussel shell,Freshwater Shell,"Layer 1, upper unit",,Radiocarbon,,Terrestrial,Open,Y,"Luebbers, 1995 cit. Godfrey et al., 1996",A sample referred to as part of a large-scale compilation of radiocarbon dates in Victoria. This sample came from a shell lens within a lunette.,c14,,17820,Information within this entry has been inferred by authors - see Notes,,,AUSTRALIA
13473,Murray Darling Depression,139.54,-34.79,Fromm Landing RS No. 6,Rockshelter,NPL-28,1000,91,,,Charcoal,Charcoal,Layer 8,"4'6""",Radiocarbon,,Terrestrial,Closed,Y,Mulvaney et al. 1964,"Shallow rockshelter near Fromms Landing shelter 6 (probably Murrary River Cave in this dataset). Deposits of up to about 9' composed of degraded sandstone with periodic sterile yellow sand deposits possibly of wind-blown origin. Artefactual material present throughout the sequence with high numbers between layers 7-11. A dingo burial, possibly natural, was found between layers 10-11. A child burial was also recovered from layers 2-5. Bone points were present in low numbers throughout, micoliths and other geometric tools were minimal. Artefacts were composed from quartz, chert, quartzite, granite and shcist, all located <20 miles from the site. This date came from a hearth.",c14,,1000,Information within this entry has been inferred by authors - see Notes,,,AUSTRALIA
10122,Southern East Queensland,153.4206,-28.0336,Broadbeach Burial Ground,Burial,V-157,1110,91,,,Charcoal,Charcoal,,49-72,Radiocarbon,,Terrestrial,Open,Y,Bermingham 1971,Bermingham (1971) reports non-CRA as 1110?85,c14,,1110,,,,AUSTRALIA
13474,Murray Darling Depression,139.54,-34.79,Fromm Landing RS No. 6,Rockshelter,NPL-29,1220,94,,,Charcoal,Charcoal,Layer 11,"11'7""",Radiocarbon,,Terrestrial,Closed,Y,Mulvaney et al. 1964,"Shallow rockshelter near Fromms Landing shelter 6 (probably Murrary River Cave in this dataset). Deposits of up to about 9' composed of degraded sandstone with periodic sterile yellow sand deposits possibly of wind-blown origin. Artefactual material present throughout the sequence with high numbers between layers 7-11. A dingo burial, possibly natural, was found between layers 10-11. A child burial was also recovered from layers 2-5. Bone points were present in low numbers throughout, micoliths and other geometric tools were minimal. Artefacts were composed from quartz, chert, quartzite, granite and shcist, all located <20 miles from the site.",c14,,1220,Information within this entry has been inferred by authors - see Notes,,,AUSTRALIA
13787,Pilbara (inland),117.82,-23.31,Yirra CME-A-31 rockshelter,Rockshelter,Wk-12537,13375,94,,,Charcoal from hearth,Charcoal,34.5-36cm bsl,,Radiocarbon,,Terrestrial,Closed,Y,Veitch et al. 2005,,c14,,13375,,,,AUSTRALIA
11025,South East Coastal Plain,142.35,-38.32,Goose Island,Midden,SUA-776,425,95,,,Charcoal,Charcoal,,,Radiocarbon,,Terrestrial,Open,Y,"Coutts, 1978 cit. Bird & Frankel, 1991","A study (Bird & Frankel, 1991) using radiometric dates of southwest Victoria as a proxy for occupation/activity. The paper concludes that late Holocene intensification, at least from a social perspective perspective, was not the case. However, the paper does show increasing numbers of dates (n=80) in the late Holocene. Interesting features of the study include an apparent hiatus between 6-7ka and the appearance of earth mounds only in the last 2.5ka.",c14,,425,,,,AUSTRALIA
10231,Victoria Volcanic Plain,142.65,-37.86,Chatsworth 1,Earth mound,SUA-572,640,95,,,Charcoal,Charcoal,,,Radiocarbon,,Terrestrial,Open,Y,"Lourandos and Williams various cit. Attenbrow, 2004; Coutts et al., 1977 cit. Bird & Frankel, 1991; Lourandos, 1983","A study (Bird & Frankel, 1991) using radiometric dates of southwest Victoria as a proxy for occupation/activity. The paper concludes that late Holocene intensification, at least from a social perspective perspective, was not the case. However, the paper does show increasing numbers of dates (n=80) in the late Holocene. Interesting features of the study include an apparent hiatus between 6-7ka and the appearance of earth mounds only in the last 2.5ka. Earth mounds have several different interpretations, including house foundations and/or a byproduct of repeated visitation and cooking and/or through collapse of sod/turf structures.",c14,,640,,,,AUSTRALIA
10232,Victoria Volcanic Plain,142.65,-37.86,Chatsworth 1,Earth mound,SUA-778,778,95,,,Charcoal,Charcoal,,,Radiocarbon,,Terrestrial,Open,Y,"Coutts, 1978 cit. Bird & Frankel, 1991","A study (Bird & Frankel, 1991) using radiometric dates of southwest Victoria as a proxy for occupation/activity. The paper concludes that late Holocene intensification, at least from a social perspective perspective, was not the case. However, the paper does show increasing numbers of dates (n=80) in the late Holocene. Interesting features of the study include an apparent hiatus between 6-7ka and the appearance of earth mounds only in the last 2.5ka. Earth mounds have several different interpretations, including house foundations and/or a byproduct of repeated visitation and cooking and/or through collapse of sod/turf structures. This date is associated with the major occupation of the site.",c14,,778,,,,AUSTRALIA
11082,South East Coastal Plain,142.05,-38.34,The Craigs 1,Midden,SUA-775,780,95,,,Charcoal,Charcoal,,,Radiocarbon,,Terrestrial,Open,Y,"Coutts, 1978 cit. Bird & Frankel, 1991","A study (Bird & Frankel, 1991) using radiometric dates of southwest Victoria as a proxy for occupation/activity. The paper concludes that late Holocene intensification, at least from a social perspective perspective, was not the case. However, the paper does show increasing numbers of dates (n=80) in the late Holocene. Interesting features of the study include an apparent hiatus between 6-7ka and the appearance of earth mounds only in the last 2.5ka.",c14,,780,,,,AUSTRALIA
10218,South East Coastal Plain,141.91,-37.01,Toolondo,Earth mound,Not given,820,95,,,Charcoal,Charcoal,,,Radiocarbon,,Terrestrial,Open,Y,Coutts et al. 1979,"A mound located south of Horsham and referred to as part of a wider study of mounds in Victoria. The mound consisted of a single layer of charcoal and clay interspersed with burnt clay fragments, but no stone artefacts or other food debris",c14,,820,,,,AUSTRALIA
10219,Victoria Midlands,142.14,-36.94,McKendrick 1,Earth mound,SUA-583,820,95,,,Charcoal,Charcoal,,,Radiocarbon,,Terrestrial,Open,Y,"Lourandos and Williams various cit. Attenbrow, 2004; Coutts et al. 1977 cit. Bird & Frankel, 1991; Lourandos, 1983","A study (Bird & Frankel, 1991) using radiometric dates of southwest Victoria as a proxy for occupation/activity. The paper concludes that late Holocene intensification, at least from a social perspective perspective, was not the case. However, the paper does show increasing numbers of dates (n=80) in the late Holocene. Interesting features of the study include an apparent hiatus between 6-7ka and the appearance of earth mounds only in the last 2.5ka. Earth mounds have several different interpretations, including house foundations and/or a byproduct of repeated visitation and cooking and/or through collapse of sod/turf structures. This sample was taken from clay balls only.",c14,,820,Information within this entry has been inferred by authors - see Notes,,,AUSTRALIA
10133,Tasmanian South East,147.27,-43.05,Coningham,Burial,SUA-626,840,95,,,Charcoal,Charcoal,,,Radiocarbon,,Terrestrial,Open,Y,"Pardoe, 1993; Healey & Stockton, 1980; Wallece et al., 1979 cit. Stockton, 1981","This sample is referred to in a review paper of Tasmanian radiocarbon dates by Stockton 1981. Limited contextual information is provided, but the reference indicates this date comes from a burial within a midden. Part of a wider study reviewing ages of skeletal remains along the Murray-Darling River (Pardoe, 1993). Healey & Stockton (1980) indicate that this date is a ante terminus for exploitation of marine resources in the Derwent Estuary region and is associated with skeletal remains",c14,,840,,,,AUSTRALIA
13983,Sydney Basin,151.02,-33.97,"Henry Lawson Drive, Padstow",Rockshelter,SUA-59,870,95,-24,2,Charcoal,Charcoal,HLD K5/10,,Radiocarbon,,Terrestrial,Closed,Y,"Gillespie & Temple, 1973; Val Attenbrow & Browyn Conyers Search Archaeological Enterprises, 1983; White & Wieneke, n.d.","A rockshelter on the junction of Georges River and Little Salt Pan Creek. 4 sq m were excavated by P. White as part of a Univeristy field school in 1975. This date was taken from the base of a shell midden (level III) within the site and associated with backed artefacts, scalar cores, and use-polished flakes. Below this deposit was tan sand with degrading shelll (level IV), overlying this deposit was a continuation of the midden but was heavily disturbed in places (levels I and II). The shelter was not excavated to bedrock and additional deposits may be present at depth. Hiscock (2003) undertook a detailed analysis of this assemblage and demonstrated a heavily reduced assemblage with a large abundance of backed blades in the last 1,000 years.",c14,,870,,,,AUSTRALIA
12484,Victoria Volcanic Plain,142.71,-37.72,Berrambool,Open site,SUA-575,1090,95,,,Charcoal,Charcoal,Upper layer,,Radiocarbon,,Terrestrial,Open,Y,"Lourandos and Williams various cit. Attenbrow, 2004; Coutts et al., 1977 cit. Bird & Frankel, 1991;Lourandos, 1983","A study (Bird & Frankel, 1991) using radiometric dates of southwest Victoria as a proxy for occupation/activity. The paper concludes that late Holocene intensification, at least from a social perspective perspective, was not the case. However, the paper does show increasing numbers of dates (n=80) in the late Holocene. Interesting features of the study include an apparent hiatus between 6-7ka and the appearance of earth mounds only in the last 2.5ka. This sample comes from a fire pit.",c14,,1090,Information within this entry has been inferred by authors - see Notes,,,AUSTRALIA
11320,Sydney Basin,151.66,-33.09,Swansea Heads,Midden,SUA-514,1235,95,,,Charcoal,Charcoal,,,Radiocarbon,,Terrestrial,Open,Y,"Stockton, 1982",Sample taken from a occupation level within an eroding dune at Swansea Heads. Brown (2005) indicates that date relates to a working floor revealing evidence of exploitation of pebbles from the adjacent beach.,c14,,1235,,,,AUSTRALIA
14053,Sydney Basin,150.21,-35.12,Sassafras 1,Rockshelter,ANU-742,3090,95,,,Charcoal,Charcoal,"Sq. J4, spit 11",,Radiocarbon,,Terrestrial,Closed,Y,"Flood, 1980","One of two rockshelters near Bulee Brook and Sassafras. The rockshelter retained a deposit of small scrapers, blade cores and geometric micoliths.  Figure 41 indicates two peaks in artefacts at spits 3 and 8, although high levels occur routinely after spit 10. This date reflects the highest occurrence of backed blades in the sequence.",c14,,3090,,,,AUSTRALIA
10465,Murray Darling Depression,145.5,-33.2,Willandra Creek (WCW-6),Hearth,SUA 870,8200,95,,,Charcoal from hearth,Charcoal,,,Radiocarbon,,Terrestrial,Open,Y,"Clark 1987, Johnston & Clark 1998",,c14,,8200,,,,AUSTRALIA
12451,Tasmanian South East,147.98,-42.32,Crown Lagoon,Open site,ANU-278,4860,96,,,Charcoal,Charcoal,,,Radiocarbon,,Terrestrial,Open,Y,"Lourandos, 1977","A stratified site situated within the upper part of a lunette on the edge of Crown Lagoon near Lemont, Tasmania. This date reflects the basal age of the site's use. The site consisted of temporary hearths and flaking floors, and animal bone. Lourandos interprets this site as a used for tool re-sharpening and rejuvenation.",c14,,4860,Information within this entry has been inferred by authors - see Notes,,,AUSTRALIA
11432,Victoria Volcanic Plain,142.52,-38.39,Thunder Point 1,Midden,SUA-674,840,98,,,Charcoal,Charcoal,,,Radiocarbon,,Terrestrial,Open,Y,"Coutts, 1978 cit. Bird & Frankel, 1991","A study (Bird & Frankel, 1991) using radiometric dates of southwest Victoria as a proxy for occupation/activity. The paper concludes that late Holocene intensification, at least from a social perspective perspective, was not the case. However, the paper does show increasing numbers of dates (n=80) in the late Holocene. Interesting features of the study include an apparent hiatus between 6-7ka and the appearance of earth mounds only in the last 2.5ka. This date came from the 'most recent' part of the site.",c14,,840,,,,AUSTRALIA
11313,Sydney Basin,150.87,-34.59,Shellharbour,Midden,GaK-337,140,100,,,Charcoal,Charcoal,,,Radiocarbon,,Terrestrial,Open,Y,"Tindale, 1964; Boot, 2002; Kunihiko et al. 1964",Brown (2005) identifies the site as an 18 inch mound of occupation material near the back of a small stream on a tiny plateau near the sea. The area has since been destroyed for a park. Date from lowest part of occupation horizon comprised of pebble chopping tools and food shell debris on the present day shoreline.,c14,,140,,,,AUSTRALIA
11809,Mitchell Grass Downs,140.6602,-21.4961,Ochre Quarry,Open site,NZA-5730,140,100,,,Lichen,Wood/Plant Material,,,Radiocarbon,,Terrestrial,Open,Y,Ridges et al. 2000,Ridges et al. (2000:68) report that the lichen sample was derived from quarried ochre,c14,,140,,,,AUSTRALIA
13581,NSW North Coast,152.84,-29.59,Whiteman Creek Site III,Rockshelter,GaK-371,310,100,,,Charcoal,Charcoal,L-I,"4""",Radiocarbon,,Terrestrial,Closed,Y,"Kigoshi et al, 1965; McBryde, 1965, 1966","Part of a wider study of New England prehistory by McBryde (1974). Charcoal from an occupation deposit, 9"" deep and containg animal bone, shell, but few artefacts. Associated with a high number of waste flakes. Dates most recent period of occupation. McBryde made comparisons with Glen Aire.",c14,,310,,,,AUSTRALIA
12372,Sydney Basin,149.72,-34.78,"G17, Goulbourn",Open site,SUA-2141,330,100,,,Charcoal,Charcoal,,25,Radiocarbon,,Terrestrial,Open,Y,"Koettig, 1985; Paton, 1990","A site situated on a sand body on the eastern side of Mulwaree River near Goulbourn. Initial excavations were undertaken by Koettig who found 656 flakes located within the upper 6 spits (c.75 cm). Artefacts were dominated by quartz. Subsequent salvage excavations by Paton recovered some 15,000 artefacts dominated by quartz (85%) with silcrete, basalt, chert quartzite and volcanic materials also being present. The highest proportions of the assemblage came from 25-50cm below surface. The assemblage contained both bipolar and non-bipolar cores. Paton (1990) who undertook work after Koettig suggests that this date was actually taken from a burnt tree or other natural feature and not necessarily a hearth as previously intepreted.",c14,,330,,,,AUSTRALIA
10216,South East Coastal Plain,141.99,-38.12,Montrose Mound 2,Earth mound,ANU-3759,410,100,,,Charcoal,Charcoal,Unit 2A,,Radiocarbon,,Terrestrial,Open,Y,"Williams, 1985 cit. Bird & Frankel, 1991","A study (Bird & Frankel, 1991) using radiometric dates of southwest Victoria as a proxy for occupation/activity. The paper concludes that late Holocene intensification, at least from a social perspective perspective, was not the case. However, the paper does show increasing numbers of dates (n=80) in the late Holocene. Interesting features of the study include an apparent hiatus between 6-7ka and the appearance of earth mounds only in the last 2.5ka. Earth mounds have several different interpretations, including house foundations and/or a byproduct of repeated visitation and cooking and/or through collapse of sod/turf structures. This site is also referred to as Bessibelle mound 2.",c14,,410,,,,AUSTRALIA
10120,Southern East Queensland,153.4206,-28.0336,Broadbeach Burial Ground,Burial,ANU-67/2,440,100,,,Charcoal,Charcoal,,65-97,Radiocarbon,,Terrestrial,Open,Y,Haglund 1976,Haglund (1976:112) reports averaged date with ANU-67/3,c14,,440,,,,AUSTRALIA
13132,Darwin Coastal,129.57,-14.23,Yarar,Rockshelter,ANU-15,450,100,,,Charcoal,Charcoal,Sq. 2J,6 - 12 inches (approx 18-36 cm),Radiocarbon,,Terrestrial,Closed,Y,"Polach et al, 1967","Charcoal dating to the period of peak occupation for the site, with large numbers of unifacial and bifacial points and lowest occurrence of edge ground axes.",c14,,450,,,,AUSTRALIA
10121,Southern East Queensland,153.4206,-28.0336,Broadbeach Burial Ground,Burial,ANU-67/3,460,100,,,Charcoal,Charcoal,,65-97,Radiocarbon,,Terrestrial,Open,Y,Haglund 1976,Haglund (1976:112) reports averaged date with ANU-67/2,c14,,460,,,,AUSTRALIA
10353,Flinders Lofty Block,139.45,-32.02,Cons Bore Hearth 5,Hearth,Gak-9885,500,100,,,Charcoal,Charcoal,hearth (surface),,Radiocarbon,,Terrestrial,Open,Y,Nobbs 1983,,c14,,500,,,,AUSTRALIA
11385,Tasmanian West,146.37,-43.52,Maatsuyker Island Site 1,Midden,GaK-5987,570,100,,,Charcoal,Charcoal,,,Radiocarbon,,Terrestrial,Open,Y,"Vanderwal & Horton, 1984","Part of a larger study of middens along the southwest coast of Tasmania. Part of a larger study of middens along the southwest coast of Tasmania. An investigation of five sites (closed and open) indicated that occupation began around 3,000 years BP on the sand dune sites. Evidence suggests exploitation of shellfish, rock-resting seals, birds, wallabies and wombats. From about 1,000 years BP, evidence of a winter and summer economy including sand dune site, island sites and rockshelters was evident, this was achieved through the development of specialised sites for the exploitation of seals all year round. This economy was still evident and expanding 500 years BP. This sample came from immediately above a slope wash evident within the main occupation unit of the site.",c14,,570,,,,AUSTRALIA
11303,Sydney Basin,150.27,-35.72,North Head (Batemans Bay) 15/67B,Midden,ANU-3713,600,100,,,Charcoal,Charcoal,Spit 4,,Radiocarbon,,Terrestrial,Open,Y,"ANU Archaeological Consultancies  Autech Pty Ltd [Hughes et al.], 1984","A disturbed shell midden (through storm damage and an informal walking track) in the foredunes at the eastern end of North Head beach. As part of the remediation, M. Sullivan took a column sample of the midden deposits. The deposit was 1 m deep and situated on a sterile sand deposit. The lower part of the midden was dominated by Turban sp. shell, as well as several other large gastropods, which shifted to Nerite's in the upper spits. Edible mussel also appeared after spit 3 (about 500 years BP). Fish bones dominated by Maori Wrasse and Snapper, and bird bones were also recovered. Frequent volcanic and quartz stone was also identified, but none revealed modified flaking. The highest concentrations of materials occurred in spits 3 and 4, and formed a focus of the radiocarbon dating (which undertook a charcoal-marine calibration program. This program indicated that the recommended corrected reservoir age of 450+/- 35 was appropriate for spit 9, but younger dates were comparable with no correction).  Attenbrow (2004) erroneously refers to this site as a rockshelter.",c14,,600,,,,AUSTRALIA
12421,Sydney Basin,150.88,-33.72,Second Ponds Creek 5,Open site,SUA-2239,650,100,,,Charcoal,Charcoal,Basal,,Radiocarbon,,Terrestrial,Open,Y,"Kohen, 1984",This date was reported after the main excavation report for an excavation of an open site at Second Ponds Creek in Quakers Hill. This date was considered basal and indicated a relatively late appearance of Bondi point and blade cores in the assemblage more in correlation with the mountains than the coast. Author note: it must be noted that more recent studies in texture contrast soils indicate that the relationship of charcoal and artefacts in this type of open system makes any correlation suspect.,c14,,650,Information within this entry has been inferred by authors - see Notes,,,AUSTRALIA
10409,Murray Darling Depression,143.1,-33.8,Lake Mungo (MLE-5),Hearth,SUA 1737,700,100,,,Charcoal from hearth,Charcoal,,,Radiocarbon,,Terrestrial,Open,Y,"Clark and Barbetti 1982, Johnston & Clark, 1998",,c14,,700,,,,AUSTRALIA
14778,Sydney Basin,150.84,-35.01,Abraham's Bosom Rockshelter 1,Rockshelter with midden deposits,ANU-6449,750,100,,,Charcoal,Charcoal,"TP AB2/1, spit 9, layer 2",36-50,Radiocarbon,,Terrestrial,Closed,Y,"Paton & MacFarlane, 1989; Boot, 2002","Site located some 1200 m from the township of Currarong along Abrahams Bosom creek. Not far from Curracurrang RS due by Lampert in the 1970's. Excavation undertaken as part of a planning exercise for a proposed walking track. Two 100 x 100 cm test pits were excavated. TP AB/1 was some 115 cm deep and revealed four stratigraphic units, AB/2 was only 50 cm deep and contained two of the units identified in AB/1, specifically 'layers 1 and 2'. The site contained a lower black humic deposit (layer 3) with low shell and bone component, but high stone artefacts, overlain by a midden deposit containing fish hooks, organic materials and fewer stone artefacts. Two bone points were also recovered. The midden deposit was further split into layers 1 and 2 with the upper deposit appearing more recent/less compacted/decomposed; the lower deposit (layer 2) was dominated by compacted and decomposing shell and numerous ash layers. The midden deposit was dominated by edible muissel (Mytlius edulis plantulatus) (up to 50%) with Nerita sp. similar in several levels. Oyster and limpets were also present (10-20%)/ This pattern of exploitation revealed highly localised exploitation, differing significantly from nearby Curracurang RS. All samples came from charcoal collected in the sieves.",c14,,750,,,,AUSTRALIA
10209,South East Coastal Plain,142.52,-37.96,McArthur Creek 5,Earth mound,ANU-3585,760,100,,,Charcoal,Charcoal,Unit 2B,,Radiocarbon,,Terrestrial,Open,Y,"Williams 1985, cit. Bird & Frankel, 1991","A study (Bird & Frankel, 1991) using radiometric dates of southwest Victoria as a proxy for occupation/activity. The paper concludes that late Holocene intensification, at least from a social perspective perspective, was not the case. However, the paper does show increasing numbers of dates (n=80) in the late Holocene. Interesting features of the study include an apparent hiatus between 6-7ka and the appearance of earth mounds only in the last 2.5ka. Earth mounds have several different interpretations, including house foundations and/or a byproduct of repeated visitation and cooking and/or through collapse of sod/turf structures. This sample is associated with 'mound core'.",c14,,760,,,,AUSTRALIA
10189,Riverina,143.38,-35.17,DP/2,Earth mound,SUA-1117,800,100,,,Charcoal,Charcoal,Spit 5,,Radiocarbon,,Terrestrial,Open,,Aboriginal Affairs Victoria cit. Godfrey et al. 1996,A sample referred to as part of a large-scale compilation of radiocarbon dates in Victoria. This sample comes from an earth mound on the Murray River near Swan Hill. It may relate to work by Coutts (1979).,c14,,800,,,,AUSTRALIA
10724,King,144.71,-40.86,Mount Cameron West,Midden,ANU-337,840,100,,,Charcoal,Charcoal,,,Radiocarbon,,Terrestrial,Open,Y,"Jones pers comm. cit Stockton, 1981",This sample is referred to in a review paper of Tasmanian radiocarbon dates by Stockton 1981. Limited contextual information is provided. This sample comes from soil overlying the midden.,c14,,840,Information within this entry has been inferred by authors - see Notes,,,AUSTRALIA
11215,Sydney Basin,150.9,-34.6,Bass Point,Midden,SUA-146,985,100,,,Charcoal,Charcoal,Pit D,30-40,Radiocarbon,,Terrestrial,Open,Y,"Gillespie, 1977; Hughes, 1977","Excavations initially undertaken by S.Bowdler in the 1970's. She identified four units: 1) upper midden layer, containing primarily mussel shells and shell fish hooks and bone points; 2) lower midden containing rock platform gastropods, backed artefacts and bone points. Larger shellfish were also dominant; 3) grey sand with poorly preserved shell; and 4) white sand with stone artefacts, but no shell. A subsequent re-investigation of the site by Hughes and Djodhadze included the re-opening of Bowdler's four test pits (totalling 7 sq. m) and an additional two new test pits. Hughes & Djodhadze undertook additional dating and identified the following: 1) upper midden dated to 100-740 BP; 2) lower midden dated to 740 - 1800 BP; 3) grey sand dated to 1800 - 3950 BP; 4) white sand dated to 3950 - 7700 BP; and 5) lower white sand dated to 7700 - 17500 BP. A marine-charcoal radiocarbon calibration analysis was also undertaken on the site by Gillespie. Hughes (1977) considered peak site usage was in the mid-Holocene representing probably elements of the white and grey sand.",c14,,985,,,,AUSTRALIA
13952,Sydney Basin,151.11,-34.15,Curracurrang (7CU5/-),Rockshelter,ANU-179,1050,100,,,Charcoal,Charcoal,,,Radiocarbon,,Terrestrial,Closed,,"Tracey, 1974 cit. Attenbrow, 2004",,c14,,1050,,,,AUSTRALIA
10891,NSW North Coast,153,-30.87,Inner Barrier 4,Midden,SUA-483,1060,100,,,Wood charcoal,Wood/Plant Material,"Cutting 1-4, layer 2",,Radiocarbon,,Terrestrial,Open,Y,"Connah, 1976",A single-phase pipi midde on the inner sand dune barrier some 1 km from present coastline. This date comes from the shell band.,c14,,1060,Information within this entry has been inferred by authors - see Notes,,,AUSTRALIA
10124,Southern East Queensland,153.4206,-28.0336,Broadbeach Burial Ground,Burial,ANU-68/1,1190,100,,,Charcoal,Charcoal,,49-72,Radiocarbon,,Terrestrial,Open,Y,Haglund 1976,Haglund (1976:112) reports averaged date with ANU-67/2,c14,,1190,,,,AUSTRALIA
14830,Tasmanian West,146.37,-43.52,Lousia River Cave Site 1,Rockshelter with midden deposits,GaK-5989,1250,100,,,Charcoal,Charcoal,,c. 30,Radiocarbon,,Terrestrial,Closed,Y,"Vanderwal & Horton, 1984","Part of a larger study of middens along the southwest coast of Tasmania. Part of a larger study of middens along the southwest coast of Tasmania. An investigation of five sites (closed and open) indicated that occupation began around 3,000 years BP on the sand dune sites. Evidence suggests exploitation of shellfish, rock-resting seals, birds, wallabies and wombats. From about 1,000 years BP, evidence of a winter and summer economy including sand dune site, island sites and rockshelters was evident, this was achieved through the development of specialised sites for the exploitation of seals all year round. This economy was still evident and expanding 500 years BP. This sample comes from a hearth about halfway through the sequence. Dense shell units overly this sample.",c14,,1250,,,,AUSTRALIA
10215,South East Coastal Plain,141.99,-38.12,Montrose Mound 1,Earth mound,ANU-3758,1270,100,,,Charcoal,Charcoal,Unit 2,,Radiocarbon,,Terrestrial,Open,Y,"Lourandos and Williams various cit. Attenbrow, 2004; Williams, 1985 cit. Bird & Frankel, 1991","A study (Bird & Frankel, 1991) using radiometric dates of southwest Victoria as a proxy for occupation/activity. The paper concludes that late Holocene intensification, at least from a social perspective perspective, was not the case. However, the paper does show increasing numbers of dates (n=80) in the late Holocene. Interesting features of the study include an apparent hiatus between 6-7ka and the appearance of earth mounds only in the last 2.5ka. Earth mounds have several different interpretations, including house foundations and/or a byproduct of repeated visitation and cooking and/or through collapse of sod/turf structures. This sample is associated with a 'mound core' and is considered basal. This site is also referred to as Bessibelle mound 1.",c14,,1270,,,,AUSTRALIA
14057,Sydney Basin,150.56,-32.33,SH/1 (Sandy Hollow),Rockshelter,ANU-12,1300,100,,,Charcoal,Charcoal,"Sq. AA, level 4","23-24""",Radiocarbon,,Terrestrial,Closed,Y,Moore 1970,"Excavation of a shallow rockshelter. Excavations undertaken to sterile yellow sand at 3'6"". Artefactual material sourced from nearby Goulbourn River and composed of yellow chert and red jasper. High proportion of backed blades and other backed implements and Eloureas in thet top four levels (of seven levels excavated) of the excavation (n=198). Total assemblage was 4,190. Bone also recovered, mainly Wallaby, Grey Kangaroo and Brush-tailed Possum, shells also present.",c14,,1300,,,,AUSTRALIA
10234,Victoria Volcanic Plain,142.75,-37.81,"Corra 2, C/2",Earth mound,SUA-571,1320,100,,,Charcoal,Charcoal,Layer 2,,Radiocarbon,,Terrestrial,Open,Y,"Lourandos and Williams various cit. Attenbrow, 2004; Coutts et al., 1977 cit. Bird & Frankel, 1991; Lourandos, 1983","A study (Bird & Frankel, 1991) using radiometric dates of southwest Victoria as a proxy for occupation/activity. The paper concludes that late Holocene intensification, at least from a social perspective perspective, was not the case. However, the paper does show increasing numbers of dates (n=80) in the late Holocene. Interesting features of the study include an apparent hiatus between 6-7ka and the appearance of earth mounds only in the last 2.5ka. Earth mounds have several different interpretations, including house foundations and/or a byproduct of repeated visitation and cooking and/or through collapse of sod/turf structures.",c14,,1320,,,,AUSTRALIA
12338,Swan Coastal Plain,116.06,-31.74,Walyunga,Open site,SUA-632,1330,100,,,Charcoal,Charcoal,C18-4-100,20,Radiocarbon,,Terrestrial,Open,Y,"Gillespie & Temple, 1979",Charcoal sample predates a dense occupation layer (possibly eroded). Interpretations at this site include the reduction in Broyozoan chert use due to changing sea level.,c14,,1330,,,,AUSTRALIA
10125,Southern East Queensland,153.4206,-28.0336,Broadbeach Burial Ground,Burial,ANU-68/2,1390,100,,,Charcoal,Charcoal,,49-72,Radiocarbon,,Terrestrial,Open,Y,Haglund 1976,Haglund (1976:112) reports averaged date with ANU-67/1,c14,,1390,,,,AUSTRALIA
10239,Victoria Volcanic Plain,142.69,-37.78,KP/1,Earth mound,SUA-672,1420,100,,,Charcoal,Charcoal,Layer 3A,,Radiocarbon,,Terrestrial,Open,Y,"Lourandos and Williams various cit. Attenbrow, 2004; Coutts, 1978 cit. Bird & Frankel, 1991","A study (Bird & Frankel, 1991) using radiometric dates of southwest Victoria as a proxy for occupation/activity. The paper concludes that late Holocene intensification, at least from a social perspective perspective, was not the case. However, the paper does show increasing numbers of dates (n=80) in the late Holocene. Interesting features of the study include an apparent hiatus between 6-7ka and the appearance of earth mounds only in the last 2.5ka. Earth mounds have several different interpretations, including house foundations and/or a byproduct of repeated visitation and cooking and/or through collapse of sod/turf structures. This sample was undertaken to due to the anomously old value given for SUA-576, and dates one of the earliest occupations of the site.",c14,,1420,,,,AUSTRALIA
10389,Murray Darling Depression,143.1,-33.5,Lake Garnpung (WCG-1),Hearth,ANU 653,1420,100,,,Charcoal from hearth,Charcoal,,,Radiocarbon,,Terrestrial,Open,Y,"Barbetti 1973, Johnston & Clark, 1998",,c14,,1420,,,,AUSTRALIA
10988,South East Coastal Plain,142.36,-38.343,Armstrong Bay,Midden,SUA-986,1620,100,,,Charcoal,Charcoal,,,Radiocarbon,,Terrestrial,Open,Y,"VAS, n.d., cit. Bird & Frankel, 1991","A study (Bird & Frankel, 1991) using radiometric dates of southwest Victoria as a proxy for occupation/activity. The paper concludes that late Holocene intensification, at least from a social perspective perspective, was not the case. However, the paper does show increasing numbers of dates (n=80) in the late Holocene. Interesting features of the study include an apparent hiatus between 6-7ka and the appearance of earth mounds only in the last 2.5ka. This sample is referred to as coming from a 'turbo midden', but does not indicate the date required correction (and therefore likely to be from charcoal material).",c14,,1620,Information within this entry has been inferred by authors - see Notes,,,AUSTRALIA
13133,Darwin Coastal,129.57,-14.23,Yarar,Rockshelter,ANU-16,1620,100,,,Charcoal,Charcoal,Sq. 2J,18-24 inches (approx 54 - 72 cm),Radiocarbon,,Terrestrial,Closed,Y,"Polach et al, 1967; Mulvaney, 1969",Charcoal dating to the early stages of occupation with a point industry similar to the higher level.,c14,,1620,,,,AUSTRALIA
14394,Victoria Midlands,142.67,-37.3,Glen Isla I/Billimina,Rockshelter,SUA-533,1620,100,,,Charcoal,Charcoal,Layer 4B,,Radiocarbon,,Terrestrial,Closed,Y,"Lourandos and Williams various cit. Attenbrow, 2004; Coutts & Witter, 1977 cit. Bird & Frankel, 1991; Lourandos, 1983; Bird et al. 1998","A rockshelter with significant rock art in the Grampians. Initially investigated in 1897, VAS excavated the site in 1975 and found 50 - 100 cm of deposit in the shelter. A study (Bird & Frankel, 1991) using radiometric dates of southwest Victoria as a proxy for occupation/activity. The paper concludes that late Holocene intensification, at least from a social perspective perspective, was not the case. However, the paper does show increasing numbers of dates (n=80) in the late Holocene. Interesting features of the study include an apparent hiatus between 6-7ka and the appearance of earth mounds only in the last 2.5ka.",c14,,1620,,,,AUSTRALIA
11027,South East Coastal Plain,142.35,-38.32,Goose Lagoon Midden,Midden,V-5,1660,100,,,Charcoal,Charcoal,,,Radiocarbon,,Terrestrial,Open,Y,"Science Museum of Victoria cit. Godfrey et al., 1996",From an Aboriginal midden on a 25-ft emerged shoreline. This sample was analysed mutliple times (n=4). All duplicates are identified as V-5. No information on the preferred date is indicated.,c14,,1660,,,,AUSTRALIA
14833,Tasmanian West,145.3,-42.6,PH 90/1 (Port Hibbs),Rockshelter with midden deposits,Beta-47757,1720,100,,,Scattered charcoal,Charcoal,"XU 4, 5, 7",,Radiocarbon,,Terrestrial,Closed,Y,"McNiven, 1996","A small rockshelter located in Hibbs Bay, southwest Tasmania. Identified as part of the Southern Forests Archaeological Project. The shelter was located about 4 m above and 25 m inland from the high water mark, and contained a small (<2 sq. m) deposit of reddish-brown clay deposit with exposed red abalone and limpet shells. A 50 x 50 cm test pit was undertaken and three SU were identified. These primarily consisted of the red-brown clay and broken limestone, all shell, water-worn cobbles and charcoal came from SU 1, with the majority from a pit identified intrusive into SU 1. Finds included freshwater, marine and terrestrial molluscan shell, crustacean shell, bone and charcoal. No stone artefacts were recovered. Most finds came from the top of SU 1 suggesting a later occupation of the site (some time after 1.5 ka). Along with PH90/2, this site suggest the region was occupied during the mid-Holocene and focussed on larger marine species (warrener and red abalone). A systematic practise for the breaking and extracting of warrener shell was noted.",c14,,1720,,,,AUSTRALIA
10235,Victoria Volcanic Plain,142.75,-37.81,"Corra 3, C/3",Earth mound,SUA-537,1840,100,,,Charcoal,Charcoal,Layer 2B,,Radiocarbon,,Terrestrial,Open,Y,"Lourandos and Williams various cit. Attenbrow, 2004; Coutts et al., 1977 cit. Bird & Frankel, 1991; Lourandos, 1983","A study (Bird & Frankel, 1991) using radiometric dates of southwest Victoria as a proxy for occupation/activity. The paper concludes that late Holocene intensification, at least from a social perspective perspective, was not the case. However, the paper does show increasing numbers of dates (n=80) in the late Holocene. Interesting features of the study include an apparent hiatus between 6-7ka and the appearance of earth mounds only in the last 2.5ka. Earth mounds have several different interpretations, including house foundations and/or a byproduct of repeated visitation and cooking and/or through collapse of sod/turf structures.  This date is associated with the earliest phase of intense occupation.",c14,,1840,,,,AUSTRALIA
14383,Victoria Midlands,142.67,-37.3,Drual DR/1 Grampians,Rockshelter,SUA-535,1870,100,,,Charcoal,Charcoal,,,Radiocarbon,,Terrestrial,Closed,Y,"Lourandos and Williams various cit. Attenbrow, 2004; Coutts & Witter, 1977 cit. Bird & Frankel, 1991; Lourandos, 1983","A study (Bird & Frankel, 1991) using radiometric dates of southwest Victoria as a proxy for occupation/activity. The paper concludes that late Holocene intensification, at least from a social perspective perspective, was not the case. However, the paper does show increasing numbers of dates (n=80) in the late Holocene. Interesting features of the study include an apparent hiatus between 6-7ka and the appearance of earth mounds only in the last 2.5ka.",c14,,1870,,,,AUSTRALIA
11243,Sydney Basin,151.12,-34.02,Boat Harbour BH 1,Midden,ANU-895,1950,100,,,Charcoal,Charcoal,Basal unit (?spit 10),,Radiocarbon,,Terrestrial,Closed,Y,"Dickson, 1971","Excavation of a disturbed midden on the Kurnell Peninsula to further explore the presence of fish hooks in this area. Excavation occurred on an exposed vertical face and identified a 1m deep interspersed shell midden deposits and sterile sand beneath 1 m of modern sand. The midden was dominated by Ninella sp and Cymatilesta sp. shell in the upper units and pipi and cockles in the lower unit. Bird, mammal and fish bone were also present. Several fish hooks and fish hook files were recovered from the upper layers and bi-points/bone points from the lower units. Stone artefacts were only found in small numbers and dominated by quartz.",c14,,1950,,,,AUSTRALIA
11286,Sydney Basin,150.92,-34.32,McCauleys Beach Midden (52-2-1336),Midden,Beta-56984,1980,100,,,Charcoal,Charcoal,,,Radiocarbon,,Terrestrial,Open,Y,Fullagar et al. 1999,"The study of a midden to determine whether tsunanmis in this areas were likley. It was concluded that they were not. Midden was buried by recent sand material and included four separate midden layers dominated by Turbo torquata, Turbo undulata and Dicathais orbita. Artefacts were also recovered and included quartz, silcrete, chert and fossiled wood flakes. Artefacts were primarily located in layer 4. Backed blades and blade cores were also recovered from all layers, but not in situ. This date was taken from the upper midden, although no information on where the upper/lower midden divide is presented. This date was taken in the lower midden, it is unclear how it is associated with Beta-59944.",c14,,1980,,,,AUSTRALIA
10390,Murray Darling Depression,143.1,-33.5,Lake Garnpung (WCG-2),Hearth,ANU 655,2010,100,,,Charcoal from hearth,Charcoal,,,Radiocarbon,,Terrestrial,Open,Y,"Barbetti 1973, Johnston & Clark, 1998",,c14,,2010,,,,AUSTRALIA
10151,Sydney Basin,151.66,-33.09,Swansea Inlet,Burial in Midden,SUA-322,2080,100,,,Charcoal,Charcoal,Swanch-3,,Radiocarbon,,Terrestrial,Open,Y,"Dyall, 1975; Gillespie & Temple, 1979; Donlon, 1991",Charcoal associated with cremated skeleton remains within midden. Donlon identifies this sample coming from burial H and being of wood.,c14,,2080,,,,AUSTRALIA
11361,Tasmanian South East,147.41,-43,South Arm near Hobart,Midden,Not given,2080,100,,,Charcoal,Charcoal,,,Radiocarbon,,Terrestrial,Open,Y,"Mulvaney, 1961; Reber, 1965","Brief reference to a date provide by W.Bryden of the Tasmanian Museum and referring to a midden on the South Arm. No lab code was provided, but the paper indicates the Isotope Inc lab was used. Note the date is published as BC and has been corrected by 1960 years here to give BP.",c14,,2080,,,,AUSTRALIA
10480,Simpson Strzelecki Dunefields,136.23,-26.83,Oolgawa WH,Hearth,ANU-2836,2220,100,,,Charcoal from hearth,Charcoal,,,Radiocarbon,,Terrestrial,Open,Y,Smith & Clark 1993,,c14,,2220,,,,AUSTRALIA
11083,South East Coastal Plain,142.05,-38.34,The Craigs 1,Midden,SUA-774,2265,100,,,Charcoal,Charcoal,,,Radiocarbon,,Terrestrial,Open,Y,"Lourandos and Williams various cit. Attenbrow, 2004; Coutts, 1978 cit. Bird & Frankel, 1991","A study (Bird & Frankel, 1991) using radiometric dates of southwest Victoria as a proxy for occupation/activity. The paper concludes that late Holocene intensification, at least from a social perspective perspective, was not the case. However, the paper does show increasing numbers of dates (n=80) in the late Holocene. Interesting features of the study include an apparent hiatus between 6-7ka and the appearance of earth mounds only in the last 2.5ka. This date was the lower of two levels.",c14,,2265,,,,AUSTRALIA
14014,Sydney Basin,150.64,-33.75,Lapstone Creek,Rockshelter,ANU-11,2300,100,,,Charcoal,Charcoal,Tr.3,50.8,Radiocarbon,,Terrestrial,Closed,Y,"Polach et al. 1967; McCarthy, 1978","Site originally dug by McCarthy in 1948. McCarthy collected samples in bottles, which were dated some 20 years after the excavations. Site revealed two assemblages, a lower one dominated by Bondaian industry between 28-48"" overlain by an upper assemblage dominated by elourea's (between 7 - 30""). This sample dates the midpoint for the upper assemblage.",c14,,2300,,,,AUSTRALIA
13899,Sydney Basin,151.05,-34.01,Bindea Street,Rockshelter,Beta-5787,2340,100,,,Charcoal,Charcoal,"Sq. Tb, spit 14",,Radiocarbon,,Terrestrial,Closed,Y,"Attenbrow, 2002; Val Attenbrow & Bronwyn Conyers Search  Archaeological Enterprises, 1983","This site was a rockshelter located south of Bonnet Bay and was investigated prior to a residential subdivision. The excavations of two test pits revealed three species of shell being exploited in the upper deposits (oyster, Sydney cockle and Hercules oyster). 51 artefacts were recovered from throughout the profile, including a glass artefact from a green bottle. The assemblage was dominated by quartz (69%) with silcrete, fine grained siliceous and chert also being present. This date is the basal date of the site. Koettig (1985) refers to the lab code of this date as Beta-588. McDonald (2008) refers to this date as Beta-5887.",c14,,2340,,,,AUSTRALIA
14099,Sydney Basin,150.97,-33.36,MR/1,Rockshelter,SUA-387,2370,100,,,Charcoal,Charcoal,"Sq. A, level 5",,Radiocarbon,,Terrestrial,Closed,Y,Moore 1981,"Elevated rockshelter with deep deposit. Excavated to level 10 at 50"". Varying levels of bone and shell found between level 1-7, Bondi points found to base deposits. Some 4,945 artefacts ultimately found across 8 test pits (3 sq. ft in size). Highest concentrations of artefacts occurred between levels 3-5 (with highest peak at 4) with declines both before and after. Retained raw material from the Hunter Valley, and may indicate trade or exploitation to the north. Also Merewether chert from Newcastle and black chert from south coast recorded.",c14,,2370,,,,AUSTRALIA
10990,South East Coastal Plain,142.36,-38.343,Armstrong Bay,Midden,SUA-673,2450,100,,,Charcoal,Charcoal,,,Radiocarbon,,Terrestrial,Open,Y,"Coutts, 1978 cit. Bird & Frankel, 1991",Dates the latest of two archaeological deposits evident at Armstrong  Bay. Upper deposit included bone points. The midden indicates exploitation of rock platform shellfish with no evidence of sandy beach animals over a period of 2500-3000 years in the late Holocene.,c14,,2450,Information within this entry has been inferred by authors - see Notes,,,AUSTRALIA
14755,South East Corner,148.17,-37.5,East Buchan Shelter A,Rockshelter (hearth),Gak-512,2460,100,,,Charcoal,Charcoal,,,Radiocarbon,,Terrestrial,Closed,Y,"A.I.A.S. Report cit. Godfrey et al., 1996.",A sample referred to as part of a large-scale compilation of radiocarbon dates in Victoria. This sample comes from a hearth in layer 2 in a rockshelter overlooking Buchan River.  This layer retained microliths.,c14,,2460,Information within this entry has been inferred by authors - see Notes,,,AUSTRALIA
11002,South East Coastal Plain,142.36,-38.343,Campbell 10,Midden,SUA-1334,2470,100,,,Charcoal,Charcoal,Spit 14A,,Radiocarbon,,Terrestrial,Open,Y,"Coutts, 1982 cit. Bird & Frankel, 1991","A study (Bird & Frankel, 1991) using radiometric dates of southwest Victoria as a proxy for occupation/activity. The paper concludes that late Holocene intensification, at least from a social perspective perspective, was not the case. However, the paper does show increasing numbers of dates (n=80) in the late Holocene. Interesting features of the study include an apparent hiatus between 6-7ka and the appearance of earth mounds only in the last 2.5ka. This date has been corrected following Temple & Barbetti, 1981.",c14,,2470,,,,AUSTRALIA
11381,Tasmanian West,146.37,-43.52,Lousia River Site 2,Midden,SUA-1063B,2580,100,,,Bone (organic fraction),Bone,,,Radiocarbon,,Terrestrial,Open,Y,"Vanderwal & Horton, 1984",Part of a larger study of middens along the southwest coast of Tasmania. This site was composed of a single dense unit of shell between sterile sand dune deposits.,c14,,2580,,,,AUSTRALIA
10991,South East Coastal Plain,142.36,-38.343,Armstrong Bay,Midden,GaK-611,2800,100,,,Charcoal,Charcoal,,,Radiocarbon,,Terrestrial,Open,Y,"Gill, 1974 cit. Bird & Frankel, 1991",Dates the latest of two archaeological deposits evident at Armstrong  Bay. Upper deposit included bone points. The midden indicates exploitation of rock platform shellfish with no evidence of sandy beach animals over a period of 2500-3000 years in the late Holocene.,c14,,2800,,,,AUSTRALIA
13910,Sydney Basin,150.2,-35.11,Bobs Cave,Rockshelter,ANU-8429,2860,100,,,Charcoal from hearth,Charcoal,"Sq. 3, spit 7",,Radiocarbon,,Terrestrial,Closed,Y,"Boot 1993, 1994","Large sandstone shelter south of Sassfras. Excavations of 4 x 1 m trench to a depth of 1 m dug near the back wall. Boot identifies five periods of high artefact discard: 11,000 - 10,000; 6,000 - 5,000; 4,000 - 3,500; 2,500 - 2000; and 500 BP. This sample dates the appearance of backed blades in the assemblage. Upper levels of site retained majority of occupation including backed blades and bipolar flakes (spits 3-7). Lower levels (spits 15 and 16) retained large artefacts from volcanic pebbles and silcrete primary flakes. Compares well with other sites in the region.",c14,,2860,,,,AUSTRALIA
10921,NSW North Coast,153.17,-29.22,Wombah 1,Midden,GaK-565,2930,100,,,Charcoal,Charcoal,"Sq. f, level IIA, spit 3","25-27""",Radiocarbon,,Terrestrial,Open,Y,"Kigoshi et al, 1966; McBryde, 1966, 1974","Part of a wider study of prehistory in New England by I. McBryde. Site was large midden on north bank of Clarence River between Wombah and Woody Head, now some 8 miles inland. Several parts of the midden were already destroyed through development at time of excavation. Eight test pits were excavated in 1963 and 1964. Four main levels were identified with levels I-IIIA retaining the bulk of the assemblage, levels VIII-VII also retained a significant number, level VI was culturally sterile, level IV was basal clear sand, but did retain some artefacts (perhaps tread-in) (note: levels are numerically recorded - from top to bottom levels were I, II, IIA, V, VI, VII, VIII, III, IV). The midden was dominated by oyster with lesser fish and animal bones. Site retained few artefacts and included pebble artefacts, groud-edge axes, some utilised and retouched flakes and a few bone points. No fish hooks or files were evident. . Lowest part of main shell layer. Assocaited with blade tools including Bondi points",c14,,2930,,,,AUSTRALIA
12579,Riverina,144.32,-35.57,F3,Oven Mound,Beta-7068,2990,100,,,Charcoal,Charcoal,Basal,,Radiocarbon,,Terrestrial,Open,Y,"Berryman & Frankel, 1984","A study of Aboriginal oven mounds near Wakool River between Wakool and Barham. The survey identified 95 mounds and 11 scarred trees in a 1 sq. km study area. The oven mounds had an average diameter of 10-22 m with some up to 48 m, and were generally 40-50 cm in height. Excavations were undertaken at four mounds, which revealed stone, shell and bone, but were dominated by burnt clay and silts.",c14,,2990,,,,AUSTRALIA
11098,South East Coastal Plain,146.27,-38.97,Yanakie West 9A,Midden,GaK-681,3060,100,,,Charcoal,Charcoal,"Series A, Sq. 1, spit 9",,Radiocarbon,,Terrestrial,Open,Y,"Coutts, 1970; Kigoshi, 1967","A geomorphological and archaeological study of Wilson's Promontory with a focus on the various sand dune units. Excavations of the sites revealed two assemblages. Assemblage A was dominated by backed blades and rock platform shellfish (note there are no rock platforms at present day sea level) and was wider spread. Overlying assemblage A, was assemblage B consisting of crude flakes and large core industry and was associated with edge-ground axes. Peak shell densities appear to occur between spits 7 - 11 and at 3 (stone densities only between 3-11) in YW11/1 and spits 6 and 11 in YW 9 (with stone densities at spit 3). Sites 'A' were considered to be associated with exploitation freshwater gastropods from land-locked lagoons and formed between 6500 - 3000 BP. Sites 'B' indicate a diversification of exploitation and a changing preference of raw materials. Kigoshi refers to this site as 'Wilson's Promontory 2'.",c14,,3060,,,,AUSTRALIA
14754,Darwin Coastal,132.54,-12.26,Paribari,Rockshelter (contains midden type deposits),ANU-17,3120,100,,,Charcoal,Charcoal,Layer III,Basal deposit,Radiocarbon,,Terrestrial,Closed,Y,"Jones & Negrevich, 1985; Shrire, 1982","Shrire (1982) relates this date to the basal layer III adjacent the bedrock of the site. She further postulates that the date relates to a disturbed hearth. Presumed the material dated was charcoal. Artefact concentrations indicate minor peaks occurring in level III (non-midden level) and level II (midden level), although artefacts found throughout the sequence. Bone Points and other bone implements dominate levels I and II, as does other unidentifiable bone and fish remains.",c14,,3120,,,,AUSTRALIA
12339,Swan Coastal Plain,116.06,-31.74,Walyunga,Open site,SUA-508,3220,100,,,Charcoal,Charcoal,C18-14,60,Radiocarbon,,Terrestrial,Open,Y,"Gillespie & Temple, 1979",Charcoal sample postdated end of regular use of Broyozoan chert with a distinct change to backed blades. Interpretations at this site include the reduction in Broyozoan chert due to changing sea level.,c14,,3220,,,,AUSTRALIA
10924,NSW North Coast,153.17,-29.22,Wombah 1,Midden,GaK-568,3230,100,,,Charcoal,Charcoal,"Sq. h, level VIII","22-26""",Radiocarbon,,Terrestrial,Open,Y,"Kigoshi et al, 1966; McBryde, 1966, 1974","Part of a wider study of prehistory in New England by I. McBryde. Site was large midden on north bank of Clarence River between Wombah and Woody Head, now some 8 miles inland. Several parts of the midden were already destroyed through development at time of excavation. Eight test pits were excavated in 1963 and 1964. Four main levels were identified with levels I-IIIA retaining the bulk of the assemblage, levels VIII-VII also retained a significant number, level VI was culturally sterile, level IV was basal clear sand, but did retain some artefacts (perhaps tread-in) (note: levels are numerically recorded - from top to bottom levels were I, II, IIA, V, VI, VII, VIII, III, IV). The midden was dominated by oyster with lesser fish and animal bones. Site retained few artefacts and included pebble artefacts, groud-edge axes, some utilised and retouched flakes and a few bone points. No fish hooks or files were evident. / Earliest stratigraphic level showing signs of human occupation. Assocaited artefacts include blade and uniface pebble tools.",c14,,3230,,,,AUSTRALIA
13350,King,144.45,-40.34,Cave Bay Cave,Rockshelter,ANU-1615,3330,100,,,Charcoal,Charcoal,"Tr. V, spit 6H",28-30,Radiocarbon,,Terrestrial,Closed,Y,"Bowdler 1979 cit. Stockton 1981; Bowdler, 1984","A large rockshelter located on Hunter Island in the Bass Strait. An excavation of a 2 x 2 m trench to a depth of 2 m revealed an extensive Pleistocene deposit with non-Tasmanian faunal remains (i.e. Coming from the Bass Plain prior to sea level rise). The topmost Pleistocene deposits was identified at 65 cm below the surface. Between 145 and 185 cm below the surface was a series of well defined hearhy layers with macropod bones, charcoal and quartz flakes. The lowest of these layers (175-185) was the lowest evidence of human occupation dating to about 22 ka. The upper part of this hearthy unit was dated to c. 20 ka. Above this (120-145 cm below surface) was sporadic evidence of human occupation, as well as extensive rock fall. Between 120 - 65 cm below surface, there is little evidence of human use, with the exception of a well-defined hearth at 85 cm below surface dated to c. 15 ka. The upper 65 cm of deposit consisted of a midden (between 50 - 65 cm) dating to between c. 4 and 8 ka and containing bone artefacts, then 25 cm of culturally sterile sand, then 25 cm of hearth and shell midden lenses. This sample dates a small hearth within a sterile layer.",c14,,3330,,,,AUSTRALIA
14378,Victoria Midlands,142.1,-37.07,Black Range 2 Grampians,Rockshelter,SUA-584,3330,100,,,Charcoal,Charcoal,Laye 3C,,Radiocarbon,,Terrestrial,Closed,Y,"Lourandos and Williams various cit. Attenbrow, 2004; Coutts, 1978 cit. Bird & Frankel, 1991; Lourandos, 1983","A study (Bird & Frankel, 1991) using radiometric dates of southwest Victoria as a proxy for occupation/activity. The paper concludes that late Holocene intensification, at least from a social perspective perspective, was not the case. However, the paper does show increasing numbers of dates (n=80) in the late Holocene. Interesting features of the study include an apparent hiatus between 6-7ka and the appearance of earth mounds only in the last 2.5ka. This sample was associated with the 'upper deposit'.",c14,,3330,,,,AUSTRALIA
14082,Sydney Basin,150.31,-33.64,"Wall's Cave, Blackheath",Rockshelter,Not given,3360,100,,,Charcoal,Charcoal,,,Radiocarbon,,Terrestrial,Closed,Y,Stockton & Holland 1974,Charcoal cluster in the rear of the rockshelter in association with Bondaian industry materials on a lower terrace,c14,,3360,Information within this entry has been inferred by authors - see Notes,,,AUSTRALIA
14122,Tasmanian Central Highlands,146.11,-41.85,Warragarra rockshelter,Rockshelter,Beta-4758,3380,100,,,Charcoal,Charcoal,"Pit D, Spit 10,bottom of upper unit",,Radiocarbon,,Terrestrial,Closed,Y,"Lourandos, 1983a; Allen & Portch, 1996","A rockshelter near Mt Ossa in the Central Highlands of Tasmania. The rockshelter is in sandstone, situated 6 m above and 20 m west of Mersey River, and is some 26 m long and 5-8 m in height. Originally recorded and investigated by Lourandos and UNE in 1982. These excavations included a 1 x 1.5 m test pit to depths ranging from 20 - 137 cm. Originally identified two periods of occupation - a lower transitory and sporadic occupation followed by a more intense occupation- only the latter containing extensive faunal unburnt and burnt remains. These periods were dated between c.10ka and 3ka. Subsequent work by Sutton identified a hiatus between the two deposits suggesting occupation at c.10ka and at c.3ka with abandonment in between. The Southern Forests Archaeological Project revisited the site in 1992 and undertook a further four 50 x 50 cm test pits. The findings of this investigation were broadly the same. The faunal remains primarily of small macropods (brush wallaby and padmelon) and smaller rodents, etc. Artefacts were recovered derived from local material and included 'scraper' edged flakes and cores.",c14,,3380,,,,AUSTRALIA
10882,NSW North Coast,152.94,-31.25,Connection Creek I,Midden,SUA-396C,3400,100,,,Charcoal,Charcoal,,100-110,Radiocarbon,,Terrestrial,Open,Y,"Gillespie, 1977, Connah, 1975","Part of a coupled marine-charcoal calibration at this site by Gillespie. Site consists of a midden dominated by oyster and cockle about 4 km inland from the present shoreline in a possible former estuary. Associated with cultura material of flakes, scrapers and one bifacially flaked pebble chopper. Baked blades were absent. A number of finely worked double-ended bone points were present. Midden was scattered throughout the deposit with one stronly developed layer of ash, charcoal, shells and fish bones.",c14,,3400,,,,AUSTRALIA
13464,Murray Darling Depression,139.61,-34.69,Devon Downs RS,Rockshelter,Gak-1022,3460,100,,,Charcoal,Charcoal,Layer VII,c. 430,Radiocarbon,,Terrestrial,Closed,Y,"Smith, 1982; Tindale, 1968","A 6 m deep stratified rockshelter on the Murray River. Originally excavated in 1929 by Tindale, Smith re-explored the site in 1982. Smith revised the stratigraphic sequence from 12 layers to six. Analysis of artefacts, ochre, mammal remains, all indicate a peak in activity between layers 3-5 (between 2 - 4ka) along with a technology shift, with increasing appearance of shellfish in the upper spits (after 2ka). A change in seasonal movements appear to have occurred after 3 ka. Pirri and bone points present only in layers 5 and 6.",c14,,3460,Information within this entry has been inferred by authors - see Notes,,,AUSTRALIA
14015,Sydney Basin,150.64,-33.75,Lapstone Creek,Rockshelter,ANU-10,3650,100,,,Charcoal,Charcoal,Tr.3,91.4,Radiocarbon,,Terrestrial,Closed,Y,"Polach et al. 1967; McCarthy, 1978","Site originally dug by McCarthy in 1948. McCarthy collected samples in bottles, which were dated some 20 years after the excavations. Site revealed two assemblages, a lower one dominated by Bondaian industry between 28-48"" overlain by an upper assemblage dominated by elourea's (between 7 - 30""). This sample dates the midpoint for the lower assemblage.",c14,,3650,,,,AUSTRALIA
10884,NSW North Coast,152.94,-31.25,Connection Creek I,Midden,SUA-395C,3720,100,,,Charcoal,Charcoal,,50-60,Radiocarbon,,Terrestrial,Open,Y,"Gillespie, 1977, Connah, 1975","Part of a coupled marine-charcoal calibration at this site by Gillespie. Site consists of a midden dominated by oyster and cockle about 4 km inland from the present shoreline in a possible former estuary. Associated with cultura material of flakes, scrapers and one bifacially flaked pebble chopper. Baked blades were absent. A number of finely worked double-ended bone points were present. Midden was scattered throughout the deposit with one stronly developed layer of ash, charcoal, shells and fish bones.",c14,,3720,,,,AUSTRALIA
14820,Tasmanian Northern Slopes,145.51,-40.86,Rocky Cape South,Rockshelter with midden deposits,V-83,3795,100,,,Charcoal,Charcoal,RCI,,Radiocarbon,,Terrestrial,Closed,Y,"Colley & Jones, 1987","A further study of Rocky Cape rockshelter, which was begun in the 1970's by Rhys Jones. The study confirmed earlier findings that fish remains were not present after 3500 BP. The paper further outlines at least two types of fishing methods were adopted, including nets and bait boxes.",c14,,3795,Information within this entry has been inferred by authors - see Notes,,,AUSTRALIA
13878,Swan Coastal Plain,115.75,-31.67,Orchestra Shell Cave,Rockshelter,ANU-624,3820,100,,,Scattered charcoal,Charcoal,"Sq. 5/6, level 4","27-30""",Radiocarbon,,Terrestrial,Closed,Y,"Hallam, 1974","Excavations of a limestone cave at Lake Neerabub. Excavations recovered a four feet deposit with Aboriginal activity throughout (dominated by limestone flakes). A shift from exploitation of bone/animal exploitation to plant materials in the last 1,000 years. Some decline in usage of the site following rockfall at about 2,000 BP. The author considers the occuaption shows good correlation with roof markings evident in the cave.",c14,,3820,,,,AUSTRALIA
10422,Murray Darling Depression,143.1,-33.8,Lake Mungo (WOC-3),Hearth,ANU 665,4020,100,,,Charcoal from hearth,Charcoal,,,Radiocarbon,,Terrestrial,Open,Y,"Barbetti 1973, Johnston & Clark, 1998",,c14,,4020,,,,AUSTRALIA
11833,Murchison,120.47,-26.67,Uramurdah claypan,Open site,SUA-1229,4090,100,,,Charcoal,Charcoal,Feature 12 hearth,,Radiocarbon,,Terrestrial,Open,Y,Bindon 1986 unpub MA,,c14,,4090,,,,AUSTRALIA
10887,NSW North Coast,152.94,-31.25,Connection Creek I,Midden,SUA-394,4110,100,,,Charcoal,Charcoal,,40-46,Radiocarbon,,Terrestrial,Open,Y,"Campbell, 1972; Connah, 1975","Part of an earlier study of this midden using an auger. Site consists of a midden dominated by oyster and cockle about 4 km inland from the present shoreline in a possible former estuary. Associated with cultura material of flakes, scrapers and one bifacially flaked pebble chopper. Baked blades were absent. A number of finely worked double-ended bone points were present. Midden was scattered throughout the deposit with one stronly developed layer of ash, charcoal, shells and fish bones. This sample came from a section excavated off the lower edge of the midden and considered part of a living area.",c14,,4110,,,,AUSTRALIA
10497,South East Corner,150.17,-33.84,Anglican College Site,Hearth,Wk-8843,4130,100,,,Charcoal,Charcoal,,,Radiocarbon,,Terrestrial,Open,Y,"Moffit, 2001 cit. Brown, 2005",Salvage excavation prior to development of the college. Twenty two test pits dug with flaked material recovered from most of them. This sample dates a hearth identified during the excavations,c14,,4130,,,,AUSTRALIA
13486,Nandewar,150.93,-29.47,Graman Area B Site 1,Rockshelter,GaK-805,4640,100,,,Charcoal,Charcoal,"Area B, Site 1, Tr. 1, zone b, level II","4-5""",Radiocarbon,,Terrestrial,Closed,Y,"Kigoshi, 1967","One of a complex of sites along Ottley Creek investigated by McBryde (1974). The site retained two main levels dating to between c. 2000 - 4000 BP.  Dates level I, the upper of two deposits at the site. Level I retained a rich assemblage of animal bone, shell and stone implements, including a number of backed blades (geometric microliths and Bondi points) and two perforated stone flakes (possibly pendants). Level II contained far fewer finds of either stone, bone or shell. Assemblage at this site demonstrated some of the earliest appearance of backed blade industry in northern NSW.",c14,,4640,,,,AUSTRALIA
13477,Murray Darling Depression,139.54,-34.79,Fromms Landing,Rockshelter,NZ-364,4800,100,,,Freshwater mussel (Unio sp.),Freshwater Shell,Basal occupation,,Radiocarbon,,Terrestrial,Closed,Y,Grant-Talyor et al. 1963,"Date comes from a 4"" shell band near the lowest levels of the site. Not specifically stated, but thought to be within an occupation deposit. Above this date, microliths and pirri points occur.",c14,,4800,,,,AUSTRALIA
10358,Flinders Lofty Block,138.22,-31.55,Hawker Lagoon,Hearth,SUA-2253,5100,100,,,Charcoal,Charcoal,"HL1, unit 1B, 18-32cm bsl",,Radiocarbon,,Terrestrial,Open,Y,"Lampert & Hughes, 1988",,c14,,5100,,,,AUSTRALIA
13468,Murray Darling Depression,139.61,-34.69,Devon Downs RS,Rockshelter,Gak-1024,5180,100,,,Charcoal,Charcoal,Layer XI,c. 520,Radiocarbon,,Terrestrial,Closed,Y,"Smith, 1982; Tindale, 1968","A 6 m deep stratified rockshelter on the Murray River. Originally excavated in 1929 by Tindale, Smith re-explored the site in 1982. Smith revised the stratigraphic sequence from 12 layers to six. Analysis of artefacts, ochre, mammal remains, all indicate a peak in activity between layers 3-5 (between 2 - 4ka) along with a technology shift, with increasing appearance of shellfish in the upper spits (after 2ka). A change in seasonal movements appear to have occurred after 3 ka. Pirri and bone points present only in layers 5 and 6.",c14,,5180,Information within this entry has been inferred by authors - see Notes,,,AUSTRALIA
13984,Sydney Basin,151.02,-33.97,"Henry Lawson Drive, Padstow",Rockshelter,SUA-60,5240,100,-24,2,Charcoal,Charcoal,HLD BS/7,35,Radiocarbon,,Terrestrial,Closed,Y,"Gillespie & Temple, 1973; Val Attenbrow & Browyn Conyers Search Archaeological Enterprises, 1983; White & Wieneke, n.d.","A rockshelter on the junction of Georges River and Little Salt Pan Creek. 4 sq m were excavated by P. White as part of a Univeristy field school in 1975. This date was taken from the shell midden deposit located outside the shelter on the talus slope (level III-sub)  and was associated with the only artefact, a backed blade, found in this deposit outside the shelter. Below this deposit was tan sand with degrading shelll (level IV-sub), overlying this deposit was a continuation of the midden but was heavily disturbed in places (levels I-sub and II-sub). Although it must be noted that the stratigraphy was more complicated outside of the shelter with additional tan brown sand lenses occurring. The shelter was not excavated to bedrock and additional deposits may be present at depth. Hiscock (2003) undertook a detailed analysis of this assemblage and demonstrated a heavily reduced assemblage with a large abundance of backed blades in the last 1,000 years.",c14,,5240,,,,AUSTRALIA
13487,Nandewar,150.93,-29.47,Graman Area B Site 1,Rockshelter,GaK-806,5450,100,,,Scattered charcoal,Charcoal,"Area B, Site 1, Tr. 1, zone b, level II","18""",Radiocarbon,,Terrestrial,Closed,Y,"McBryde, 1977; Kigoshi, 1967, McBryde, 1974","One of a complex of sites along Ottley Creek investigated by McBryde (1974). The site retained two main levels dating to between c. 2000 - 4000 BP.  Dates level II, the upper of two deposits at the site. Level I retained a rich assemblage of animal bone, shell and stone implements, including a number of backed blades (geometric microliths and Bondi points) and two perforated stone flakes (possibly pendants). Level II contained far fewer finds of either stone, bone or shell. Assemblage at this site demonstrated some of the earliest appearance of backed blade industry in northern NSW.",c14,,5450,,,,AUSTRALIA
11100,South East Coastal Plain,146.27,-38.97,Yanakie West 9A,Midden,GaK-683,6550,100,,,Charcoal,Charcoal,"Series A, Sq. 2, spit 20",,Radiocarbon,,Terrestrial,Open,Y,"Coutts, 1970; Kigoshi, 1967","A geomorphological and archaeological study of Wilson's Promontory with a focus on the various sand dune units. Excavations of the sites revealed two assemblages. Assemblage A was dominated by backed blades and rock platform shellfish (note there are no rock platforms at present day sea level) and was wider spread. Overlying assemblage A, was assemblage B consisting of crude flakes and large core industry and was associated with edge-ground axes. Peak shell densities appear to occur between spits 7 - 11 and at 3 (stone densities only between 3-11) in YW11/1 and spits 6 and 11 in YW 9 (with stone densities at spit 3). Sites 'A' were considered to be associated with exploitation freshwater gastropods from land-locked lagoons and formed between 6500 - 3000 BP. Sites 'B' indicate a diversification of exploitation and a changing preference of raw materials. Kigoshi refers to this site as 'Wilson's Promontory 4'.",c14,,6550,,,,AUSTRALIA
10395,Murray Darling Depression,142.3,-32.3,Lake Menindee,Hearth,NZ 66/LFM 188,6570,100,,,Freshwater mussel shell,Freshwater Shell,,,Radiocarbon,,Terrestrial,Open,Y,Tedford 1967,"Tindale, 1957, refers to this as a hearth in association with Tartangan culture implements.",c14,,6570,,,,AUSTRALIA
13353,King,144.45,-40.34,Cave Bay Cave,Rockshelter,ANU-1797,6640,100,,,Charcoal,Charcoal,"Tr. V, spit 11A",64-72,Radiocarbon,,Terrestrial,Closed,Y,"Bowdler 1979 cit. Stockton 1981; Bowdler, 1984","A large rockshelter located on Hunter Island in the Bass Strait. An excavation of a 2 x 2 m trench to a depth of 2 m revealed an extensive Pleistocene deposit with non-Tasmanian faunal remains (i.e. Coming from the Bass Plain prior to sea level rise). The topmost Pleistocene deposits was identified at 65 cm below the surface. Between 145 and 185 cm below the surface was a series of well defined hearhy layers with macropod bones, charcoal and quartz flakes. The lowest of these layers (175-185) was the lowest evidence of human occupation dating to about 22 ka. The upper part of this hearthy unit was dated to c. 20 ka. Above this (120-145 cm below surface) was sporadic evidence of human occupation, as well as extensive rock fall. Between 120 - 65 cm below surface, there is little evidence of human use, with the exception of a well-defined hearth at 85 cm below surface dated to c. 15 ka. The upper 65 cm of deposit consisted of a midden (between 50 - 65 cm) dating to between c. 4 and 8 ka and containing bone artefacts, then 25 cm of culturally sterile sand, then 25 cm of hearth and shell midden lenses. This sample dates the base of the midden. Bowdler (1984) indicates that some mis-labelling of the radiocarbon dates had occurred between ANU-1772 and ANU-1773; a further two dates ANU-1797 and ANU-1852 were undertaken to clarify this issue. Ultimately, it was concluded that ANU-1772 and ANU-1773 were correct, but in reverse order (i.e. spit 11 is c. 6 ka, while spit 13 is c. 14 ka).",c14,,6640,,,,AUSTRALIA
13344,Kanmantoo,136.71,-36.05,Cape de Couedic,Rockshelter,CS-495,7320,100,,,Charcoal,Charcoal,"Sq. A10, level 1",,Radiocarbon,,Terrestrial,Closed,Y,"Draper, 1987","A limestone rockshelter in the southwest corner of Kangaroo Island. The rockshelter retains three deposits dating between c. 6-8000 years based on the dates. Level one (the highest level) contains midden deposits and several shallow hearths, primarily exploiting limpets and periwinkles. Level one also contains macropod and sea lion bones.  Level two was composed of orange sands from dunal activity - the paper only references a hearth in this level. Level three is similar in composition and content to level one. Lithics recovered indicate an exploitation of milky and coloured quartz from Rocky River. Limestone was also used for artefact production from the walls of the cave. Large quartzite choppers were also frequently recovered.",c14,,7320,,,,AUSTRALIA
13345,Kanmantoo,136.71,-36.05,Cape de Couedic,Rockshelter,CS-496,7450,100,,,Charcoal,Charcoal,"Sq. B11, level 3 (hearth)",,Radiocarbon,,Terrestrial,Closed,Y,"Draper, 1987","A limestone rockshelter in the southwest corner of Kangaroo Island. The rockshelter retains three deposits dating between c. 6-8000 years based on the dates. Level one (the highest level) contains midden deposits and several shallow hearths, primarily exploiting limpets and periwinkles. Level one also contains macropod and sea lion bones.  Level two was composed of orange sands from dunal activity - the paper only references a hearth in this level. Level three is similar in composition and content to level one. Lithics recovered indicate an exploitation of milky and coloured quartz from Rocky River. Limestone was also used for artefact production from the walls of the cave. Large quartzite choppers were also frequently recovered. This sample comes from a hearth in this unit.",c14,,7450,,,,AUSTRALIA
11975,Murray Darling Depression,142.06,-34.76,Raak II,Open site,SUA-766,7650,100,,,Freshwater mussel shell,Freshwater Shell,,,Radiocarbon,,Terrestrial,Open,Y,"Ross, 1981; Ross, 1984 cit. Attenbrow, 2004","Sample taken from an open site in association with a hearth and artefacts. Wider Raak Plain assemblages suggest a pre-geometric microlith occupation. The assemblages were dominated by quartzite and siliceous sandstone derived from norther parts of the 'Mallee 'region in northwest Victoria. Date corrected after Temple & Barbetti, 1981",c14,,7650,,,,AUSTRALIA
10080,Murray Darling Depression,141.73,-34.13,Wallpolla Island - GFS,Burial,Beta-58970,8850,100,,,Freshwater mussel (Velesunio ambiguus sp.),Freshwater Shell,,,Radiocarbon,,Terrestrial,Open,Y,"Luebbers unpub. cit. Godfrey et al., 1996",A sample referred to as part of a wider review of Victorian radiocarbon dates. This sample is from a burial on Wallpolla island associated with 'skeleton 5'. The sample comes from a fish hook associated with the burial.,c14,,8850,Information within this entry has been inferred by authors - see Notes,,,AUSTRALIA
13514,Naracoorte Coastal Plain,140.69,-38.05,Koongine Cave,Rockshelter,Beta-15996,9240,100,,,Charcoal,Charcoal,"Sq. J9/26, unit 6",105,Radiocarbon,,Terrestrial,Closed,Y,"Frankel, 1986; Frankel, 1988 cit. Bird & Frankel, 1991","One of several rockshelters in this location (and includes Malangine and Piccaninnie RS). Excavations revealed a mixture of charcoal-rich occupation deposits interleaved with sterile sands. An initial intense occupation of about 1,000 years was identified at 9ka, and composed of flint tools and bones. Some shell was also evident in the lowest deposit. More recent deposits <700 years also evident, indicating abandonment of the site between c. 8ka - 1ka.",c14,,9240,,,,AUSTRALIA
12276,Southern East Queensland,151.8522,-28.0207,Talgai Skull,Open site,R2618/2,11650,100,,,Carbonate,Other,,,Radiocarbon,,Terrestrial,Open,Y,Hendy et al. 1973,,c14,,11650,,,,AUSTRALIA
10143,Victoria Volcanic Plain,144.83,-37.73,Keilor,Burial,NZ-1327,12000,100,,,Human bone collagen,Bone,,,Radiocarbon,,Terrestrial,Open,Y,"Pardoe, 1993",Part of a wider study reviewing ages of skeletal remains along the Murray-Darling River.,c14,,12000,,,,AUSTRALIA
14425,Warren,115.07,-34.15,Devils Lair,Rockshelter,OZD-320,12500,100,,,Charcoal,Charcoal,SU G,86,Radiocarbon,,Terrestrial,Closed,Y,"Turney et al., 2001","A deep limestone cave containing deep earthy deposits, which has been excavated since 1955. Deposits consist of various flowstones capping earthy and silty clay units; the flowstones have been used to indicate the start/end of deposits. Artefact assemblage included quartz, chert and limestone materials and animal bone and were present over most of the last 12,000 years. Site also includes numerous bone points, some of them in association with radiocarbon dates of 19,000 BP. Direct occupation is evident living floors associated with hearth 1 and Pits 1  (c. 220 cm below surface) and 2 (c.210 cm below surface). The lowest evidence of continued occupation was at layer 30, with only sparse artefactual remains between layers 31-38, and sterile deposits between layers 39 - 51. This sample formed part of a larger inter-disciplinary study to clarify the lower deposits of the shelter. The study indicated that the initial occupation was as early as 48ka, with main occupation of the shelter by c. 40ka.",c14,,12500,,,,AUSTRALIA
12495,Victoria Volcanic Plain,144.83,-37.73,Keilor,Open site,NZ-1321,6759,102,,,Carbonate,Other,,,Radiocarbon,,Terrestrial,Open,Y,"Gill, unpub. cit. Godfrey et al., 1996","A sample referenced as part of a compilation of Victorian radiocarbon dates. This sample comes from a crust on cranium. It is a revised NZ date. May also relate to NZ-1320,  NZ-2516 and/or NZ-1328.",c14,,6759,,,,AUSTRALIA
10566,Arnhem Coast,134.7,-12,Guna-jengga,Midden,ANU-2020,290,105,,,Charcoal,Charcoal,,,Radiocarbon,,Terrestrial,Open,Y,"Brockwell et al., 2009",Lab code also relates to another date from this site. It is unclear which one has been assigned the correct code.,c14,,290,Information within this entry has been inferred by authors - see Notes,,,AUSTRALIA
14212,Tasmanian West,145.69,-42.12,Overhang Cave (TAS 4676),Rockshelter,Wk-2089,330,105,,,Charcoal,Charcoal,,15-25,Radiocarbon,,Terrestrial,Closed,Y,"Pocock, 1993","A site investigated prior to the flooding of the King Valley by the Hydro-Electric Commission of Tasmania. 13 shelters were found as part of the study with only Overhang Cave was elevated with good aspect, etc. Excavations of two 50 x 50 cm test pits in the floor deposits reached 15 and 25 cm depth, respectively. The deposit was rubbly and contained 12 artefacts (quartz and quartzite, one piece of chert and one piece of Darwin glass) and small amounts of bone (macropod and wombat). The author suggests that these dates may be too young due to intrusion, although several other authors conisder they actually represent the basal age of the site.",c14,,330,Information within this entry has been inferred by authors - see Notes,,,AUSTRALIA
14213,Tasmanian West,145.69,-42.12,Overhang Cave (TAS 4676),Rockshelter,Wk-2088,340,105,,,Charcoal,Charcoal,,15-25,Radiocarbon,,Terrestrial,Closed,Y,"Pocock, 1993; Freslov, 1993","A site investigated prior to the flooding of the King Valley by the Hydro-Electric Commission of Tasmania. 13 shelters were found as part of the study with only Overhang Cave was elevated with good aspect, etc. Excavations of two 50 x 50 cm test pits in the floor deposits reached 15 and 25 cm depth, respectively. The deposit was rubbly and contained 12 artefacts (quartz and quartzite, one piece of chert and one piece of Darwin glass) and small amounts of bone (macropod and wombat). The author suggests that these dates may be too young due to intrusion, although several other authors conisder they actually represent the basal age of the site.",c14,,340,Information within this entry has been inferred by authors - see Notes,,,AUSTRALIA
11056,South East Coastal Plain,144.52,-38.27,Ocean Grove,Midden,N-832,470,105,,,Charcoal,Charcoal,,,Radiocarbon,,Terrestrial,Open,Y,"Gill 1973 cit. Godfrey et al., 1996",A sample referred to as part of a wider review of Victorian radiocarbon dates. This sample is a shell midden located in a Holocene dune.,c14,,470,Information within this entry has been inferred by authors - see Notes,,,AUSTRALIA
10895,NSW North Coast,153,-31.13,Maguire's Crossing,Midden,SUA-486,915,105,,,Scattered wood charcoal,Charcoal,"Cutting I, layer 6",,Radiocarbon,,Terrestrial,Open,Y,"Connah, 1976",This midden is on the current coastline and composed primarily of Pipi. The midden is exposed in recent coastal dunes and adjacent the high water mark. This date comes from the lowest of the three shell layers and was found in association with a bone point. This date is comparable with GaK-2456,c14,,915,,,,AUSTRALIA
10896,NSW North Coast,153,-31.13,Maguire's Crossing,Midden,SUA-485,925,105,,,Charcoal,Charcoal,"Cutting I, layer 4a",,Radiocarbon,,Terrestrial,Open,Y,"Connah, 1976","This midden is on the current coastline and composed primarily of Pipi. The midden is exposed in recent coastal dunes and adjacent the high water mark. This date comes from the lower of two layers of shell, and was taken from a hearth. This date probably came from one of the upper two shell bands (of three) present within the site.",c14,,925,,,,AUSTRALIA
11356,Tasmanian South East,147.26,-42.77,Old Beach Midden,Midden,SUA-308,1960,105,,,Charcoal,Charcoal,,,Radiocarbon,,Terrestrial,Open,Y,"Sigleo et al., 1975 cit. Stockton, 1981.",A sample referenced as part of a compilation of radiocarbon dates in Tasmania. This sample is referred to as a hearth.,c14,,1960,Information within this entry has been inferred by authors - see Notes,,,AUSTRALIA
12582,Riverina,144.32,-35.57,Q7,Oven Mound,Beta-7065,2250,105,,,Charcoal,Charcoal,Basal,,Radiocarbon,,Terrestrial,Open,Y,"Berryman & Frankel, 1984","A study of Aboriginal oven mounds near Wakool River between Wakool and Barham. The survey identified 95 mounds and 11 scarred trees in a 1 sq. km study area. The oven mounds had an average diameter of 10-22 m with some up to 48 m, and were generally 40-50 cm in height. Excavations were undertaken at four mounds, which revealed stone, shell and bone, but were dominated by burnt clay and silts.",c14,,2250,,,,AUSTRALIA
14098,Sydney Basin,151.05,-32.89,BL/1 (Big L),Rockshelter,SUA-756,2495,105,,,Charcoal,Charcoal,Level 8,,Radiocarbon,,Terrestrial,Closed,Y,Moore 1981,"Artefacts recovered between level 2 -11 (at 38""  below surface). Bondi, eloureas, geometrics and fabricators evident from level 2 with extensive materials in level 7 (including adze and scraper tools of dark siliceous material). A hearth was identified (but not dated) in level 5.",c14,,2495,Information within this entry has been inferred by authors - see Notes,,,AUSTRALIA
13039,Central Ranges,126.36,-26.9,Puntutjarpa rockshelter,Rockshelter,I-5321,3840,105,,,Charcoal,Charcoal,"Hearth, Tr. 3Square 49 F.42",,Radiocarbon,,Terrestrial,Closed,Y,Gould 1977,,c14,,3840,,,,AUSTRALIA
14807,Sydney Basin,151.36,-33.5,Daley's Point (Milligans),Rockshelter with midden deposits,SUA-681,5430,105,,,Charcoal,Charcoal,,,Radiocarbon,,Terrestrial,Closed,Y,Clegg 1979 cit. McDonald 2008; Clegg 1979 cit. Brown 2005,"A rockshelter north of Broken Bay excavated by Jonh Clegg prior to constructing metal grids to stop vandalism of the art. The art consists of charcoal drawings and pecked outline engravings (including possible fish, echidna and macropods). Clegg indicated the site was occupied from 0.2 -0.6 ka; 0.7 - 0.9ka; or 1.1 - 0.5 ka. This was based on the dating of the main occupation layer, a midden deposit, at 800 +/- 100 BP.  The descriptions of this site includes a 50 cm deep deposit, the upper half of which is shell midden. Eight fish hooks were recovered from this upper deposit. Engraved figures and grinding grooves were found on sandstone slabs above the shelter. 69kg of shell was recovered and was dominated by Anadara trapezia (82.6%). Also referred to as Fish Hook Shelter.",c14,,5430,Information within this entry has been inferred by authors - see Notes,,,AUSTRALIA
10142,Victoria Volcanic Plain,144.83,-37.73,Keilor,Burial,R-1742,7360,105,,,Carbonate,Other,,,Radiocarbon,,Terrestrial,Open,Y,"Pardoe, 1993",Part of a wider study reviewing ages of skeletal remains along the Murray-Darling River. This is likely to be a date referenced in Joyce & Anderson (1976) as coming from calcite encrustations on the Keilor skull cranium.,c14,,7360,,,,AUSTRALIA
11105,South East Corner,150.1,-36.34,Bobundara 1,Midden,ANU-3678,320,110,,,Charcoal,Charcoal,Spit 4,66-85,Radiocarbon,,Terrestrial,Open,Y,"Hope et al., 2006",Proliferation of artefactual and shell material within an open midden on the beach at this level. Increasing material occurs above before declining at the top of the depoist. A burial was also found in this deposit.,c14,,320,,,,AUSTRALIA
11104,South East Corner,149.96,-37.25,Bay Cliff,Midden,ANU-6930,330,110,,,Charcoal,Charcoal,Tr. 1,c.50,Radiocarbon,,Terrestrial,Open,Y,"Colley 1990; Colley, 1990 cit. Boot, 2002; Colley, 1990 cit. Brown, 2005; Colley, 1997",0.5 x 1 m test pit through midden in the centre of Disaster Bay. Major component of midden is mussel with very little bone. Date comes from charcoal lense near base of  the lowest archaeological deposit.,c14,,330,,,,AUSTRALIA
10309,Channel Country,144.41,-28.76,Kaponyee Spring IIa,Hearth,Beta 33931,400,110,,,Charcoal from hearth,Charcoal,Excavation Unit 3,Aug-14,Radiocarbon,,Terrestrial,Open,Y,"Robin 1993, 1996",Small sample given 4 x normal counting time,c14,,400,,,,AUSTRALIA
10301,Broken Hill Complex,142.32,-31.27,"Giles Creek, Mutawintji",Hearth,Wk-3141,420,110,,,Charcoal,Charcoal,Cooking Pit,,Radiocarbon,,Terrestrial,Open,Y,"Fanning, 1999",,c14,,420,,,,AUSTRALIA
10105,Riverina,145.12,-36,Madowla Park Burial,Burial,Beta-16514,430,110,,,Bark,Wood/Plant Material,,,Radiocarbon,,Terrestrial,Open,Y,Aboriginal Affairs Victoria cit. Godfrey et al. 1996,A sample referred to as part of a wider review of Victorian radiocarbon dates. This sample came from a burial within a lunette near echuca.,c14,,430,Information within this entry has been inferred by authors - see Notes,,,AUSTRALIA
14771,South East Corner,149.94,-37.28,Greenglade,Rockshelter with midden deposits,ANU-6934,460,110,,,Charcoal,Charcoal,Tr. 2A,c.260,Radiocarbon,,Terrestrial,Closed,Y,"Colley, 1990; Colley, 1990 cit. Boot, 2002; Colley, 1997","A rockshelter with midden deposits to almost 3 m depth. The stratigraphy reveals a thick midden deposit (1.5 m) over sand beneath which were several thin midden layers intermixed with sand. The midden deposits were dominated by Turbo, Cart Rut, Beaked Mussel and Edible mussel shells with a consistent presence of chitons and limpets. Bone includes mammals, fish and birds. A fish hook and two bone points were identified. Artefactual material was almost exclusively quartz and was predominantly undifferentiated flakes. Dates from the rockshelter indicate its use from around 700 BP to present. This sample is referred to in some references as SUA-3047",c14,,460,,,,AUSTRALIA
11762,Flinders Lofty Block,138.34,-31.89,Hawker Lagoon,Open site,CS2332,550,110,,,Charcoal,Charcoal,Surface feature,,Radiocarbon,,Terrestrial,Open,Y,Walshe 2005,"Surface hearths fould in association wth Lampert and Hughes (1988) unit IIB. Investigations suggest surface archaeological material was the only occurrence evident here, since deflation was so great historically. Suggests that SUA-2131 is erroneous, since it occurred 1.3 m below the surface and archaeology was not found below about 20 cm in this study.",c14,,550,,,,AUSTRALIA
10664,Darwin Coastal,130.8,-12.5,HI80,Midden,OZC-957,590,110,,,Charcoal,Charcoal,3cm (from surface),3,Radiocarbon,,Terrestrial,Open,Y,"Bourke, 2004; Bourke, 2005b; Brockwell et al., 2009",Presumed C13 values. Bourke suggests that this site represents an intense human period of Anadara exploitation and formed after HI81 and HI83.,c14,,590,Information within this entry has been inferred by authors - see Notes,,,AUSTRALIA
11415,Victoria Volcanic Plain,143.26,-38.76,Moonlight Head,Midden,GaK-9008,590,110,,,Charcoal,Charcoal,,,Radiocarbon,,Terrestrial,Open,Y,"Zobel et al. 1984 cit. Bird & Frankel, 1991","A study (Bird & Frankel, 1991) using radiometric dates of southwest Victoria as a proxy for occupation/activity. The paper concludes that late Holocene intensification, at least from a social perspective perspective, was not the case. However, the paper does show increasing numbers of dates (n=80) in the late Holocene. Interesting features of the study include an apparent hiatus between 6-7ka and the appearance of earth mounds only in the last 2.5ka.",c14,,590,,,,AUSTRALIA
12132,South Eastern Highlands,149.54,-35.12,Nardoo,Open site,ANU-1060,760,110,,,Charcoal,Charcoal,,,Radiocarbon,,Terrestrial,Open,Y,"Flood, 1980","This sample dates the Nardoo sand within which a backed blade industry was recovered. No bipolar or quartz industry was recovered, indicating adandonment of the site following this period - a fact further confirmed by the sterile Taylors sand above the Nardoo sand.",c14,,760,,,,AUSTRALIA
13996,Sydney Basin,150.32,-32.38,KD/40,Rockshelter,SUA-1670,810,110,-25,2,Scattered charcoal,Charcoal,"Level 5, spits 18-21",36-42,Radiocarbon,,Terrestrial,Closed,Y,"Haglund, 1981","A rockshelter excavated as part of a proposed dam near Kerrabee, south of Merriwa, NSW (now in Goulbourn River National Park). This rockshelter was located on the west bank of Merriwa River near its confluence with Goulbourn River. A small test pit (1 x 0.5m) was dug to a total depth of 40 cm in 2-4 cm spits. The site was divided into five stratigrapghic units. The lower units retained such little charcoal that this date comes from four spits. The site retained animal bone throughout (including rabbit, potaroo, wallaby and small birds) and burnt seeds. Artefacts were found throughout the sequence and suggest spordic use of the shelter with levels III, IV and V all revealing large numbers of artefacts interspersed by hiatuses or lower numbers. Levels I and II indicate a post-European use of the shelter including glass fragments. Bondi points were found throughout including these upper levels, but evidence of mixing was evident with the rabbit bone coming from spit 20.",c14,,810,,,,AUSTRALIA
11416,Victoria Volcanic Plain,143.26,-38.76,Moonlight Head,Midden,GaK-9010,850,110,,,Charcoal,Charcoal,,,Radiocarbon,,Terrestrial,Open,Y,"Zobel et al. 1984 cit. Bird & Frankel, 1991","A study (Bird & Frankel, 1991) using radiometric dates of southwest Victoria as a proxy for occupation/activity. The paper concludes that late Holocene intensification, at least from a social perspective perspective, was not the case. However, the paper does show increasing numbers of dates (n=80) in the late Holocene. Interesting features of the study include an apparent hiatus between 6-7ka and the appearance of earth mounds only in the last 2.5ka.",c14,,850,,,,AUSTRALIA
10726,King,144.71,-40.86,Mount Cameron West,Midden,ANU-341,1070,110,,,Charcoal,Charcoal,,,Radiocarbon,,Terrestrial,Open,Y,"Jones pers comm. cit Stockton, 1981",This sample is referred to in a review paper of Tasmanian radiocarbon dates by Stockton 1981. Limited contextual information is provided. This sample comes from midden overlying some carvings.,c14,,1070,Information within this entry has been inferred by authors - see Notes,,,AUSTRALIA
10477,Simpson Strzelecki Dunefields,140.24,-27.2,Marroocoolannie 2,Hearth,ANU-5429,1130,110,,,Termite nest used in hearth,Other,,,Radiocarbon,,Terrestrial,Open,Y,Williams 1988,,c14,,1130,,,,AUSTRALIA
10478,Simpson Strzelecki Dunefields,140.24,-27.2,Marroocoolcannie 2,Hearth,ANU-429,1130,110,,,Charcoal,Charcoal,Hearth,,Radiocarbon,,Terrestrial,Open,Y,Williams 1998,,c14,,1130,Information within this entry has been inferred by authors - see Notes,,,AUSTRALIA
10123,Southern East Queensland,153.4206,-28.0336,Broadbeach Burial Ground,Burial,V-162,1180,110,,,Charcoal,Charcoal,,49-72,Radiocarbon,,Terrestrial,Open,Y,Bermingham 1971,Bermingham (1971) reports non-CRA as 1180?105,c14,,1180,,,,AUSTRALIA
10351,Flinders Lofty Block,139.45,-32.02,Cons Bore Hearth 2,Hearth,Gak-9884,1250,110,,,Charcoal,Charcoal,buried hearth 50 cm bs,,Radiocarbon,,Terrestrial,Open,Y,Nobbs 1983,,c14,,1250,,,,AUSTRALIA
10442,Murray Darling Depression,143.11,-34.74,Murray River,Hearth,ANU-690,1400,110,-24,,Charcoal,Charcoal,,,Radiocarbon,,Terrestrial,Open,Y,"Barbetti & Polach, 1973",Charcoal from under lumps of baked clay 5 m below top Victoria bank of Murray River.,c14,,1400,,,,AUSTRALIA
11238,Sydney Basin,151.2,-34.04,BHW (#52-3-724),Midden,SUA-3012,1400,110,,,Charcoal,Charcoal,"Sq. C2, spit 6",45-50,Radiocarbon,,Terrestrial,Open,Y,Brayshaw et al. 1992,"A large midden investigated and salvaged for a proposed destination resort near Boat Harbour, Kurnell Peninsula. A shell midden dominated by rock oyster, cockle (estuarine) and  limpet and nerita (rock platform). Rock platforms are nearby, but estuarine areas are over 2.2 km away. Shell occurred between spits 1- 7 with highest concentrations at spits 1 and 2 by MNI or in 2 - 9 with highest concentrations in spit 4 (with similar values across spits 3 - 6) by weight. Mammal and bird bones was also recovered - six pieces of Abalone were identified as worked into possible necklaces/ovoid shapes. About 1800 artefacts were recovered across spits 1 - 7. Artefactual assemblage was dominated by fine grained siliceous and silcrete with a reasonable proportion of petrified wood. The raw materials were considered mainly to have been brought to the site as water-rolled pebbles, possibly from the Shoalhaven River.  Backed blades were present in low numbers. A silcrete workfloor was identified in Sq. B2, spit 5. 55 cores were also recovered and indicated some use of heat in artefact manufacture.",c14,,1400,,,,AUSTRALIA
12637,Victoria Bonaparte,129.15,-15.18,Granilpi K10 crust,Rock engraving/art  coatings,CAMS-42877,1430,110,,,Oxalate Carbon Crust,Other,Surface,N/A,Radiocarbon,,Terrestrial,Closed,Y,Watchman et al. 2000a,Samples from oxcalate coating overlying cupules.,c14,,1430,,,,AUSTRALIA
14088,Sydney Basin,150.9,-32.98,Yengo 1,Rockshelter,ANU-6216,1530,110,,,Charcoal,Charcoal,Sq. 4A/6/1 (layer III),30.5,Radiocarbon,,Terrestrial,Closed,Y,"McDonald, 1994, 2008","Brown states: ...a medium sized rockshelter (14 m x 6 m x 1.9 m high at dripline) and faces east and contains art (stencils, paintings and engravings), occupation deposits and grinding grooves. Large area exavated in floor deposits. Some 10,050 artefacts were recovered dominated by quartz (c.50%) and lesser indurated mudstone. 70% of the assemblage was unmodified flakes. Occupation history as follows: 1) 6,000 -4,600 yrs BP initial occupation (layers VI-VII) - ephemeral occupation dominated by indurated mudstone and FGS. No diagnostic tool types, considered Capertian; 2) second phase of occupation 4,600 - 2,850 years BP (layer V) - dominated by mudstone, but increasing appearance of quartz. Backed blades evident in upper part of this unit. Possible hiatus between this unit and the one above ; 3) most intense occupation -<1,950 - >540 years BP (Unit IV). Marked increase in artefact discards centred around 1,500 years BP, but continuing into units III. Frequent backed blades, ground edge implements and retouched tools, dominated by quartz; 4) occupation continue after 540 BP (units I-II), but was significantly reduced. Engraving circles, dots and kangaroo tracks probably produced during earliest occupation of the shelter and minimum date for their production is  older than c. 3,000 years ago. Stencil art believed to date to main or layer occupation of site. Grinding grooves realted to finds of edge-ground artefacts from 1500 years ago. McDonald (2008) indicates that this sample came from an artefact rich layer.",c14,,1530,Information within this entry has been inferred by authors - see Notes,,,AUSTRALIA
10407,Murray Darling Depression,143.1,-33.8,Lake Mungo (MLB-17),Hearth,ANU 661,1610,110,,,Charcoal from hearth,Charcoal,,,Radiocarbon,,Terrestrial,Open,Y,"Barbetti 1973, Johnston & Clark, 1998",,c14,,1610,,,,AUSTRALIA
10780,Murray Darling Depression,141.2,-35.2,Lake Victoria,Midden,GaK 2512,1660,110,,,Charcoal from midden,Charcoal,,,Radiocarbon,,Terrestrial,Open,Y,Gill 1973,,c14,,1660,,,,AUSTRALIA
11176,South East Corner,149.89,-36.89,MHE 10 (Merimbula Lake),Midden,ANU-4997,1670,110,,,Charcoal,Charcoal,A/1,25-35,Radiocarbon,,Terrestrial,Open,Y,"ANU Archaeological Consultancies, 1986a","A shell midden located on the shores of Merimbula Lake and investigated/salvaged prior to residential development. MHE 10 had been previously disturbed through the construction of a track and was only minimally investgiated compared with MHE 8 (undertaken as part of the same salvage). The sites were dominated by Sydney cockle shell with a sharp increase in Oyster shell (to 20%) in the lowest 15 cm of the site. Mud whelk was also consistently present in low numbers. Minimal terrestrial bone was identified including kangaroo, lizard. fish bones and rabbit. Minimal artefacts were recovered indicating a preference for rhyolite and quartz raw materials. Two backed pieces were identified in the upper 5 cm of the MHE 8. The highest concentrations of artefacts were between 45-50 cm in MHE 10 (n=48 (53%)). Preference for quartx increases in the upper levels and suggests a move from backed artefacts to a 'less distinctive industry'.",c14,,1670,,,,AUSTRALIA
11373,Tasmanian South East,147.09,-43.29,Huon Point,Midden,GXO-265,1860,110,,,Wood charcoal,Wood/Plant Material,,1',Radiocarbon,,Terrestrial,Open,Y,"Reber, 1965","A compilation of dates obtained from excavation of a range of middens across Tasmania. Reber excavated slits into this midden to obtain a basal age. A midden situated on a point near Huon River. The midden is about 40 yards in area, 50 yards from the edge of a cliff near the river. Sample obtained from one foot below surface.",c14,,1860,,,,AUSTRALIA
11031,South East Coastal Plain,142.35,-38.32,Goose Lagoon Midden,Midden,V-5,2120,110,,,Charcoal,Charcoal,,,Radiocarbon,,Terrestrial,Open,Y,"Science Museum of Victoria cit. Godfrey et al., 1996",From an Aboriginal midden on a 25-ft emerged shoreline. This sample was analysed mutliple times (n=4). All duplicates are identified as V-5. No information on the preferred date is indicated.,c14,,2120,,,,AUSTRALIA
11991,Murray Darling Depression,139.63,-34.31,Roonka Flat Dune,Open site,ANU-1783,2120,110,,,Human bone collagen,Bone,RA 10,81-87,Radiocarbon,,Terrestrial,Open,Y,"Pate et al., 1998","A follow-up study of the Roonka Flat burial ground. Pate indicates that some 147 burials had been recovered primarily from Trench A. The trench was 30 x 15 m in size and reached depths of 6-7 m. Most of the burials were constrained to the upper 2 m. The data indicates that the area was used exclusively for burials between 10 - 7 ka before other camp activities occurred concurrently with the burials after 7 ka. The paper concludes that most burials occurred through the late Holocene after 6 ka. This date was taken from skeleton RA 10, a vertical shaft burial.",c14,,2120,,,,AUSTRALIA
10236,Victoria Volcanic Plain,142.85,-37.76,FM/1,Earth mound,SUA-574,2350,110,,,Charcoal,Charcoal,Layer 5A,,Radiocarbon,,Terrestrial,Open,Y,"Lourandos and Williams various cit. Attenbrow, 2004; Coutts et al., 1977 cit. Bird & Frankel, 1991; Lourandos, 1983","A study (Bird & Frankel, 1991) using radiometric dates of southwest Victoria as a proxy for occupation/activity. The paper concludes that late Holocene intensification, at least from a social perspective perspective, was not the case. However, the paper does show increasing numbers of dates (n=80) in the late Holocene. Interesting features of the study include an apparent hiatus between 6-7ka and the appearance of earth mounds only in the last 2.5ka. This date came from the one of the earliest occupations of the site.",c14,,2350,,,,AUSTRALIA
12139,Southern East Queensland,152.9149,-25.366,Booral Homestead Midden,Open site,Beta-38414,2400,110,,,Charcoal,Charcoal,,26.7,Radiocarbon,,Terrestrial,Closed,Y,Frankland 1990,"Small sample given 4 x normal counting time (Hall pers. comm., 2000)",c14,,2400,,,,AUSTRALIA
11311,Sydney Basin,151.18,-34.03,Quibray Bay,Midden,Not given,3680,110,,,Charcoal,Charcoal,,,Radiocarbon,,Terrestrial,Open,Y,"L. Smith, 1990 cit. Bryshaw et al. 1992",A date referenced in a wider background review of the Kurnell peninsula area. Only minimal information (i.e. the site was a midden) provided.,c14,,3680,Information within this entry has been inferred by authors - see Notes,,,AUSTRALIA
13351,King,144.45,-40.34,Cave Bay Cave,Rockshelter,ANU-1614,3960,110,,,Charcoal,Charcoal,"Tr. V, spit 9A",54-57,Radiocarbon,,Terrestrial,Closed,Y,"Bowdler 1979 cit. Stockton 1981; Bowdler, 1984","A large rockshelter located on Hunter Island in the Bass Strait. An excavation of a 2 x 2 m trench to a depth of 2 m revealed an extensive Pleistocene deposit with non-Tasmanian faunal remains (i.e. Coming from the Bass Plain prior to sea level rise). The topmost Pleistocene deposits was identified at 65 cm below the surface. Between 145 and 185 cm below the surface was a series of well defined hearhy layers with macropod bones, charcoal and quartz flakes. The lowest of these layers (175-185) was the lowest evidence of human occupation dating to about 22 ka. The upper part of this hearthy unit was dated to c. 20 ka. Above this (120-145 cm below surface) was sporadic evidence of human occupation, as well as extensive rock fall. Between 120 - 65 cm below surface, there is little evidence of human use, with the exception of a well-defined hearth at 85 cm below surface dated to c. 15 ka. The upper 65 cm of deposit consisted of a midden (between 50 - 65 cm) dating to between c. 4 and 8 ka and containing bone artefacts, then 25 cm of culturally sterile sand, then 25 cm of hearth and shell midden lenses. This sample dates a hearth immediately above the Lower Midden unit.",c14,,3960,,,,AUSTRALIA
13467,Murray Darling Depression,139.61,-34.69,Devon Downs RS,Rockshelter,GaK-1023,4360,110,,,Charcoal,Charcoal,Layer VIII,c. 460,Radiocarbon,,Terrestrial,Closed,Y,"Smith, 1982; Tindale, 1968","A 6 m deep stratified rockshelter on the Murray River. Originally excavated in 1929 by Tindale, Smith re-explored the site in 1982. Smith revised the stratigraphic sequence from 12 layers to six. Analysis of artefacts, ochre, mammal remains, all indicate a peak in activity between layers 3-5 (between 2 - 4ka) along with a technology shift, with increasing appearance of shellfish in the upper spits (after 2ka). A change in seasonal movements appear to have occurred after 3 ka. Pirri and bone points present only in layers 5 and 6.",c14,,4360,Information within this entry has been inferred by authors - see Notes,,,AUSTRALIA
12714,Australian Alps,148.35,-37.36,New Guinea II,Rockshelter,SUA-2217,4660,110,,,Charcoal,Charcoal,"Sq. NE117E120, spit 65, SU2",155,Radiocarbon,,Terrestrial,Closed,Y,"Ossa et al., 1995","A limestone rockshelter on the Snowy River in the Australian Alps contining finger marks (such as those seen in Koonalda Cave). Excavation of 43.5 sq. m both inside and outside the shelter recovered extensive bone, some mussel, ochre and 317 stone artefacts (285 from within the shelter). The rockshelter could be divided into four stratigraphic units. The artefacts were composed of quartz, chert, fine grained siliceous and lesser occurrences of limestone. Artefacts appeared to come from pebbles in the nearby river bed and were amorphous in nature. The majority of the lithics were found within SU 1 and 2 (n=257), with 19 found in SU 3 and 9 in SU 4. Several bone points were also recovered from throughout the excavations and made from macropod. Other bone includes mammal (including Tasmanian devil) and fish. The paper concludes that the site was occupied since about 21ka to the late Holocene; the small artefact size and numbers indicate limited use of the site for retouch of larger items; bone points suggest animal skin preparation was also undertaken at the site.",c14,,4660,,,,AUSTRALIA
10095,Riverina,144.13,-35.63,Barham E4/1,Burial,Not given,4670,110,,,Bone,Bone,,,Radiocarbon,,Terrestrial,Open,Y,"Pardoe, 1993, 1995",Part of a wider study reviewing ages of skeletal remains along the Murray-Darling River.,c14,,4670,Information within this entry has been inferred by authors - see Notes,,,AUSTRALIA
14828,Tasmanian South East,147.33,-42.84,Shag Bay,Rockshelter with midden deposits,Gak-5424,4720,110,,,Charcoal,Charcoal,SB 2/7,,Radiocarbon,,Terrestrial,Closed,Y,"Vanderwal et al., 1977","A rockshelter on  Shag Bay, opposite New Town Bay and several hundred metres north of Geilston Bay, part of the Derwent Estuary, Tasmania. A 12 m x 3 m rockshelter some 15 m upslope from the bay. A 1 x 3 m trench was excavated into the rockshelter and revealed a narrow band of midden deposit between two sterile roof debris deposits. The site was heavily disturbed through animal burrows and pot-holes, although a recent overburden deposit was evident on the surface up to 1 m thick in places. The midden deposit was 25 cm thick and also contained ash and charcoal. The midden was composed of almost exclusively estuarine species and dominated by Mytilus planulatus (with MNI's of 2,260 and 1,590 in two consecutive spits) followed by various other limpet species. Few mud oysters were present. Two stone artefacts were also recovered. This sample dates the top of the midden deposit and suggests a total occupation period of only 700 years.",c14,,4720,,,,AUSTRALIA
11360,Tasmanian South East,147.33,-42.87,Royal Botanic Gardens,Midden,Beta-5099,5210,110,,,Charcoal,Charcoal,,,Radiocarbon,,Terrestrial,Open,Y,"Dunnett, 1993",A reference to a date of a midden as part of a wider review of shellfish exploitation in Tasmania. The paper indicates the site was dominated by Mylitus edulis. The papers findings suggest an exploitation of the sub-littoral zones during the late Holocene with a focus on upper and middle littoral zones earlier in the Holocene.,c14,,5210,Information within this entry has been inferred by authors - see Notes,,,AUSTRALIA
11369,Tasmanian South East,147.29,-42.87,Derwent River,Midden,I-324,5220,110,,,Wood charcoal,Wood/Plant Material,,,Radiocarbon,,Terrestrial,Open,Y,"Reber, 1965",A compilation of dates obtained from excavation of a range of middens across Tasmania. Reber excavated slits into this midden to obtain a basal age. This midden was on a small peninsula east of the Derwent River opposite Cadburys. The midden is on a rocky bank 10 ft above a nearby road. The midden extends beneath the road and partway down the slope to the river. This is referred to as Reber's Site 12 and 'site opposite Dogshear Point'.,c14,,5220,,,,AUSTRALIA
13716,Pilbara (inland),119.51,-23.21,Newman (P0187) Orebody XXIX rockshelter,Rockshelter,SUA-627,5260,110,,,Charcoal,Charcoal,"Spit 3/4 (30-40cm bsl), Feature H4",,Radiocarbon,,Terrestrial,Closed,Y,Maynard 1980,,c14,,5260,,,,AUSTRALIA
14101,Sydney Basin,150.97,-33.36,MR/1,Rockshelter,SUA-564,5820,110,,,Charcoal,Charcoal,"Sq. A, level 10","50""",Radiocarbon,,Terrestrial,Closed,Y,Moore 1981,"Elevated rockshelter with deep deposit. Excavated to level 10 at 50"". Varying levels of bone and shell found between level 1-7, Bondi points found to base deposits. Some 4,945 artefacts ultimately found across 8 test pits (3 sq. ft in size). Highest concentrations of artefacts occurred between levels 3-5 (with highest peak at 4) with declines both before and after. Retained raw material from the Hunter Valley, and may indicate trade or exploitation to the north. Also Merewether chert from Newcastle and black chert from south coast recorded.",c14,,5820,,,,AUSTRALIA
11081,South East Coastal Plain,146.27,-38.97,Tarwin/1,Midden,Gak-971,6010,110,,,Charcoal,Charcoal,,,Radiocarbon,,Terrestrial,Open,Y,"Coutts, 1970","A geomorphological and archaeological study of Wilson's Promontory with a focus on the various sand dune units. Excavations of the sites revealed two assemblages. Assemblage A was dominated by backed blades and rock platform shellfish (note there are no rock platforms at present day sea level) and was wider spread. Overlying assemblage A, was assemblage B consisting of crude flakes and large core industry and was associated with edge-ground axes. Peak shell densities appear to occur between spits 7 - 11 and at 3 (stone densities only between 3-11) in YW11/1 and spits 6 and 11 in YW 9 (with stone densities at spit 3). Sites 'A' were considered to be associated with exploitation freshwater gastropods from land-locked lagoons and formed between 6500 - 3000 BP. Sites 'B' indicate a diversification of exploitation and a changing preference of raw materials. Also called 'ARch Rock'.",c14,,6010,,,,AUSTRALIA
12391,Sydney Basin,150.65,-33.76,Jamisons Creek (JC/1E),Open site,SUA-1233,7010,110,-25,2,Charcoal,Charcoal,Base of soil unit 3,c.140,Radiocarbon,,Terrestrial,Open,Y,"Kohen, 1981; Kohen et al. 1984","An open site on Jamisons creek, south of the M4 Motorway and north of Leonay golf course, Emu Plains, NSW. Excavations were undertaken of a large body of sand adjacent the creek. 5.3 sq m recovered 867 artefacts from two broad phases. Soil units 1 -3 were considered Bondaian, soil unit 4 was Capertian. Bondi points, bipolar pieces and retouched flakes were all only found in the upper phase. Bone and freshwater mussel were also found, as well as worked piece of cockle shell. Artefacts were dominated by chert (70+ %) with lesser proportions of silcrete (<10%), quartz, basalt and quartzite. Occupation appeared to occur until the 19th Century. Excavations reached depths of 140 cm. This date was taken from the base of soil unit 3 and is a basal date for the site. It is from the lowest part of the biomantle before clay is reached. Artefacts were still found at this level.",c14,,7010,,,,AUSTRALIA
12270,Southern East Queensland,151.8522,-28.0207,Talgai Skull,Open site,R2526/17,7890,110,,,Soil,Soil,,,Radiocarbon,,Terrestrial,Open,Y,Hendy et al. 1973,,c14,,7890,,,,AUSTRALIA
12070,Naracoorte Coastal Plain,140.29,-37.65,Wyrie Swamp,Open site,ANU-1320,8210,110,,,Charcoal,Charcoal,,,Radiocarbon,,Terrestrial,Open,Y,"Luebbers, 1978 cit. Bird & Frankel, 1991","A study (Bird & Frankel, 1991) using radiometric dates of southwest Victoria as a proxy for occupation/activity. The paper concludes that late Holocene intensification, at least from a social perspective perspective, was not the case. However, the paper does show increasing numbers of dates (n=80) in the late Holocene. Interesting features of the study include an apparent hiatus between 6-7ka and the appearance of earth mounds only in the last 2.5ka. This sample was found in association with boomerang fragments.",c14,,8210,,,,AUSTRALIA
11049,South East Coastal Plain,141.29,-38.21,"Noble's Rocks Survey Area, Site 1, Midden 1",Midden,Wk-410,8340,110,,,Charcoal,Charcoal,,,Radiocarbon,,Terrestrial,Open,Y,"Godfrey, 1989","This date comes from the a survey of Discovery Coastal Park on the border of VIC/SA. The survey identified over 1000 middens dated primarily between b490 and 3860 BP, and were dominated by Donax sp. and Brachidontes sp (lesser representations of Mytilus and Ostrea sp. were also present). This date was published with a 450-yr marine correction, which has not been included here.",c14,,8340,,,,AUSTRALIA
13513,Naracoorte Coastal Plain,140.69,-38.05,Koongine Cave,Rockshelter,Beta-21541,8900,110,,,Charcoal,Charcoal,"J9/20, unit 5",,Radiocarbon,,Terrestrial,Closed,Y,"Frankel, 1988 cit. Bird & Frankel, 1991","Referred to in a  study (Bird & Frankel, 1991) using radiometric dates of southwest Victoria as a proxy for occupation/activity. The paper concludes that late Holocene intensification, at least from a social perspective perspective, was not the case. However, the paper does show increasing numbers of dates (n=80) in the late Holocene. Interesting features of the study include an apparent hiatus between 6-7ka and the appearance of earth mounds only in the last 2.5ka. This sample was taken from the 'lower occupation'.",c14,,8900,,,,AUSTRALIA
13501,Naracoorte Coastal Plain,141.41,-38.32,Bridgewater Cave South,Rockshelter,Beta-8465,10760,110,,,Charcoal,Charcoal,"Pit C7(2), top of phase A",,Radiocarbon,,Terrestrial,Closed,Y,"Lourandos, 1983 cit. Bird & Frankel, 1991; Head, 1985 cit. Bird & Frankel, 1991","A limestone rockshelter within the Bridgewater Formation near a large number of marine and lagoonal resources. Site excavated by Lourandos. Basal date of site, few shells at this depth. Shell material dominated upper deposits dating to less than 450BP. The lower unit retained fragmented bone, stone artefacts and occasional marine shell (Plebidonax deltoides mainly). Lourandos' intepretation indicated the use of the site in the terminal Pleistocene as a sporadic hunting bivouc focussing on land mammals. This activity lasted into the early and mid Holocene (i.e. no hiatus). The late Holocene saw more intense use and a wider range of resources with increasing seasonal exploitation of marine and land resoures. Also discussed in a study by Bird & Frankel, 1991. The study used radiometric dates of southwest Victoria as a proxy for occupation/activity. The paper concludes that late Holocene intensification, at least from a social perspective perspective, was not the case. However, the paper does show increasing numbers of dates (n=80) in the late Holocene. Interesting features of the study include an apparent hiatus between 6-7ka and the appearance of earth mounds only in the last 2.5ka.",c14,,10760,,,,AUSTRALIA
14426,Warren,115.07,-34.15,Devils Lair,Rockshelter,OZD-323,12950,110,,,Charcoal,Charcoal,Hearth 2,96,Radiocarbon,,Terrestrial,Closed,Y,"Turney et al., 2001","A deep limestone cave containing deep earthy deposits, which has been excavated since 1955. Deposits consist of various flowstones capping earthy and silty clay units; the flowstones have been used to indicate the start/end of deposits. Artefact assemblage included quartz, chert and limestone materials and animal bone and were present over most of the last 12,000 years. Site also includes numerous bone points, some of them in association with radiocarbon dates of 19,000 BP. Direct occupation is evident living floors associated with hearth 1 and Pits 1  (c. 220 cm below surface) and 2 (c.210 cm below surface). The lowest evidence of continued occupation was at layer 30, with only sparse artefactual remains between layers 31-38, and sterile deposits between layers 39 - 51. This sample formed part of a larger inter-disciplinary study to clarify the lower deposits of the shelter. The study indicated that the initial occupation was as early as 48ka, with main occupation of the shelter by c. 40ka.",c14,,12950,,,,AUSTRALIA
14131,Tasmanian Southern Ranges,146.84,-42.27,Bluff Cave (also Nunamira cave/TAS #4046/JF 53),Rockshelter,Beta-25381,13100,110,,,Charcoal and soil,Other,"Layer 2, unit 3/1",10,Radiocarbon,,Terrestrial,Closed,Y,"Cosgrove, 1989, 1996","A rockshelter located in the Tasmanian Southern Ranges on the Weld River. Excavations identified six units to a depth of 60 cm. The lowest three are sterile, the upper three were culturally rich and dated to about 30ka - 11ka. Layer 3 was the most culturally important with over 12,000 flakes, bones (including bird bone and emu egg shell) and high concentration of charcoal. Layer 2 is similar in finds but not at such high numbers. Layer 1 was a calcium carbonate flowstone sealing the deposit and retained small mammal bones and occasional artefacts indicating infrequent use. Stone materials include local crystal quartz and five pieces of impactite from the Darwin meteorite site some 75 km away. The eary dates indicate the Tasmania was connected to the mainland several times during the last 50 ka; that megafauna was extinct in Tasmania by 30 ka (given its absence here); and that occupation occurred during the LGM despite poor climatic conditions and glaciation.",c14,,13100,,,,AUSTRALIA
14429,Warren,115.07,-34.15,Devils Lair,Rockshelter,AA-19695,13580,110,,,Emu eggshell,Other,Layer G,82,Radiocarbon,,Terrestrial,Closed,Y,"Turney et al., 2001","A deep limestone cave containing deep earthy deposits, which has been excavated since 1955. Deposits consist of various flowstones capping earthy and silty clay units; the flowstones have been used to indicate the start/end of deposits. Artefact assemblage included quartz, chert and limestone materials and animal bone and were present over most of the last 12,000 years. Site also includes numerous bone points, some of them in association with radiocarbon dates of 19,000 BP. Direct occupation is evident living floors associated with hearth 1 and Pits 1  (c. 220 cm below surface) and 2 (c.210 cm below surface). The lowest evidence of continued occupation was at layer 30, with only sparse artefactual remains between layers 31-38, and sterile deposits between layers 39 - 51. This sample formed part of a larger inter-disciplinary study to clarify the lower deposits of the shelter. The study indicated that the initial occupation was as early as 48ka, with main occupation of the shelter by c. 40ka.",c14,,13580,,,,AUSTRALIA
14330,Victoria Bonaparte,128.7,-16.3,Miriwun,Rockshelter,SUA-2266,14530,110,,,Soil carbonate,Soil,Nodular unit,70-75,Radiocarbon,,Terrestrial,Closed,Y,"Dortch, 1996","Depth based on figure 1 of the paper;  Occupation consists of two units, 1) Dark brown silty earth unit is bracketed by ANU-1008 and SUA-2266 (about 18ka - 11.5ka); and 2) light brown silty earth between SUA-142 and contact (3ka - present). Two units split by aeolian deposit (3ka -1.7ka). Archaeology represents an 'early phase' (18ka - 9ka) and 'late phase' (3ka - present).",c14,,14530,,,,AUSTRALIA
14158,Tasmanian Southern Ranges,146.44,-42.85,Bone Cave (TAS #1790),Rockshelter,Beta-26512,16820,110,,,Charcoal,Charcoal,B/37,c.74,Radiocarbon,,Terrestrial,Closed,Y,"Allen et al., 1988","A rockshelter first recorded by Weston (1969); lost and subsequently re-found by a geologist (Clive Calver). Ranson and Kiernan re-investigated the site before further nivestigation in 1988 by Allen et al. The site is located on Weld River, 7 m above the river. The cave is 4 x 3 x 1.5 m in size with a large talus of deposit inside of the cave, as well as a small water channel.  They identified three stratigraphic units: the upper unit, 10-20 cm, composed of light brown cave earths and contained few stone tools and small bird, rodent and lizard bones - questionable whether a unit derived from human occupation or not; a middle unit (spit data suggests around 32.5 cm - 52.5 cm), composed of darker brown silty soils and contained grey ashy lenses, large quantites of stone flakes and animal bones (relatively unfragmented) - primarily larger marsupials; and a lower unit (spit data suggests around 52.5 cm - 74 cm) with blackened matrix (and dense in charcoal) and frequent hearths and contained similar finds to the middle unit, but they are more fragmented. Artefacts were primairly of quartzite from locally-derived material (within the cave), as well as other materials including Florentine, chalcedony, jasper, silcrete, hornfels, non-local quartzite, Mt Read volcanics and a fragment of Darwin glass (from an impact crater >100 km away). Artefacts included steep-sided and sometime multi-platform cores and several scrapers. A bone point from a macropod tibia was also recovered. This sample was taken from the lowest spit of the excavations (although the paper suggests this was not basal, simply the lowest spit reached in the field season).",c14,,16820,,,,AUSTRALIA
14474,Warren,115.02,-34.02,Tunnel Cave,Rockshelter,Wk-3391,16850,110,,,Charcoal,Charcoal,"Sq. G10, spit 86, layer 7G",210,Radiocarbon,,Terrestrial,Closed,Y,"Dortch, 1996",A 3 m deep sequence composed of occupation layers intermixed with sterile deposits. This date comes from a hearth. Layer 7 retained 15 hearths and high densities of archaeological mateiral for the site (between 1.4-1.9m below surface).,c14,,16850,,,,AUSTRALIA
10296,Broken Hill Complex,141.6,-31.3,Fowlers Gap (ND17),Hearth,Wk-9343,398,111,,,Charcoal,Charcoal,Hearth,,Radiocarbon,,Terrestrial,Open,Y,Fanning et al. 2007,A precursor study to Holdaway et al 2008. Similar findings,c14,,398,,,,AUSTRALIA
12080,NSW North Coast,151.9,-32.75,Moffats Swamp Dune,Open site,OZA-257,7566,114,,,Charcoal,Charcoal,"B3, spit 5/6",70-80,Radiocarbon,,Terrestrial,Open,Y,"Baker, 1994","Sand dune adjacent artefacts adjacent Moffats Swamp. The site was investigated as part of a testing and salvage excavation prior to sand mining activities in the area. The site was dominated by a mudstone/tuff assemblage with pre-Bondaian charateristics. Some evidence of Holocene assemblage, including the presence of Worimi cleavers. The assemblage indicated expedient use of the site. The dates from this site, all taken at similar levels, are widely varied and may indicate some movement of charcoal through the sequence. Dates of 6,000 are found in close association with those of 17,000. The author indicates only a general age of the activities can be identified from these dates. This date was taken from the same level as NZA-3016.",c14,,7566,,,,AUSTRALIA
11213,Sydney Basin,150.9,-34.6,Bass Point,Midden,SUA-51,900,115,,,Charcoal,Charcoal,Pit D,20-25,Radiocarbon,,Terrestrial,Open,Y,"Hughes, 1977; Hughes & Djohadze, 1980 cit. Brown, 2005","Excavations initially undertaken by S.Bowdler in the 1970's. She identified four units: 1) upper midden layer, containing primarily mussel shells and shell fish hooks and bone points; 2) lower midden containing rock platform gastropods, backed artefacts and bone points. Larger shellfish were also dominant; 3) grey sand with poorly preserved shell; and 4) white sand with stone artefacts, but no shell. A subsequent re-investigation of the site by Hughes and Djodhadze included the re-opening of Bowdler's four test pits (totalling 7 sq. m) and an additional two new test pits. Hughes & Djodhadze undertook additional dating and identified the following: 1) upper midden dated to 100-740 BP; 2) lower midden dated to 740 - 1800 BP; 3) grey sand dated to 1800 - 3950 BP (and representing peak site use); 4) white sand dated to 3950 - 7700 BP; and 5) lower white sand dated to 7700 - 17500 BP. A marine-charcoal radiocarbon calibration analysis was also undertaken on the site by Gillespie.",c14,,900,,,,AUSTRALIA
14009,Sydney Basin,150.37,-33.73,King's Tableland,Rockshelter,SUA-157,1060,115,,,Charcoal,Charcoal,"Level 16, SU IV",76-84,Radiocarbon,,Terrestrial,Closed,Y,"Stockton & Holland 1974 ; Gillespie & Temple, 1976; Stockton, 1977","Site consists of two stratigraphic units, Phase I - IV are late Holocene, while the lower deposit dates >14ka. This date relates to the Phase IV assemblage. Date referred to as 1060 +/- 115 years BP in Stockton (1993). Gillespie & Temple indicate that this date was 1060 +/-115.",c14,,1060,,,,AUSTRALIA
14001,Sydney Basin,150.66,-33.66,KII Shaws Creek,Rockshelter,Beta-1212,1790,115,,,Charcoal,Charcoal,"Sq. C, spit 1, unit 6, phase II",5,Radiocarbon,,Terrestrial,Closed,Y,"Kohen et al. 1981, 1984","Site has sedimentary units increasing through the site (from 1 to 6, with archaeology only occurring in 4-6), with archaeological phases going up the site from Phase VI - I. Base of phase VI retained 55 artefacts; Phase VI retained a high proportion of heavy flakes and several with fine invasive retouch; Phase V and IV showed continutiy with earlier assemblage and includes reducing mean weight (g), decline in chert, decline in tools, declne in thick flakes, higher retouched pieces; phase III-i saw appearance and decline in backed tools and geometric microliths and edge-ground hatchets. Phase III-1 retained the highest number of artefacts. Kohen et al. notes a decline in the assemblage during Phase IV (4100 - 7900 calendar years BP). Also referred to as SUA-1391 in Kohen et al. 1981.",c14,,1790,,,,AUSTRALIA
14055,Sydney Basin,150.21,-35.12,Sassafras 2,Rockshelter,ANU-744,2780,115,,,Charcoal,Charcoal,"Sq. N, spit 4",,Radiocarbon,,Terrestrial,Closed,Y,"Flood, 1980",One of two rockshelters near Bulee Brook and Sassafras. This date reflects the decline in backed artefacts (primarily composed of silcrete) and the increase in a quartz bipolar industry at this site. This is broadly comparable with Sassafras 1,c14,,2780,,,,AUSTRALIA
10878,NSW North Coast,152.92,-30.93,Clybucca 3,Midden,SUA-274,3360,115,,,Charcoal,Charcoal,CLY3.72.56,30-40,Radiocarbon,,Terrestrial,Open,Y,"Gillespie & Temple, 1979, Connah, 1975","Samples taken from midden on a sand ridge at the head of a bay in a Pleistocene shoreline, some 10km inland from present day shoreline. Midden was composed primarily of oyster and cockle shells, as well as backed blade industry and minor worked bone. Animal bone was also present and a fragmented human burial.",c14,,3360,,,,AUSTRALIA
11326,Sydney Basin,151.66,-33.09,Swansea Inlet,Midden,SUA-150,7870,115,,,Charcoal,Charcoal,"Sq 19, level VI",44-49,Radiocarbon,,Terrestrial,Open,Y,"Dyall, 1975, 1982, 2004; Gillespie & Temple, 1976","Date taken from lowest occupation level of midden, some 10 cm below an intense occupation layer. Earliest occupation included thin scatter of stone flakes and burned bone, in gravelly sand. Site shows exploitation of primarily bream fish and substantial quantities of shellfish. Some mammal and bird bones was also recovered. Artefacts include bone points and ground-edge axes, as well as an assemblage dominated by locally derived Tuff. Burials were also recovered from the site.",c14,,7870,,,,AUSTRALIA
12271,Southern East Queensland,151.8522,-28.0207,Talgai Skull,Open site,R2526/21,8300,115,,,Soil,Soil,,,Radiocarbon,,Terrestrial,Open,Y,Hendy et al. 1973,,c14,,8300,,,,AUSTRALIA
14020,Sydney Basin,151.12,-33.19,Loggers Shelter,Rockshelter,SUA-1206,9755,115,,,Charcoal,Charcoal,"Layer 5, spit 13 (LS/F/13)",,Radiocarbon,,Terrestrial,Closed,Y,"Attenbrow, 1980, 1982; 2004",One of five key sites dug as part of Attenbrow's wider Upper Mangrove Creek investigations. The site was a rockshelter containing a complete Eastern Regional Sequence assemblage from ca. 11ka. Some faunal remains present too. One of the oldest sites in the Upper Mangrove Creek region. This sample dates the middel of three layers that are assigned as Capertian/pre-Bondaian.,c14,,9755,,,,AUSTRALIA
11000,South East Coastal Plain,142.36,-38.343,Campbell 10,Midden,SUA-1332,200,120,,,Charcoal,Charcoal,Spit 6,,Radiocarbon,,Terrestrial,Open,Y,"Coutts, 1982 cit. Bird & Frankel, 1991","A study (Bird & Frankel, 1991) using radiometric dates of southwest Victoria as a proxy for occupation/activity. The paper concludes that late Holocene intensification, at least from a social perspective perspective, was not the case. However, the paper does show increasing numbers of dates (n=80) in the late Holocene. Interesting features of the study include an apparent hiatus between 6-7ka and the appearance of earth mounds only in the last 2.5ka. This date has been corrected following Temple & Barbetti, 1981.",c14,,200,,,,AUSTRALIA
10156,South East Coastal Plain,141.91,-37.01,Toolondo,Drainage System,GX-4785,210,120,,,Charcoal,Charcoal,,,Radiocarbon,,Terrestrial,Open,Y,"Lourandos and Williams various cit. Attenbrow, 2004; Lourandos, 1980; Lourandos, 1983; McNiven et al., 2012","This sample came from the infilling of a large channel in a drainage system of fish traps by Lourandos. Lourandos considered this the latest date for the traps use, since it appeared to be a later phase of fish trap use. This site is referred to as a 'facility', which is described as a method of ditching, which increased the harvesting yield and reliability of eels. A large network of drainage channels were present, which led to a flushing of swamps containing eels into a series of traps. It is also referred to in a  study (Bird & Frankel, 1991) using radiometric dates of southwest Victoria as a proxy for occupation/activity. The paper concludes that late Holocene intensification, at least from a social perspective perspective, was not the case. However, the paper does show increasing numbers of dates (n=80) in the late Holocene. Interesting features of the study include an apparent hiatus between 6-7ka and the appearance of earth mounds only in the last 2.5ka. .",c14,,210,,,,AUSTRALIA
14808,Sydney Basin,151.3,-33.59,Great Mackerel RS (45-6-1614),Rockshelter with midden deposits,ANU-6370,220,120,,,Charcoal,Charcoal,6/3/2; SU 2,6,Radiocarbon,,Terrestrial,Closed,Y,"McDonald , 1989, 1992, 2008","This rockshelter is located on a ridgeline overlooking Great Mackerel Beach in Pittwater. The RS was excavated as part of McDonald's PhD research and included extensive Aboriginal art motifs. Excavations were undertaken to form a correlation between directly dated art and deposits within the RS. The excavation revealed a deposit some 60 cm in depth. The site consisted of two deposits, a lower Bondaian between c.3,500 (ANU-6615) and 600 BP (ANU-6373) and containing only stone artefacts - primarily split quartz pebbles and indurated mudstone debitage overlain by a late Bondaian shell midden. The upper deposits were dominated by shell remains and accumulated more rapidly than lower deposits (25 cm in 340 years) suggestive of greater use in the last 500 years. Fish hooks were also found in this upper deposit. Sydney rock oyster (Crassosnea commercialis), the limpet (Cellana sp.), the hairy mussel (Trichonzya tiirsuta) and the black periwinkle (Nen'ta unanlentoscr) dominate the  midden in terms of minimum numbers. Fish (Snapper), small mammals and bird bones were also recovered. Some evidence of dietary change was noted and discussed.",c14,,220,,,,AUSTRALIA
14770,South East Corner,149.94,-37.28,Greenglade,Rockshelter with midden deposits,ANU-6933,340,120,,,Charcoal,Charcoal,Tr. 2A,c.220,Radiocarbon,,Terrestrial,Closed,Y,"Colley, 1990; Colley, 1990 cit. Brown, 2005; Colley, 1997","A rockshelter with midden deposits to almost 3 m depth. The stratigraphy reveals a thick midden deposit (1.5 m) over sand beneath which were several thin midden layers intermixed with sand. The midden deposits were dominated by Turbo, Cart Rut, Beaked Mussel and Edible mussel shells with a consistent presence of chitons and limpets. Bone includes mammals, fish and birds. A fish hook and two bone points were identified. Artefactual material was almost exclusively quartz and was predominantly undifferentiated flakes. Dates from the rockshelter indicate its use from around 700 BP to present.",c14,,340,,,,AUSTRALIA
13150,Esperance Plains,122.27,-33.52,Cheetup Rockshelter,Rockshelter,GX-6606,410,120,,,Carbon,Charcoal,Sq. F18.,10,Radiocarbon,,Terrestrial,Closed,Y,"Moya Smith, 1982","A rockshelter located in Cape Le Grand national park near Esperance. The site is situated near Cheetup Hill, a granite dome, and some 5 km from the ocean. The publication discusses the site only in the context of Macrozamia sp. exploitation so little information on the sequence beyond this. This sample comes from a series of features considered to be drying/soaking/storage pits within the site. The dates indicate that the activity was Pleistocene in origin contrary to several other sites around Australia.",c14,,410,,,,AUSTRALIA
10313,Channel Country,142.3,-29.41,Stud Creek,Hearth,Wk-6625,450,120,-22.8,0.2,Charcoal from hearth,Charcoal,H98-46,,Radiocarbon,,Terrestrial,Open,Y,Holdaway et al. 2002,,c14,,450,,,,AUSTRALIA
13965,Sydney Basin,151.11,-33.14,Dingo and Horned Anthromorph,Rockshelter,GX-0070,581,120,,,Charcoal,Charcoal,,27-28,Radiocarbon,,Terrestrial,Closed,Y,"Macintosh, 1965","Date taken from the excavation of the southern rockshelter (of two shelters). An excavation was undertaken within a shelter with several art motifs. Excavations reached bedrock at 30cm and revealed a highly stratified deposits. Minimal artefacts were found, all of Bondaian industry. Of interest was an ochre layer, which appeared to correspond with the art motifs in the shelter. This layer was just below GX-0070, a closed hearth. Conclusions indicated that two different phases of art were present based on the colour of the ochre with a hiatus in between (i.e. in between GX-0069 and GX-0070).",c14,,581,,,,AUSTRALIA
10985,South East Coastal Plain,142.36,-38.343,Armstrong Bay,Midden,SUA-1724,590,120,,,Charcoal,Charcoal,,,Radiocarbon,,Terrestrial,Open,Y,"Campbell,n.d. cit. Bird & Frankel, 1991","A study (Bird & Frankel, 1991) using radiometric dates of southwest Victoria as a proxy for occupation/activity. The paper concludes that late Holocene intensification, at least from a social perspective perspective, was not the case. However, the paper does show increasing numbers of dates (n=80) in the late Holocene. Interesting features of the study include an apparent hiatus between 6-7ka and the appearance of earth mounds only in the last 2.5ka.",c14,,590,,,,AUSTRALIA
10420,Murray Darling Depression,143.1,-33.8,Lake Mungo (WOC-3),Hearth,ANU 663,950,120,,,Charcoal from hearth,Charcoal,,,Radiocarbon,,Terrestrial,Open,Y,"Barbetti 1973, Johnston & Clark, 1998",,c14,,950,,,,AUSTRALIA
11419,Victoria Volcanic Plain,143.26,-38.76,Moonlight Head,Midden,Gak-9011,1030,120,,,Charcoal,Charcoal,,,Radiocarbon,,Terrestrial,Open,Y,"Zobel et al. 1984 cit. Bird & Frankel, 1991","A study (Bird & Frankel, 1991) using radiometric dates of southwest Victoria as a proxy for occupation/activity. The paper concludes that late Holocene intensification, at least from a social perspective perspective, was not the case. However, the paper does show increasing numbers of dates (n=80) in the late Holocene. Interesting features of the study include an apparent hiatus between 6-7ka and the appearance of earth mounds only in the last 2.5ka.",c14,,1030,,,,AUSTRALIA
10824,Naracoorte Coastal Plain,140.69,-38.05,Finger Point 2,Midden,ANU-6358,1090,120,,,Charcoal,Charcoal,"Unit A, spit 3",2,Radiocarbon,,Terrestrial,Open,Y,"Egloff et al., 1989; Egloff et al., 1989 cit. Bird & Frankel, 1991","A study of five middens dominated by subinella sp. and flint nodules along the South Australia coast. The study was undertaken as mitigation prior to a proposed development. Bird & Frankel (1991) used these dates as part of a proxy for occupation/activity. Their paper concludes that late Holocene intensification, at least from a social perspective perspective, was not the case. However, the paper does show increasing numbers of dates (n=80) in the late Holocene. Interesting features of the study include an apparent hiatus between 6-7ka and the appearance of earth mounds only in the last 2.5ka.",c14,,1090,,,,AUSTRALIA
14073,Sydney Basin,151.18,-33.37,Upside-Down Man,Rockshelter,ANU-8134,1220,120,,,Charcoal,Charcoal,Sq. 6B/2/1 (SU II),6.5,Radiocarbon,,Terrestrial,Closed,Y,"McDonald, 1994a, 2008","A rockshelter located on Ironbark Creek (a tributary of Mangrove Creek), and excavated as part of McDonald's PhD work. The shelter contained extensive rock art motifs (some 274 motifs - black, red and/or white in colour). Excavations revealed four soil units to depths of c.50 cm. The excavations recovered stone artefacts, charcoal, shell, seeds, bone and pigments. Shell consisted of Sydney cockle, hairy mussel and freshwater shell (Hyridella sp.). Some 3,650 artefacts were analysed (about c.5,000 recovered) dominated by quartz (38%), indurated mudstone (21%), FGS and pebbly chert. Artefact densities began c. 4ka and were low  (units III and IV) with a brief peak in SU IV. The highest discard rates were evident in SU II. A hiatus appeared evident in SU III. Later stages indicate intensification and contained backed blades and bipolar techniques. The terminal date for the site was c.1.2 ka.",c14,,1220,,,,AUSTRALIA
11763,Flinders Lofty Block,138.34,-31.89,Hawker Lagoon,Open site,CS2333,1230,120,,,Charcoal,Charcoal,Surface feature,,Radiocarbon,,Terrestrial,Open,Y,Walshe 2005,"Surface hearths fould in association wth Lampert and Hughes (1988) unit IIB. Investigations suggest surface archaeological material was the only occurrence evident here, since deflation was so great historically. Suggests that SUA-2131 is erroneous, since it occurred 1.3 m below the surface and archaeology was not found below about 20 cm in this study.",c14,,1230,,,,AUSTRALIA
12068,Naracoorte Coastal Plain,140.66,-38.06,Cape Northumberland,Open site,GaK-336,1470,120,,,Charcoal,Charcoal,,,Radiocarbon,,Terrestrial,Open,Y,"Kunihiko et al. 1964; Bird & Frankel, 1991",Excavated by Tindale. Date relates to lowest occupation horizon within which the relatively unstained blue-black flint was used by the Murundian culture.,c14,,1470,,,,AUSTRALIA
11400,Victoria Volcanic Plain,146.23,-39.09,Great Glennie Island/1,Midden,ANU-2429,1480,120,,,Charcoal,Charcoal,"Spit 15, unit 5",82,Radiocarbon,,Terrestrial,Closed,Y,"Head et al., 1983 cit. Gaughwin & Fullagar, 1995","A site mentioned in a review section of these two papers. This date comes from the basal deposits of a midden excavated on Great Glennie Island. The midden is made up of five prehistoric layers made up of rock platform shellfish (predominantly limpets), bone, charcoal and stone artefacts. It was interpreted as a series of short term visits to the region. This sample reflects the first long term occupation of the site.",c14,,1480,Information within this entry has been inferred by authors - see Notes,,,AUSTRALIA
11764,Flinders Lofty Block,138.34,-31.89,Hawker Lagoon,Open site,CS2331,1500,120,,,Charcoal,Charcoal,Surface feature,,Radiocarbon,,Terrestrial,Open,Y,Walshe 2005,"Surface hearths fould in association wth Lampert and Hughes (1988) unit IIB. Investigations suggest surface archaeological material was the only occurrence evident here, since deflation was so great historically. Suggests that SUA-2131 is erroneous, since it occurred 1.3 m below the surface and archaeology was not found below about 20 cm in this study.",c14,,1500,,,,AUSTRALIA
13582,NSW North Coast,152.84,-29.59,Whiteman Creek Site III,Rockshelter,GaK-372,1640,120,,,Charcoal,Charcoal,"L-VI, a","c.8""",Radiocarbon,,Terrestrial,Closed,Y,"Kigoshi et al, 1965; McBryde, 1965","Part of a wider study of New England prehistory by McBryde (1974). Charcoal sample from a brown soil forming upper stratigraphic deposit at entrance of shelter. Level was rich in artefacts (n=2600), predominantly uniface pebble tools, similar to those of Level IIIA at Seelands.",c14,,1640,,,,AUSTRALIA
11403,Victoria Volcanic Plain,146.23,-39.09,Great Glennie Island/1,Midden,ANU-3832,1850,120,,,Charcoal,Charcoal,"Spit 16, unit 5",90,Radiocarbon,,Terrestrial,Closed,Y,"Head et al., 1983 cit. Gaughwin & Fullagar, 1995","A site mentioned in a review section of these two papers. This date comes from the basal deposits of a midden excavated on Great Glennie Island. The midden is made up of five prehistoric layers made up of rock platform shellfish (predominantly limpets), bone, charcoal and stone artefacts. It was interpreted as a series of short term visits to the region.",c14,,1850,Information within this entry has been inferred by authors - see Notes,,,AUSTRALIA
10205,South East Coastal Plain,142.52,-37.96,McArthur 6,Earth mound,ANU-3586,2030,120,,,Charcoal,Charcoal,"Unit 3, Lower part",,Radiocarbon,,Terrestrial,Open,Y,"Williams 1985, cit. Bird & Frankel, 1991","A study (Bird & Frankel, 1991) using radiometric dates of southwest Victoria as a proxy for occupation/activity. The paper concludes that late Holocene intensification, at least from a social perspective perspective, was not the case. However, the paper does show increasing numbers of dates (n=80) in the late Holocene. Interesting features of the study include an apparent hiatus between 6-7ka and the appearance of earth mounds only in the last 2.5ka. Earth mounds have several different interpretations, including house foundations and/or a byproduct of repeated visitation and cooking and/or through collapse of sod/turf structures.",c14,,2030,,,,AUSTRALIA
14003,Sydney Basin,150.66,-33.66,KII Shaws Creek,Rockshelter,Beta-1210,2235,120,,,Charcoal,Charcoal,"Sq. B, spit 5, unit 5, phase III",31,Radiocarbon,,Terrestrial,Closed,Y,"Kohen et al. 1981, 1984","Site has sedimentary units increasing through the site (from 1 to 6, with archaeology only occurring in 4-6), with archaeological phases going up the site from Phase VI - I. Base of phase VI retained 55 artefacts; Phase VI retained a high proportion of heavy flakes and several with fine invasive retouch; Phase V and IV showed continutiy with earlier assemblage and includes reducing mean weight (g), decline in chert, decline in tools, declne in thick flakes, higher retouched pieces; phase III-i saw appearance and decline in backed tools and geometric microliths and edge-ground hatchets. Phase III-1 retained the highest number of artefacts. Kohen et al. notes a decline in the assemblage during Phase IV (4100 - 7900 calendar years BP). Also referred to as SUA-1388 in Kohen et al. 1981.",c14,,2235,,,,AUSTRALIA
11001,South East Coastal Plain,142.36,-38.343,Campbell 10,Midden,SUA-1333,2320,120,,,Charcoal,Charcoal,Spit 12,,Radiocarbon,,Terrestrial,Open,Y,"Coutts, 1982 cit. Bird & Frankel, 1991","A study (Bird & Frankel, 1991) using radiometric dates of southwest Victoria as a proxy for occupation/activity. The paper concludes that late Holocene intensification, at least from a social perspective perspective, was not the case. However, the paper does show increasing numbers of dates (n=80) in the late Holocene. Interesting features of the study include an apparent hiatus between 6-7ka and the appearance of earth mounds only in the last 2.5ka. This date has been corrected following Temple & Barbetti, 1981.",c14,,2320,,,,AUSTRALIA
10825,Naracoorte Coastal Plain,140.69,-38.05,Finger Point 2,Midden,ANU-6357,2560,120,,,Charcoal,Charcoal,"Unit A, spit 8",16.8-19,Radiocarbon,,Terrestrial,Open,Y,"Egloff et al., 1989; Egloff et al., 1989 cit. Bird & Frankel, 1991","A study of five middens dominated by subinella sp. and flint nodules along the South Australia coast. The study was undertaken as mitigation prior to a proposed development. Bird & Frankel (1991) used these dates as part of a proxy for occupation/activity. Their paper concludes that late Holocene intensification, at least from a social perspective perspective, was not the case. However, the paper does show increasing numbers of dates (n=80) in the late Holocene. Interesting features of the study include an apparent hiatus between 6-7ka and the appearance of earth mounds only in the last 2.5ka.",c14,,2560,,,,AUSTRALIA
10722,King,144.63,-40.95,Marrawah,Midden,GXO-420,2600,120,,,Wood charcoal,Wood/Plant Material,,4',Radiocarbon,,Terrestrial,Open,Y,"Reber, 1965","A compilation of dates obtained from excavation of a range of middens across Tasmania. Reber excavated slits into this midden to obtain a basal age. A midden situated about half a mile south of the Marrawah lighthouse, and about an acre in size. The slit trench was about 30 ft above sea level with the sample about 4 ft below the midden surface.",c14,,2600,,,,AUSTRALIA
13994,Sydney Basin,150.34,-32.3,KD/31,Rockshelter,SUA-1671,2720,120,-25,2,Scattered charcoal,Charcoal,"Level 6, spits 18-19",38-42,Radiocarbon,,Terrestrial,Closed,Y,"Haglund, 1981","A rockshelter excavated as part of a proposed dam near Kerrabee, south of Merriwa, NSW (now in Goulbourn River National Park). This shelter was situated on the north bank of Horse Creek, near its confluence with Merriwa River. A small test pit (1 x 0.5m) was dug to a total depth of 62 cm in 2-4 cm spits. Artefacts were found throughout the sequence as well as freshwater shell and animal bones. Areas of increased discard included overwhemingly level C (spits 4-12) and to a lesser extent upper parts of level I (spits 13 and 14) and K (spits 18 and 19). A bondi point was found in spit 16. The raw materials were dominated by unmodified flakes composed of chert.",c14,,2720,,,,AUSTRALIA
10922,NSW North Coast,153.17,-29.22,Wombah 1,Midden,GaK-564,2960,120,,,Charcoal,Charcoal,"Sq. f, Level IIA, spit 2","13-14""",Radiocarbon,,Terrestrial,Open,Y,"Kigoshi et al, 1966; McBryde, 1966, 1974","Part of a wider study of prehistory in New England by I. McBryde. Site was large midden on north bank of Clarence River between Wombah and Woody Head, now some 8 miles inland. Several parts of the midden were already destroyed through development at time of excavation. Eight test pits were excavated in 1963 and 1964. Four main levels were identified with levels I-IIIA retaining the bulk of the assemblage, levels VIII-VII also retained a significant number, level VI was culturally sterile, level IV was basal clear sand, but did retain some artefacts (perhaps tread-in) (note: levels are numerically recorded - from top to bottom levels were I, II, IIA, V, VI, VII, VIII, III, IV). The midden was dominated by oyster with lesser fish and animal bones. Site retained few artefacts and included pebble artefacts, groud-edge axes, some utilised and retouched flakes and a few bone points. No fish hooks or files were evident.",c14,,2960,,,,AUSTRALIA
10923,NSW North Coast,153.17,-29.22,Wombah 1,Midden,GaK-567,3040,120,,,Charcoal,Charcoal,"Sq. k, level IIA, spit 3","18""",Radiocarbon,,Terrestrial,Open,Y,"Kigoshi et al, 1966; McBryde, 1966, 1974","Part of a wider study of prehistory in New England by I. McBryde. Site was large midden on north bank of Clarence River between Wombah and Woody Head, now some 8 miles inland. Several parts of the midden were already destroyed through development at time of excavation. Eight test pits were excavated in 1963 and 1964. Four main levels were identified with levels I-IIIA retaining the bulk of the assemblage, levels VIII-VII also retained a significant number, level VI was culturally sterile, level IV was basal clear sand, but did retain some artefacts (perhaps tread-in) (note: levels are numerically recorded - from top to bottom levels were I, II, IIA, V, VI, VII, VIII, III, IV). The midden was dominated by oyster with lesser fish and animal bones. Site retained few artefacts and included pebble artefacts, groud-edge axes, some utilised and retouched flakes and a few bone points. No fish hooks or files were evident. . Concentration of shell in lower part of main layer. In association with part of broken ground edge implement.",c14,,3040,,,,AUSTRALIA
10352,Flinders Lofty Block,139.45,-32.02,Cons Bore Hearth 3,Hearth,Gak-9886,3930,120,,,Charcoal,Charcoal,buried hearth 60 cm bs,,Radiocarbon,,Terrestrial,Open,Y,Nobbs 1983,,c14,,3930,,,,AUSTRALIA
11997,Murray Darling Depression,139.63,-34.31,Roonka Flat Dune,Open site,ANU-407,3930,120,,,Charcoal,Charcoal,SU III,93-135,Radiocarbon,,Terrestrial,Open,Y,"Pretty, 1977","Investigtations of a 16km stretch of the Murray River, south of Blanchetown. Excavations of a source-bordering dune adjacent the river uncovered extensive human burials, as well as hearths and other occupation debris. This sample relates to a burial ('Grave 48') and was associated with Roonka phase III.",c14,,3930,,,,AUSTRALIA
10058,Murray Darling Depression,141.15,-34.1,Lindsay Island,Burial,ANU-7500,4110,120,,,Freshwater shell,Freshwater Shell,,,Radiocarbon,,Terrestrial,Open,Y,"Pardoe, 1993",Part of a wider study reviewing ages of skeletal remains along the Murray-Darling River.,c14,,4110,,,,AUSTRALIA
10879,NSW North Coast,152.92,-30.93,Clybucca 3,Midden,SUA-275,4260,120,,,Charcoal,Charcoal,CLY3.72.102,60-70,Radiocarbon,,Terrestrial,Open,Y,"Gillespie & Temple, 1979, Connah, 1975","Samples taken from midden on a sand ridge at the head of a bay in a Pleistocene shoreline, some 10km inland from present day shoreline. Midden was composed primarily of oyster and cockle shells, as well as backed blade industry and minor worked bone. Animal bone was also present and a fragmented human burial.",c14,,4260,,,,AUSTRALIA
10354,Flinders Lofty Block,139.45,-32.02,Ethiadina Hearth 1,Hearth,Gak-9887,4280,120,,,Charcoal,Charcoal,buried hearth ~40 cm bs,,Radiocarbon,,Terrestrial,Open,Y,Nobbs 1983,,c14,,4280,,,,AUSTRALIA
11377,Tasmanian South East,147.98,-42.32,Little Swanport (LSII),Midden,ANU-356,4490,120,,,Charcoal,Charcoal,,,Radiocarbon,,Terrestrial,Open,Y,"Lourandos, 1977","A midden located in Swanport. This sample is a basal date, with evidence of occupation until recent times. The midden was dominated by predominantly estuarine shellfish and ashy hearths. Lounrandos discusses the site in the context of stone tools, the high percentage of retouched flakes (52%) suggesting the site's use for hunting of forest mammals as well.",c14,,4490,Information within this entry has been inferred by authors - see Notes,,,AUSTRALIA
10993,South East Coastal Plain,142.36,-38.343,Armstrong Bay,Midden,GaK-610,5120,120,,,Charcoal,Charcoal,,,Radiocarbon,,Terrestrial,Open,Y,"Lourandos and Williams various cit. Attenbrow, 2004; Gill, 1971 cit. Bird & Frankel, 1991; Lourandos, 1983",Dates the latest of two archaeological deposits evident at Armstrong  Bay. Upper deposit included bone points. The midden indicates exploitation of rock platform shellfish with no evidence of sandy beach animals over a period of 2500-3000 years in the late Holocene. Lourandos (1983) identifies this site as Tower Hill Beach,c14,,5120,Information within this entry has been inferred by authors - see Notes,,,AUSTRALIA
14829,Tasmanian South East,147.33,-42.84,Shag Bay,Rockshelter with midden deposits,Gak-5425,5300,120,,,Charcoal,Charcoal,SB 2/15,,Radiocarbon,,Terrestrial,Closed,Y,"Vanderwal et al., 1977","A rockshelter on  Shag Bay, opposite New Town Bay and several hundred metres north of Geilston Bay, part of the Derwent Estuary, Tasmania. A 12 m x 3 m rockshelter some 15 m upslope from the bay. A 1 x 3 m trench was excavated into the rockshelter and revealed a narrow band of midden deposit between two sterile roof debris deposits. The site was heavily disturbed through animal burrows and pot-holes, although a recent overburden deposit was evident on the surface up to 1 m thick in places. The midden deposit was 25 cm thick and also contained ash and charcoal. The midden was composed of almost exclusively estuarine species and dominated by Mytilus planulatus (with MNI's of 2,260 and 1,590 in two consecutive spits) followed by various other limpet species. Few mud oysters were present. Two stone artefacts were also recovered. This sample dates the base of the midden deposit and suggests a total occupation period of only 700 years.",c14,,5300,,,,AUSTRALIA
12000,Murray Darling Depression,139.63,-34.31,Roonka Flat Dune,Open site,Z-2001,5610,120,,,Charcoal,Charcoal,RA 108,69-156,Radiocarbon,,Terrestrial,Open,Y,"Pate et al., 1998","A follow-up study of the Roonka Flat burial ground. Pate indicates that some 147 burials had been recovered primarily from Trench A. The trench was 30 x 15 m in size and reached depths of 6-7 m. Most of the burials were constrained to the upper 2 m. The data indicates that the area was used exclusively for burials between 10 - 7 ka before other camp activities occurred concurrently with the burials after 7 ka. The paper concludes that most burials occurred through the late Holocene after 6 ka. This date was taken from skeleton RA 108, a recumbent contracted burial. From the same burial as Z-2002.",c14,,5610,,,,AUSTRALIA
10994,South East Coastal Plain,142.36,-38.343,Armstrong Bay,Midden,GaK-1729,5680,120,,,Charcoal,Charcoal,,,Radiocarbon,,Terrestrial,Open,Y,"Gill, 1971 cit. Bird & Frankel, 1991",Dates the latest of two archaeological deposits evident at Armstrong  Bay. Upper deposit included bone points. The midden indicates exploitation of rock platform shellfish with no evidence of sandy beach animals over a period of 2500-3000 years in the late Holocene.,c14,,5680,Information within this entry has been inferred by authors - see Notes,,,AUSTRALIA
13958,Sydney Basin,151.03,-33.76,Darling Mills SF2,Rockshelter,Wk-2963,6740,120,,,Charcoal,Charcoal,Sq.13-14H/10 (?layer II lower),33-37,Radiocarbon,,Terrestrial,Closed,Y,"Attenbrow, 1993","A rockshelter located in Darling Mills Stage Forest (now Bidjigal Reserve). Excavation included several areas of the shelter to levels up to 90 cm in depth (although archaeological material was only found to 70 cm). The site was divided into three units (all containing artefacts): layer I was a disturbed deposit with European and Aboriginal finds; Layer II was composed of sandy deposits with Aboriginal finds; and layer III was the basal yellow brownish sandy deposit (sterile?). Two different sets of radiocarbon determinations were undertaken on this site following age inversions with samples taken in 1992. Wk-2513, Wk-2701 and Wk-2511 were undertaken first, with the remaining to firm up this chronology. Despite additional dates, the chronology still appears problematic, although it appears the main unit of archaeology (layer II) could be dated to c. 2.5 ka with some evidence of deposits greater than this. Attenbrow considers the 6 ka and 10 ka dates, Wk-2694 and Wk-2511, reliable for the base of layer II, however no disconformities or other hiatus could be observed as to why such a different age was evident. Further, layer II is dominated by Bondaian assemblage with no evidence of earlier technologies. Disturbance was evident within the deposit.",c14,,6740,,,,AUSTRALIA
14047,Sydney Basin,150.36,-34.26,RC-PAD (Mount Flora - Nattai National Park),Rockshelter,Beta-65750,7550,120,,,Charcoal,Charcoal,,80-85,Radiocarbon,,Terrestrial,Closed,Y,"Rich, 1993 cit. Jo McDonald Cultural Heritage Management Pty Ltd, 2003","A rockshelter site referred to as part of a background review on another project. The site is referred to as RC-PAD as well as Mount Flora. The site indicates an early co-dominance of silcrete, chert and quartz raw materials (before 2,230 +/- 80). Irregular use of these raw materials occurred until a quartz dominance in the last 1,500 years. Backed blades were evident throughout the sequence, including at the lowest depths (although these were originally considered displaced, more recent evidence suggests there may have been in situ and date to 7,500 years BP), and a proliferation between 20-45cm. Two ground edge artefacts were found between 10-20cm. Flake tools were found throughout with increasing thickness below 40 cm. Bipolar flaking was also evident in higher depths (5-30 cm).",c14,,7550,Information within this entry has been inferred by authors - see Notes,,,AUSTRALIA
10466,Naracoorte Coastal Plain,140.01,-37.49,Cape Martin,Hearth,R-55/4,8700,120,,,Charcoal,Charcoal,,,Radiocarbon,,Terrestrial,Open,Y,"Tindale, 1957a; Mulvaney, 1961; Bird & Frankel, 1991",Date taken from a hearth within a dune found in association with implements from the 'Tartangan culture'. Bird & Frankel (1991) provides a lab code of NZ-69.,c14,,8700,,,,AUSTRALIA
12072,Naracoorte Coastal Plain,140.29,-37.65,Wyrie Swamp,Open site,ANU-1192B,9010,120,,,Charcoal,Charcoal,,,Radiocarbon,,Terrestrial,Open,Y,"Luebbers, 1978 cit. Bird & Frankel, 1991","A study (Bird & Frankel, 1991) using radiometric dates of southwest Victoria as a proxy for occupation/activity. The paper concludes that late Holocene intensification, at least from a social perspective perspective, was not the case. However, the paper does show increasing numbers of dates (n=80) in the late Holocene. Interesting features of the study include an apparent hiatus between 6-7ka and the appearance of earth mounds only in the last 2.5ka. This sample was found in association with a chert flake.",c14,,9010,,,,AUSTRALIA
10464,Murray Darling Depression,145.5,-33.2,Willandra Creek (WCW-3),Hearth,SUA 871,9390,120,,,Charcoal from hearth,Charcoal,,,Radiocarbon,,Terrestrial,Open,Y,"Clark 1987, Johnston & Clark 1998",,c14,,9390,,,,AUSTRALIA
14110,Tasmanian Central Highlands,146.08,-41.7,Parmerpar Meethaner,Rockshelter,Beta-52808,10370,120,,,Charcoal,Charcoal,"Sq. A, spit 14, unit 2",70,Radiocarbon,,Terrestrial,Closed,Y,"Cosgrove, 1995","A rockshelter with extensive talus slope on the edge of Forth River, south of the Lemonthyme power station. The shelter is about 12 m above the river floor; the talus is composed of quartzite soil and rubble. Excavated originally in the 1990's by Sue Kee and subsequently by La Trobe Univesity, initial investigations recovered no cultural remains. Subsequent field seasons reached over 2m of deposit before sterile deposits were reached. Surface finds included bone, artefacts and European material; at 90 cm quartz thumbnail scrapers were recovered (indicative of Late Pleistocene). A total of about 2.5 sq. m was excavated. The excavations revealed seven stratigraphic units, most of which retained artefactual material, charcoal and bone, as well as frequent layers of ash and charcoal. Unit 7 was sterile. Artefact discard rates indicate increased numbers between c. 34 - 28 ka - the period of initial occupation; at c. 21ka, a hiatus occurs with a steady rise from c.18 - 13ka, peaking at c.14.25 ka; with dramatic drop in discard after 10 ka; a last slight increase occurs at c. 3ka. Artefacts in the pre-18ka were composed of large quartzite flakes from river cobbles, with a presence of quartz; quartz becomes dominant (c.95%) between c.15-10ka; hornfels increase from 10ka and dominate after 3.5ka. Thumbnail scrapers occur between c.21 - 28ka, increasing between 18-10 ka with the appearance end scrapers.  Faunal remains included pademelon, wombat, potaroo, snake, lizard, fish, bird and marsupial mouse, and were frequently burnt. This site shows one of the few examples of continuous occupation through the LGM into the late Holocene.",c14,,10370,,,,AUSTRALIA
14111,Tasmanian Central Highlands,146.08,-41.7,Parmerpar Meethaner,Rockshelter,Beta-52813,10380,120,,,Charcoal,Charcoal,"Sq. B, spit 23, unit 2",85,Radiocarbon,,Terrestrial,Closed,Y,"Cosgrove, 1995","A rockshelter with extensive talus slope on the edge of Forth River, south of the Lemonthyme power station. The shelter is about 12 m above the river floor; the talus is composed of quartzite soil and rubble. Excavated originally in the 1990's by Sue Kee and subsequently by La Trobe Univesity, initial investigations recovered no cultural remains. Subsequent field seasons reached over 2m of deposit before sterile deposits were reached. Surface finds included bone, artefacts and European material; at 90 cm quartz thumbnail scrapers were recovered (indicative of Late Pleistocene). A total of about 2.5 sq. m was excavated. The excavations revealed seven stratigraphic units, most of which retained artefactual material, charcoal and bone, as well as frequent layers of ash and charcoal. Unit 7 was sterile. Artefact discard rates indicate increased numbers between c. 34 - 28 ka - the period of initial occupation; at c. 21ka, a hiatus occurs with a steady rise from c.18 - 13ka, peaking at c.14.25 ka; with dramatic drop in discard after 10 ka; a last slight increase occurs at c. 3ka. Artefacts in the pre-18ka were composed of large quartzite flakes from river cobbles, with a presence of quartz; quartz becomes dominant (c.95%) between c.15-10ka; hornfels increase from 10ka and dominate after 3.5ka. Thumbnail scrapers occur between c.21 - 28ka, increasing between 18-10 ka with the appearance end scrapers.  Faunal remains included pademelon, wombat, potaroo, snake, lizard, fish, bird and marsupial mouse, and were frequently burnt. This site shows one of the few examples of continuous occupation through the LGM into the late Holocene.",c14,,10380,,,,AUSTRALIA
14428,Warren,115.07,-34.15,Devils Lair,Rockshelter,OZD-322,13300,120,,,Charcoal,Charcoal,Hearth 2,102,Radiocarbon,,Terrestrial,Closed,Y,"Turney et al., 2001","A deep limestone cave containing deep earthy deposits, which has been excavated since 1955. Deposits consist of various flowstones capping earthy and silty clay units; the flowstones have been used to indicate the start/end of deposits. Artefact assemblage included quartz, chert and limestone materials and animal bone and were present over most of the last 12,000 years. Site also includes numerous bone points, some of them in association with radiocarbon dates of 19,000 BP. Direct occupation is evident living floors associated with hearth 1 and Pits 1  (c. 220 cm below surface) and 2 (c.210 cm below surface). The lowest evidence of continued occupation was at layer 30, with only sparse artefactual remains between layers 31-38, and sterile deposits between layers 39 - 51. This sample formed part of a larger inter-disciplinary study to clarify the lower deposits of the shelter. The study indicated that the initial occupation was as early as 48ka, with main occupation of the shelter by c. 40ka.",c14,,13300,,,,AUSTRALIA
14388,Victoria Midlands,142.67,-37.3,Drual DR/1 Grampians,Rockshelter,Beta-88522,15840,120,,,Charcoal,Charcoal,"Sq. C4, spit 11 (AHU-31)",,Radiocarbon,,Terrestrial,Closed,Y,Bird et al. 1998,"A very large rockshelter located in the Grampians that contains both red and white paintings. Four 1 x 1 sq. m were excavated and revealed deposits up to 70 cm deep. The sequence could be divided into two units. The upper unit comprises of several layers of sandy sediments, which are rich in organic material, including charcoal and plant fragments. Hearths and burrows were also evident. Lower unit retains less organic material. Stone artefacts were found throughout. One date was previously found in the upper part of the site (SUA-535).",c14,,15840,Information within this entry has been inferred by authors - see Notes,,,AUSTRALIA
14206,Tasmanian West,145.7,-41.69,Mackintosh 90/1 (TAS #4551),Rockshelter,Beta-54736,16200,120,,,Charcoal,Charcoal,SU II,,Radiocarbon,,Terrestrial,Closed,Y,"Portch, 1992 cit. Allen & Cosgrove, 1996","A follow up study of the Mackintosh 90/1 rockshelter excavated by Stern and Marshall (1993). A further five radiocarbon dates were obtained from horizon II - the only stratigraphic unit within the shelter containing cultural materials. These further results broadly agree with the earlier work, but suggest an earlier occupation of the site (pushing it into the LGM, rather than post LGM). Portch further re-classified horizon II into two units: Layer 1 dating from c. 20 - 14ka, and layer 2 dating to c.15 - 14ka (errors in the ages accounting for the overlap). Portch further identified a layer 3, which formed part of Stern and Marshall's horizon II and III; this layer contained hearths and was dated to c.15-10ka. Some suggestion that the site was used into the Holocene is also inferred.",c14,,16200,Information within this entry has been inferred by authors - see Notes,,,AUSTRALIA
14942,Darwin Coastal,130.8,-12.5,MA21,Shell mound,Wk-10961,1496,122,,,Charcoal,Charcoal,,30,Radiocarbon,,Terrestrial,Open,Y,"Bourke & Crassweller, 2006; Brockwell et al., 2009",,c14,,1496,Information within this entry has been inferred by authors - see Notes,,,AUSTRALIA
12461,Victoria Bonaparte,129,-15.38,Karlinga (Karl-3),Open site,Wk-10789,3619,122,,,Charcoal,Charcoal,Spit 20,100,Radiocarbon,,Terrestrial,Closed,Y,"Ward et al., 2006","Excavation recovered 973 artefacts (including 216 whole flakes and 8 stone points) and 15 pieces of ochre. Artefacts per litre peak in this site between 200 - 155 cm (their highest levels for the whole sequence) - around 9-10,000 yrs BP - and between 60 and 80 cm - around 2,500 yrs BP. Drops in artefact assemblage occur most notably between 100 and 150 cm (between 9-3,000 yr BP) and 50-60 cm (around 2,000 yrs BP). In addition, there is no evidence of a significant increase in the upper sequence, the values remain high, but are lower than the peaks identified above. Earliest artefacts appear at 240 cm (abour 19-18, 000 yrs BP). These dates need to be compared with OSL/TL dates undertaken as part of this study. In general, the study found unifacial/bifacial points occurred in the sandsheets (open site here) <3680 and >2100 yr BP and before 900 BP in the rockshelters. Sandsheets revealed occupation much earlier than the rockshelters - Goorurarmum sand sheet reveals the lowest artefact and ochre just below 14,300 +/- 400 yr BP (OSL), versus the rockshelter, which shows basal ages of 600 +/ 200 yr BP. In Karlinga, stone artefacts are recovered from the sand sheet at about 19,000 yr BP versus the rockshelter at <4,100 yr BP.",c14,,3619,,,,AUSTRALIA
13964,Sydney Basin,151.11,-33.14,Dingo and Horned Anthromorph,Rockshelter,GX-0069,144,125,,,Charcoal,Charcoal,,3.7-4.0,Radiocarbon,,Terrestrial,Closed,Y,"Macintosh, 1965","Date taken from the excavation of the southern rockshelter (of two shelters). An excavation was undertaken within a shelter with several art motifs. Excavations reached bedrock at 30cm and revealed a highly stratified deposits. Minimal artefacts were found, all of Bondaian industry. Of interest was an ochre layer, which appeared to correspond with the art motifs in the shelter. This layer was just below GX-0070, a closed hearth. Conclusions indicated that two different phases of art were present based on the colour of the ochre with a hiatus in between (i.e. in between GX-0069 and GX-0070).  This sample dates the surface of the occupation deposits and also had an age of 120 +/- 155 referenced.",c14,,144,,,,AUSTRALIA
10009,Brigalow Belt South,149.84,-29.46,Greenbah Station burials,Burial,GX-2669,2285,125,,,Charcoal,Charcoal,,,Radiocarbon,,Terrestrial,Open,Y,"McBryde, 1973","This sample comes from deposits associated with four - five skeletons identified and recovered following their accidental exposure in the excavation of a 'soil pit' just north of the Greenbah Station homestead near Moree. Most of the bones were disturbed, but one body was recovered wrapped in a bundle in a flexed position on its side with head to the north and facing east. All of the bones were found at about three feet depth. A further date of GX-2670 was ran but returned no date. The reference for this date is situated in a long correspondence between NSW National Parks and Wildlife Service, McBryde and de Bavay.",c14,,2285,Information within this entry has been inferred by authors - see Notes,,,AUSTRALIA
13123,Darwin Coastal,132.57,-12.3,Ngarradj Warde Djobkeng ('the cockatoo cut it'),Rockshelter,SUA-164,3450,125,,,Charcoal,Charcoal,"B1-1/5. Spit II, level 5 (near base)",71.5-75.5,Radiocarbon,,Terrestrial,Closed,Y,"Gillespie & Temple, 1976; Shrire, 1982; Brockwell & Ackermann, 2007; Jones & Negrevich, 1985","Dates base of midden at site. Upper midden is associated with fragments of ground edge axes, rectangular scrapers/adzes, stone points, shell artefacts and bone points.",c14,,3450,,,,AUSTRALIA
13063,Darwin Coastal,132.59,-13.02,Leichardt Site,Rockshelter,SUA-244,5045,125,,,Charcoal,Charcoal,DA-1/14-16. Yellowish red sand,70-90,Radiocarbon,,Terrestrial,Closed,Y,"Jones & Negrevich, 1985; Gillespie & Temple, 1976","Date taken from earliest evidence of occupation in the site, and corresponds with 'Upper Phase"" industries of western Arnhem Land.",c14,,5045,,,,AUSTRALIA
10072,Murray Darling Depression,144.3,-33.38,Mossigel burial,Burial,Not given,6010,125,,,Bone carbonate,Bone,,,Radiocarbon,,Terrestrial,Open,Y,"Freedman, 1985; Pardoe & Webb, 1986, Pardoe, 1993",Skeleton published by Macintosh. Burial in flexed position eroding from a clay pan and found in association with hearths and other artefacts. The skeleton was largely intact and reflected an adult male.  This date reflects a minimum age of the skeleton.,c14,,6010,Information within this entry has been inferred by authors - see Notes,,,AUSTRALIA
13586,NSW South Western Slopes,150.34,-33.1,Capertee (Site 3),Rockshelter,V-18,7360,125,,,Charcoal,Charcoal,Layers 8-9,"68-76""",Radiocarbon,,Terrestrial,Closed,Y,"McCarthy, 1964 cit. Flood, 1983, Bermingham, 1966; Megaw, 1968","Basal age of site. Associated with 'Capertian' phase of the Eastern Regional Sequence. Sample from a hearth at bottom of deposit with large primary flakes and blade implments with dentated edges. No bone material present. The assemblage from this site was revisited by Hiscock who demonstrated that backed blades were older (6-7ka) and that the proliferation occurred between 3.5-1.5 ka (Hiscock & Attenbrow, 2004)",c14,,7360,,,,AUSTRALIA
13126,Darwin Coastal,132.57,-12.3,Ngarradj Warde Djobkeng ('the cockatoo cut it'),Rockshelter,SUA-165,8690,125,,,Charcoal,Charcoal,B-1/10. Brown sandy deposit (near base),175.5-179.5,Radiocarbon,,Terrestrial,Closed,Y,"Gillespie & Temple, 1976 cit. Shrire, 1982; Jones & Negrevich, 1985","Date from sandy unit with ground edge axe, utilised and retouched flakes, and pieces of ochre. This date represents a median age of this deposit.",c14,,8690,,,,AUSTRALIA
10098,Riverina,144.3,-35.96,Kow Swamp,Burial,ANU-869,10930,125,,,Freshwater shell,Freshwater Shell,,,Radiocarbon,,Terrestrial,Open,Y,"Thorne, 1975 cit. Godfrey et al., 1996",A series of samples noted in a wider study of Victorian radiocarbon dates. This sample is referred to as a shell sample coming from burial 14.,c14,,10930,,,,AUSTRALIA
14021,Sydney Basin,151.12,-33.19,Loggers Shelter,Rockshelter,SUA-931,11050,125,,,Charcoal,Charcoal,LS/F/20-21,,Radiocarbon,,Terrestrial,Closed,Y,"Attenbrow, 1980, 1982; 2004",One of five key sites dug as part of Attenbrow's wider Upper Mangrove Creek investigations. The site was a rockshelter containing a complete Eastern Regional Sequence assemblage from ca. 11ka. Some faunal remains present too. One of the oldest sites in the Upper Mangrove Creek region. Basal age at site.,c14,,11050,,,,AUSTRALIA
11841,Murray Darling Depression,142.85,-35.23,Box Gully (Lake Tyrell),Open site,Wk-166,22015,125,,,Charcoal,Charcoal,"Sq. 1, Stratum 4",,Radiocarbon,,Terrestrial,Open,Y,"Richards et al., 2007","A lunette situated north of Lake Tyrell near Swan Hill. The focus of occupation was within stratum 4 of the lower lunette about 1 m below the surface and dated to c. 26-32ka. Hearth features, artefacts and remains of bettongs, hare-wallabies, shingle-backed lizard and freshwater mussel were all recovered. Artefacts totalled 14 and were dominated by silcrete with some quartz and chert; technology was simple and indicated early reduction. The findings suggest a short ocucpation through the LGM with adaptions to severe climate stress. Abandonment of the site occurred shortly after, with some evidence of occupation in stratum 5 (a single chert flake) as early as 40ka.",c14,,22015,,,,AUSTRALIA
10294,Broken Hill Complex,141.6,-31.3,Fowlers Gap (ND13),Hearth,Wk-9341,709,128,,,Charcoal,Charcoal,Hearth,,Radiocarbon,,Terrestrial,Open,Y,Fanning et al. 2007,A precursor study to Holdaway et al 2008. Similar findings,c14,,709,,,,AUSTRALIA
10522,Victoria Midlands,144.83,-37.73,Brimbank Park,Hearth,Wk-23579,12422,128,,,Charcoal,Charcoal,"Strip 3, spit 30",c. 272,Radiocarbon,,Terrestrial,Open,Y,Canning et al. 2011,"Sample taken from a hearth as part of a consulting project in the Keilor Terrace. Sample comes from a hearth in the centre of the Keilor Terrace and was found in association with hearth stones, charcoal, bones and artefacts.",c14,,12422,,,,AUSTRALIA
10544,Arnhem Coast,134.8,-12,Aningarra,Midden,ANU-2013,310,130,,,Charcoal,Charcoal,,,Radiocarbon,,Terrestrial,Open,Y,"Brockwell et al., 2009",,c14,,310,Information within this entry has been inferred by authors - see Notes,,,AUSTRALIA
10911,NSW North Coast,153.45,-29.15,South Beach Evans Head,Midden,GaK-3433,350,130,,,Charcoal,Charcoal,,,Radiocarbon,,Terrestrial,Open,Y,McBryde 1982 cit. Brown 2005,Sample taken from an eroding shell midden within the dunes south of Schnapper Point.,c14,,350,Information within this entry has been inferred by authors - see Notes,,,AUSTRALIA
10172,Darwin Coastal,130.8,-12.5,MP (Middle Point) 2,Earth mound,Wk-8452,460,130,,,Charcoal,Charcoal,Spit 7,31-35,Radiocarbon,,Terrestrial,Open,Y,"Brockwell, 2006a, 2006b, 2009; Brockwell & Ackermann, 2007",Brockwell relates this to the late Freshwater environmental phase of the Adelaide River,c14,,460,Information within this entry has been inferred by authors - see Notes,,,AUSTRALIA
13560,NSW North Coast,151.2,-30.53,Bendemeer Site 1,Rockshelter,GaK-706,500,130,,,Charcoal,Charcoal,"Tr. 1, zone k, level IIIA","6-12""",Radiocarbon,,Terrestrial,Closed,Y,"Kigoshi, 1967; McBryde, 1966, 1974","Part of a wider study of prehistory in New England by I. McBryde. Four main levels were identified, I, II, IIIA and IIIB (level IIIC is also referenced, but not discussed). A large artefact assemblage was recovered primiarly occurring in IIIA and IIIB. The assemblage was predomiantly of blade tools, including Bondi points and geometric microlithis, as well as fabricators, eloureas, burins, scrapers and edge-ground tools.",c14,,500,,,,AUSTRALIA
11016,South East Coastal Plain,142.35,-38.32,Dura Midden 2,Midden,ANU-6450,590,130,,,Charcoal,Charcoal,"Sq PF2, spit 9",50,Radiocarbon,,Terrestrial,Open,Y,"Marshall, 1988 cit. Bird & Frankel, 1991","A study (Bird & Frankel, 1991) using radiometric dates of southwest Victoria as a proxy for occupation/activity. The paper concludes that late Holocene intensification, at least from a social perspective perspective, was not the case. However, the paper does show increasing numbers of dates (n=80) in the late Holocene. Interesting features of the study include an apparent hiatus between 6-7ka and the appearance of earth mounds only in the last 2.5ka.",c14,,590,,,,AUSTRALIA
10316,Channel Country,142.3,-29.41,Stud Creek,Hearth,Wk-6627,630,130,-22,0.2,Charcoal from hearth,Charcoal,H98-59,,Radiocarbon,,Terrestrial,Open,Y,Holdaway et al. 2002,,c14,,630,,,,AUSTRALIA
10355,Flinders Lofty Block,139.45,-32.02,Ethiadina Hearth 2,Hearth,Gak-9888,850,130,,,Charcoal,Charcoal,hearth (surface),,Radiocarbon,,Terrestrial,Open,Y,Nobbs 1983,,c14,,850,,,,AUSTRALIA
10324,Channel Country,142.3,-29.41,Stud Creek,Hearth,Wk-6629,1170,130,-23,0.2,Charcoal from hearth,Charcoal,H98-65,,Radiocarbon,,Terrestrial,Open,Y,Holdaway et al. 2002,,c14,,1170,,,,AUSTRALIA
10188,Riverina,143.38,-35.17,DP/1 (75271/003),Earth mound,SUA-997,1375,130,,,Charcoal,Charcoal,Layer 5/6 interface,,Radiocarbon,,Terrestrial,Open,Y,"Coutts et al. 1979; Coutts, 1980","An earth mound excavated in Nyah forest on the Murray River near Swan Hill. The site is 600 m from Murray River and 250 m from Parne Milloo. The earth mound was 50 m in diameter and 1 m high at its apex. The upper deposits had been impacted by rabbits and rabbit trappers. Excavation of three test pits revealed six layers. Artefacts were sparse and included one chert and four quartz flakes, one flint core, one quartz tool, one waterworn pebble, one amorphous artefact (possibly ground), three freshwater shell fragments possibly worked and four broken bone bi-points. The nearest known chert is over 100 km from the site. Fish bone, freshwater mussel, gastroliths, burnt clay pellets and emu eggshell were also present. A skeleton was also identified heavily disturbed in layer 1. The bones of this body revealed initial desiccation followed by covering in ochre and cremation.",c14,,1375,,,,AUSTRALIA
11428,Victoria Volcanic Plain,143.55,-38.85,"Seal Point, Cape Otoway",Midden,SUA-552,1420,130,,,Charcoal,Charcoal,,,Radiocarbon,,Terrestrial,Open,Y,"Bowdler, 1982; Lourandos, 1980 cit. Bird & Frankel, 1991; Lournados, 1983","Basal age of large midden (400 m x 100 m x 1.5 m deep). Midden is dominated by shellfish (dominated by Subninella undulata followed by Cellana sp, Brachidontes rostratus and Notahaliotis ruber) with seal bones (southern elephant seal and fur seal) and land mammals (dominated by ring tailed possum followed by various wallabies) and fish bones (dominated by parrot fish). Artefacts found throughout the deposit made from easily accessible flint, quartzite abd quartz. Flakes show little retouch and were considered to indicate low levels of woodworking. A range of bone tools also found. Occupation had two peaks of occupation followed by a period of declining use. Different exploitation was evident through time - elephant seals were more prevalent in the lower unit versus fur seals in the upper unit; land mammals and fish increase through time indicating more intense use, possible also relates to depletion of seal since similar trend found at Glennie Island.",c14,,1420,,,,AUSTRALIA
10404,Murray Darling Depression,143.1,-33.8,Lake Mungo (ML-20),Hearth,ANU 4135,1490,130,,,Charcoal from hearth,Charcoal,,,Radiocarbon,,Terrestrial,Open,Y,"Clark 1987, Johnston & Clark 1998",,c14,,1490,,,,AUSTRALIA
13940,Sydney Basin,151.11,-34.15,Curracurrang (1CU5/-),Rockshelter,GaK-481,1580,130,,,Scattered charcoal,Charcoal,"Cuttings 10 and 15, layer B","27""",Radiocarbon,,Terrestrial,Closed,Y,"Kigoshi & Kobayahsi, 1965; Megaw, 1965, 1968","A larger sandstone rockshleter in the Royal National Park, south of Sydney. The shelter retained a tripartite sequence (Elouera-Bondaian-Capertian) and was one of the key sites in the 1960's and 1970's regarding the discussion/timing of these different typological assemblages. The site retained three main sedimentary units: 1) the upper layer was a consisted of a lightly packed midden with marine, fish and some non-human bones; this layer did not extend far beyond the dripline; 2) a layer of dark brown unctuous soil with no bone or shell; this unit extends beyond the dripline, but is deepest (1'3"") and highest artefact densities are in the rockshelter; and 3) clayey decomposed sandstone matrix (1'6"" in depth) derived from weathering bedrock. Most recent level of occupation for the site. Identified as a date relating to Bondaian industry.",c14,,1580,,,,AUSTRALIA
12390,Sydney Basin,150.65,-33.76,Jamison Creek (JC/A3a-12),Open site,SUA-1232,1590,130,-25,2,Scattered charcoal,Charcoal,"Sq. A3a, spit 12",90-100,Radiocarbon,,Terrestrial,Open,Y,"Kohen, 1981","An open site on Jamisons creek, south of the M4 Motorway and north of Leonay golf course,  Emu Plains, NSW. Excavations were undertaken of a large body of sand adjacent the creek. 5.3 sq m recovered 867 artefacts from two broad phases. Soil units 1 -3 were considered Bondaian, soil unit 4 was Capertian. Bondi points, bipolar pieces and retouched flakes were all only found in the upper phase. Bone and freshwater mussel were also found, as well as worked piece of cockle shell. Artefacts were dominated by chert (70+ %) with lesser proportions of silcrete (<10%), quartz, basalt and quartzite. Occupation appeared to occur until the 19th Century. Excavations reached depths of 140 cm. Dates phase I, the younger, of two deposits at this site. Date was much younger than expected, possibly due to multiple charcoal samples.",c14,,1590,,,,AUSTRALIA
11028,South East Coastal Plain,142.35,-38.32,Goose Lagoon Midden,Midden,V-5,1830,130,,,Charcoal,Charcoal,,,Radiocarbon,,Terrestrial,Open,Y,"Science Museum of Victoria cit. Godfrey et al., 1996",From an Aboriginal midden on a 25-ft emerged shoreline. This sample was analysed mutliple times (n=4). All duplicates are identified as V-5. No information on the preferred date is indicated.,c14,,1830,,,,AUSTRALIA
10204,South East Coastal Plain,142.52,-37.96,McArthur 6,Earth mound,ANU-3888,1870,130,,,Charcoal,Charcoal,"Unit 3, Upper part",,Radiocarbon,,Terrestrial,Open,Y,"Williams 1985, cit. Bird & Frankel, 1991","A study (Bird & Frankel, 1991) using radiometric dates of southwest Victoria as a proxy for occupation/activity. The paper concludes that late Holocene intensification, at least from a social perspective perspective, was not the case. However, the paper does show increasing numbers of dates (n=80) in the late Holocene. Interesting features of the study include an apparent hiatus between 6-7ka and the appearance of earth mounds only in the last 2.5ka. Earth mounds have several different interpretations, including house foundations and/or a byproduct of repeated visitation and cooking and/or through collapse of sod/turf structures.",c14,,1870,,,,AUSTRALIA
10476,Simpson Strzelecki Dunefields,137.16,-26.41,Marapadi,Hearth,ANU-7683,2710,130,,,Charcoal from hearth,Charcoal,MPI/1,,Radiocarbon,,Terrestrial,Open,Y,Smith & Clark 1993,,c14,,2710,,,,AUSTRALIA
10920,NSW North Coast,153.17,-29.22,Wombah 1,Midden,GaK-376,2870,130,,,Charcoal,Charcoal,"Sq. (e), layer VIII","29""",Radiocarbon,,Terrestrial,Open,Y,"Kigoshi et al, 1966; McBryde, 1966, 1974","Part of a wider study of prehistory in New England by I. McBryde. Site was large midden on north bank of Clarence River between Wombah and Woody Head, now some 8 miles inland. Several parts of the midden were already destroyed through development at time of excavation. Eight test pits were excavated in 1963 and 1964. Four main levels were identified with levels I-IIIA retaining the bulk of the assemblage, levels VIII-VII also retained a significant number, level VI was culturally sterile, level IV was basal clear sand, but did retain some artefacts (perhaps tread-in) (note: levels are numerically recorded - from top to bottom levels were I, II, IIA, V, VI, VII, VIII, III, IV). The midden was dominated by oyster with lesser fish and animal bones. Site retained few artefacts and included pebble artefacts, groud-edge axes, some utilised and retouched flakes and a few bone points. No fish hooks or files were evident.  Date is stratigraphically comparable with GaK-375 and represents the earliest occupation of the site",c14,,2870,,,,AUSTRALIA
14100,Sydney Basin,150.97,-33.36,MR/1,Rockshelter,SUA-676,3650,130,,,Scattered charcoal,Charcoal,"Sq. BB spit 10, and CC spits 8-10",,Radiocarbon,,Terrestrial,Closed,Y,Moore 1981,"Combination of scattered charcoal across two test pits to identify the age of archaeological material on the talus slope of the site. Undertaken since it was thought the shelter had collapsed burying an earlier deposit on what is now the talus slope. However, demonstrated the inside and outside deposits were contemporaneous.",c14,,3650,,,,AUSTRALIA
11349,Tasmanian South East,147.65,-42.88,Carlton Bluff,Midden,Beta-2854,5760,130,,,Charcoal,Charcoal,RCI,,Radiocarbon,,Terrestrial,Open,Y,"Attenbrow, 1999",A midden originally investigated in the 1960's by Reber and one of the earliest dated sites at the time. This sample was a follow up date taken by Lourandos and Murray,c14,,5760,Information within this entry has been inferred by authors - see Notes,,,AUSTRALIA
11357,Tasmanian South East,147.26,-42.77,Old Beach Midden,Midden,SUA-306,5800,130,,,Charcoal,Charcoal,,35,Radiocarbon,,Terrestrial,Open,Y,"Gillespie, 1977; Sigleo et al., 1975 cit. Stockton, 1981.",Part of a coupled marine-charcoal calibration at this site. Sigleo et al. refer to this sample as coming from a hearth.,c14,,5800,,,,AUSTRALIA
13500,Naracoorte Coastal Plain,141.41,-38.32,Bridgewater Cave South,Rockshelter,Beta-8464,8350,130,,,Charcoal,Charcoal,"Pit I/9, top of phase A",,Radiocarbon,,Terrestrial,Closed,Y,"Lourandos, 1983 cit. Bird & Frankel, 1991; Head, 1985 cit. Bird & Frankel, 1991","A limestone rockshelter within the Bridgewater Formation near a large number of marine and lagoonal resources. Site excavated by Lourandos. Basal date of site, few shells at this depth. Shell material dominated upper deposits dating to less than 450BP. The lower unit retained fragmented bone, stone artefacts and occasional marine shell (Plebidonax deltoides mainly). Lourandos' intepretation indicated the use of the site in the terminal Pleistocene as a sporadic hunting bivouc focussing on land mammals. This activity lasted into the early and mid Holocene (i.e. no hiatus). The late Holocene saw more intense use and a wider range of resources with increasing seasonal exploitation of marine and land resoures. Also discussed in a study by Bird & Frankel, 1991. The study used radiometric dates of southwest Victoria as a proxy for occupation/activity. The paper concludes that late Holocene intensification, at least from a social perspective perspective, was not the case. However, the paper does show increasing numbers of dates (n=80) in the late Holocene. Interesting features of the study include an apparent hiatus between 6-7ka and the appearance of earth mounds only in the last 2.5ka.",c14,,8350,,,,AUSTRALIA
13169,Flinders,147.75,-40.08,Mannalargenna Cave,Rockshelter,ANU-8996,9100,130,,,Charcoal,Charcoal,,10,Radiocarbon,,Terrestrial,Closed,Y,"Sim, 1994","A rockshelter on Prime Seal Island originally identified by Harris and subsequently excavated by Brown. Excavations of a stepped 3 x 3 m test pit was undertaken to a depth of 3.5 m below surface (a further 48 cm before bedrock/rock fall was below this - identified by a probe). The excavations identified four stratigraphic units: 1) a shallow dark brown clayey sand - modern disturbance zone; 2) the bulk of the site was composed of brownish yellow calcareous sand and contained the majority of the cultural deposits; 3) and 4) sand deposits, largely sterile. A wide range of bone was recovered, including Broad toothed rat, Long tailed rat, New Holland mouse and five species of kangaroo - some of this is from animals, with peak human activity in spits 15-28. Emu and eggshell were present. About 1,800 artefacts were recovered, dominated by topaz and quartz with some quartzite, limestone and silcrete. Sim summarised the site as follows: a low occupation during the Terminal Pleistocene and early Holocene, with possible peak activity during the LGM; along with Beeton RS retained worked and retouched fossil shell artefacts, high percentage of quartz crystal flakes and cores, small amounts of ochre, scallop shell for ornament and food remains including extinct emu eggshell fragments and grey forester kangaroo bone. This date was part of the uppermost cultural deposit.",c14,,9100,,,,AUSTRALIA
12104,Riverina,144.3,-35.96,Kow Swamp,Open site,ANU-532,9590,130,,,Scattered charcoal,Charcoal,,,Radiocarbon,,Terrestrial,Open,Y,"Thorne & Macumber, 1972; Thorne, 1975 cit. Godfrey et al., 1996","Initially excavated in the 1960's and then a focus of research in the 1970's, Kow Swamp retained some forty burials. Kow Swamp is situated on Taylor's creek and is surrounded by a large lunette. The lunetter is composed of Cohuna silts overlain by Kow sands - both retain burials. The burials can be divded into two broad groups, those that occur on the former Kow Swamp shorelines (the lunette) - KS 1-17, and those that occur on the surrounding levee banks of Mead Stream immediately north of the swamp. This sample was in association with KS 'burial 9'.",c14,,9590,,,,AUSTRALIA
13959,Sydney Basin,151.03,-33.76,Darling Mills SF2,Rockshelter,Wk-2511,10150,130,,,Charcoal,Charcoal,Sq. 14G-H/10 (?layer II lower),33-37,Radiocarbon,,Terrestrial,Closed,Y,"Attenbrow, 1993, 2002","A rockshelter located in Darling Mills Stage Forest (now Bidjigal Reserve). Excavation included several areas of the shelter to levels up to 90 cm in depth (although archaeological material was only found to 70 cm). The site was divided into three units (all containing artefacts): layer I was a disturbed deposit with European and Aboriginal finds; Layer II was composed of sandy deposits with Aboriginal finds; and layer III was the basal yellow brownish sandy deposit (sterile?). Two different sets of radiocarbon determinations were undertaken on this site following age inversions with samples taken in 1992. Wk-2513, Wk-2701 and Wk-2511 were undertaken first, with the remaining to firm up this chronology. Despite additional dates, the chronology still appears problematic, although it appears the main unit of archaeology (layer II) could be dated to c. 2.5 ka with some evidence of deposits greater than this. Attenbrow considers the 6 ka and 10 ka dates, Wk-2694 and Wk-2511, reliable for the base of layer II, however no disconformities or other hiatus could be observed as to why such a different age was evident. Further, layer II is dominated by Bondaian assemblage with no evidence of earlier technologies. Disturbance was evident within the deposit.",c14,,10150,,,,AUSTRALIA
12082,NSW North Coast,151.9,-32.75,Moffats Swamp Dune,Open site,NZA-3016,14750,130,,,Charcoal,Charcoal,"A1, spit 6",70-80,Radiocarbon,,Terrestrial,Open,Y,"Baker, 1994","Sand dune adjacent artefacts adjacent Moffats Swamp. The site was investigated as part of a testing and salvage excavation prior to sand mining activities in the area. The site was dominated by a mudstone/tuff assemblage with pre-Bondaian charateristics. Some evidence of Holocene assemblage, including the presence of Worimi cleavers. The assemblage indicated expedient use of the site. The dates from this site, all taken at similar levels, are widely varied and may indicate some movement of charcoal through the sequence. Dates of 6,000 are found in close association with those of 17,000. The author indicates only a general age of the activities can be identified from these dates. This date was taken 10-20 cm above the 'top pan'.",c14,,14750,,,,AUSTRALIA
14215,Tasmanian West,145.83,-42.44,Pallawa Trounta (TAS #2448) (also ACH 84/1; 'the Acheron site'; and Palewaredia Walana-Lanala),Rockshelter,Beta-44077,14920,130,,,Charcoal,Charcoal,"Sq. A, spit 8, SU base of A7",,Radiocarbon,,Terrestrial,Closed,Y,"Stern & Allen, 1996","A rockshelter located in a small dolomite outcrop bordering Acheron River, northwest Tasmania. The shelter was some 20 m long and 2-3 m high. It was initially recorded and excavated in 1984. Only a remnant of the original deposit remained, squashed up against the back of the shelter. The original excavations including a 30 cm section collected into three 'steps' each 10-12 cm thick. The three steps each contained artefacts, bones and charcoal in various proportions; intial dates for these deposits were between 13.5 - 15ka. Further excavations were undertaken in 1991 composed of three further test pits along the remnant deposit. Excavations ranged from about 50 - 100 cm with test pit A being the most complete. 11 stratigraphic units were identified. Cultural remains occur throughout the deposits, with highest quantities in A5 and A6. Due to changing sedimentation rates, it was concluded that occupation before the LGM (18ka) was intermittent (along with frequent flooding), after 18ka occupation was more sustained, and the shelter was abandoned by c. 13.5ka.",c14,,14920,,,,AUSTRALIA
10132,Tasmanian South East,147.27,-43.05,Coningham,Burial,SUA-1018A,515,135,,,Bone (apatite fraction),Bone,,,Radiocarbon,,Terrestrial,Open,Y,"Wallace pers comm. cit Stockton, 1981","This sample is referred to in a review paper of Tasmanian radiocarbon dates by Stockton 1981. Limited contextual information is provided, but the reference indicates this date comes from a burial within a midden.",c14,,515,,,,AUSTRALIA
11030,South East Coastal Plain,142.35,-38.32,Goose Lagoon Midden,Midden,V-5,2050,135,,,Charcoal,Charcoal,,,Radiocarbon,,Terrestrial,Open,Y,"Science Museum of Victoria cit. Godfrey et al., 1996",From an Aboriginal midden on a 25-ft emerged shoreline. This sample was analysed mutliple times (n=4). All duplicates are identified as V-5. No information on the preferred date is indicated.,c14,,2050,,,,AUSTRALIA
14819,Tasmanian Northern Slopes,145.51,-40.86,Rocky Cape North,Rockshelter with midden deposits,V-89,5425,135,,,Charcoal,Charcoal,RCII,,Radiocarbon,,Terrestrial,Closed,Y,"Colley & Jones, 1987","A further study of Rocky Cape rockshelter, which was begun in the 1970's by Rhys Jones. The study confirmed earlier findings that fish remains were not present after 3500 BP. The paper further outlines at least two types of fishing methods were adopted, including nets and bait boxes. This date reflects a basal date for RCII.",c14,,5425,Information within this entry has been inferred by authors - see Notes,,,AUSTRALIA
12001,Murray Darling Depression,139.63,-34.31,Roonka Flat Dune,Open site,Z-2002,5790,135,,,Charcoal,Charcoal,RA 108,69-156,Radiocarbon,,Terrestrial,Open,Y,"Pate et al., 1998","A follow-up study of the Roonka Flat burial ground. Pate indicates that some 147 burials had been recovered primarily from Trench A. The trench was 30 x 15 m in size and reached depths of 6-7 m. Most of the burials were constrained to the upper 2 m. The data indicates that the area was used exclusively for burials between 10 - 7 ka before other camp activities occurred concurrently with the burials after 7 ka. The paper concludes that most burials occurred through the late Holocene after 6 ka. This date was taken from skeleton RA 108, a recumbent contracted burial. From the same burial as Z-2001.",c14,,5790,,,,AUSTRALIA
11757,Flinders,147.9,-39.76,Palana Dune (P12),Open site,SUA-641,7150,135,,,Charcoal,Charcoal,Sq. C6,,Radiocarbon,,Terrestrial,Open,Y,"Orchiston & Glenie, 1978",An open dune located on the north coast of Flinders Island. 17 squares in a 2 m grid were undertaken across this dune and revealed a midden unit deposited within a palaesol. The midden was dominated by limpets and chiton (35-100 shells per sq. m) with lesser proportions of mussel (8 shells per sq. m). No artefacts were recovered from the midden. This sample comes from charcoal within direct association with the midden unit.,c14,,7150,,,,AUSTRALIA
12508,Warren,115.08,-34.19,Arumvale Site,Open site,SUA-455,9220,135,,,Scattered charcoal,Charcoal,Tr. 2,40-45,Radiocarbon,,Terrestrial,Open,Y,"Dortch & McArthur, 1985","An disturbed open site in the vicinity of Arumvale siding and associated old railway. Site was identified in the 1970's through artefacts eroding from cut dune faces at nearby Caves Road. Six trenches  (1-4, 10 and 20) were excavated to a depths of 100-117 cm (with bores going further). The excavations recovered around 1,500 artefacts primarily of quartz and Bryzoan chert. Chert and quartz occurred in 20-70 cm, with chert becoming scarce in upper 20 cm. Higher densities were found in the upper 30 cm - several geometric microliths were recovered at these depths. A granite-gniess grindstone was found at 30-35 cm. Artefacts appeared to stop below 80 cm. The study recovered a geometric silcrete microlith from depths dated to 9 ka, and along with other studies show the chert appears to be in decline (perhaps unavailable) in the late Holocene",c14,,9220,Information within this entry has been inferred by authors - see Notes,,,AUSTRALIA
14229,Tasmanian West,145.94,-42.49,Warreen Cave (TAS #3786),Rockshelter,Beta-42066/ETH-7663,17880,135,,,Charcoal,Charcoal,"Sq. C, XU 6",25-30,Radiocarbon,,Terrestrial,Closed,Y,"Allen, 1996a","A collapsed rockshelter located in the Upper Maxwell River valley on the Lancelot Rivulet, western Tasmania. It is situated in a dolomite bluff, c. 30 m above the valley floor. Originally excavated in 1986 during some early reconnaissance work by Parks and Wildlife Servce, subsequently re-excavated in 1990 as part of the Southern Forests Archaeological Project. The paper suggests some difficulty in correlating the two different excavations (and hence some of the approximation in depth of dates, etc, included here). The shelter revealed two main areas of deposit divided by roof fall; originally it would have formed an 80 sq. m floor; the collapse is believed to have led to abandonment of the shelter. Excavations of two contigous 50 x 50 cm test pits (A and B) were undertaken in the main chamber, with a third (C) occurring in the collapsed part of the shelter to identify ante terminus. Seven stratigraphic units were identified in the excavations: SU 7 was basically sterile; SU 5 and 6 contained artefactual material, as well as extensive limestone boulders, and was dated to c. 24-30 ka; SU 3 and 3 were both rich bone beds (of human origin) and were dated to c. 24-21ka; SU 1 and 2 retained little bone, but numerous hearths and extensive artefactual remains (some suggestion bone was used as fuel, since it was often burnt) and dated to c. 19-16 ka. Detailed analysis of the faunal and lithics remains were not available at the time of publication.",c14,,17880,,,,AUSTRALIA
12116,Simpson Strzelecki Dunefields,134.43,-23.58,Mosquito Bore Coolibah Channel,Open site,ANU 10065,210,140,,,Charcoal from hearth,Charcoal,320cm bsl,,Radiocarbon,,Terrestrial,Open,Y,Bourke 1997,,c14,,210,,,,AUSTRALIA
12721,Australian Alps,148.95,-35.72,Yankee Hat 2,Rockshelter,ANU-1051,770,140,,,Charcoal,Charcoal,"Sq. A, spit 4",,Radiocarbon,,Terrestrial,Closed,Y,"Flood, 1980","A granite rockshelter in the Australian Alps. Similar technological changes to Sassafras, namely backed blades succeeded by scaled pieces primarily of quartz. This date relates to the change from backed to scaled artefact assemblages.",c14,,770,Information within this entry has been inferred by authors - see Notes,,,AUSTRALIA
11988,Murray Darling Depression,139.63,-34.31,Roonka Flat Dune,Open site,OZA-672,1330,140,,,Human bone collagen,Bone,RA 51,69-150,Radiocarbon,,Terrestrial,Open,Y,"Pate et al., 1998","A follow-up study of the Roonka Flat burial ground. Pate indicates that some 147 burials had been recovered primarily from Trench A. The trench was 30 x 15 m in size and reached depths of 6-7 m. Most of the burials were constrained to the upper 2 m. The data indicates that the area was used exclusively for burials between 10 - 7 ka before other camp activities occurred concurrently with the burials after 7 ka. The paper concludes that most burials occurred through the late Holocene after 6 ka. This date was an AMS from a 1g sub-sample of a piece of cortical bone, which exhibited <5% acid insoluble yield. This date came from burial RA 51, a vertical shaft burial.",c14,,1330,,,,AUSTRALIA
13583,NSW North Coast,152.84,-29.59,Whiteman Creek Site III,Rockshelter,GaK-373,1870,140,,,Charcoal,Charcoal,"L-VI, b","c.12""",Radiocarbon,,Terrestrial,Closed,Y,"Kigoshi et al, 1965; McBryde, 1965, 1966","Part of a wider study of New England prehistory by McBryde (1974). Date comparable with GaK-371. Associated with a high number of waste flakes. Dates most recent period of occupation. McBryde made comparisons with Glen Aire. Section drawing in the McBryde 1965 paper indicates that this date actually relates to Level VI, not Level I.",c14,,1870,,,,AUSTRALIA
13462,Murray Darling Depression,139.61,-34.69,Devon Downs RS,Rockshelter,Not given,2245,140,,,Charcoal,Charcoal,Layer 9,,Radiocarbon,,Terrestrial,Closed,Y,Mulvaney et al. 1964,"Referred to in Mulvaney et al. 1964 in relation to the appearance of elouera's. The elouera's occurring at layer 8 in this site (i.e. above this date). This may be a duplicate of GaK-1021, although not directly comparable.",c14,,2245,Information within this entry has been inferred by authors - see Notes,,,AUSTRALIA
10444,Murray Darling Depression,144.66,-35.82,Murray River,Hearth,ANU-677,2400,140,-24,,Charcoal,Charcoal,,,Radiocarbon,,Terrestrial,Open,Y,"Barbetti & Polach, 1973",,c14,,2400,,,,AUSTRALIA
13896,Sydney Basin,151.25,-33.83,Balmoral Beach 2,Rockshelter,Beta-58864,3780,140,,,Charcoal,Charcoal,M6/31-SB,130-137,Radiocarbon,,Terrestrial,Closed,Y,"Attenbrow, 1992a, 2002","A rockshelter excavated following disturbance by the public (the site being near Balmoral beach). Two different phases of excavation reached depths of 199 cm (with cultural deposits to 184cm). The site contained four main layers (and several sub-layers). The upper layer was post 1960's. The second layer was dated to between 2.5 and 3 ka and consisted of shell-rich materials (also includes ashy lenses, artefacts, fish (c.50%) and animal bones). The lower layer - >100cm - dated to c. 3 ka - <3.78ka was composed of grey sands and contained charcoal, bones and stone artefacts; only small amounts of shell were found. The fourth layer overlying the bedrock was considered >3.78ka and contained a low density of artefacts and some charcoal. Most artefacts were recovered from layers 2 and 3 and contained backed artefacts dominated by silcrete and chert. An igneous ground edge implement was found in layer 4. Bone was found in all layers and were primarily snapper, tarwhine, bream and groper, wallaby, kangaroo and wombat. Shell was confined to layer 2 and was primarily rocky shore/rock platform species (limpet, black periwinkles, rock oyster). Other species present included large turban, triton, cartrut, sydney cockle and hairy mussel. Parts of a human skeleton were found in layer 1.",c14,,3780,,,,AUSTRALIA
10877,NSW North Coast,152.92,-30.93,Clybucca 1,Midden,GaK-2457,3850,140,,,Charcoal,Charcoal,,"24-30""",Radiocarbon,,Terrestrial,Open,Y,"Campbell, 1972; Gillespie & Temple, 1979, Connah, 1975; McBryde, 1974a","Samples taken from midden on a sand ridge at the head of a bay in a Pleistocene shoreline, some 10km inland from present day shoreline. Midden was composed primarily of oyster and cockle shells, as well as backed blade industry and minor worked bone. Located some 5 km east of Clybucca 3.",c14,,3850,,,,AUSTRALIA
10505,Sydney Basin,150.65,-33.76,Jamisons Creek (JC/1),Hearth,SUA-1231,3980,140,-25,2,Charcoal,Charcoal,,10,Radiocarbon,,Terrestrial,Open,Y,"Kohen, 1981; Kohen et al. 1984","An open site on Jamisons creek, south of the M4 Motorway and north of Leonay golf course,  Emu Plains, NSW. Excavations were undertaken of a large body of sand adjacent the creek. 5.3 sq m recovered 867 artefacts from two broad phases. Soil units 1 -3 were considered Bondaian, soil unit 4 was Capertian. Bondi points, bipolar pieces and retouched flakes were all only found in the upper phase. Bone and freshwater mussel were also found, as well as worked piece of cockle shell. Artefacts were dominated by chert (70+ %) with lesser proportions of silcrete (<10%), quartz, basalt and quartzite. Occupation appeared to occur until the 19th Century. Excavations reached depths of 140 cm. This sample came from original test excavations of the region and was taken from a hearth found in association with backed blades",c14,,3980,,,,AUSTRALIA
14076,Sydney Basin,151.18,-33.37,Upside-Down Man,Rockshelter,ANU-8132,4030,140,,,Charcoal,Charcoal,Sq. 8B/8 (SU IV),34-39,Radiocarbon,,Terrestrial,Closed,Y,"McDonald, 1994a, 2008","A rockshelter located on Ironbark Creek (a tributary of Mangrove Creek), and excavated as part of McDonald's PhD work. The shelter contained extensive rock art motifs (some 274 motifs - black, red and/or white in colour). Excavations revealed four soil units to depths of c.50 cm. The excavations recovered stone artefacts, charcoal, shell, seeds, bone and pigments. Shell consisted of Sydney cockle, hairy mussel and freshwater shell (Hyridella sp.). Some 3,650 artefacts were analysed (about c.5,000 recovered) dominated by quartz (38%), indurated mudstone (21%), FGS and pebbly chert. Artefact densities began c. 4ka and were low  (units III and IV) with a brief peak in SU IV. The highest discard rates were evident in SU II. A hiatus appeared evident in SU III. Later stages indicate intensification and contained backed blades and bipolar techniques. The terminal date for the site was c.1.2 ka.",c14,,4030,,,,AUSTRALIA
13466,Murray Darling Depression,139.61,-34.69,Devon Downs RS,Rockshelter,L-271G,4290,140,,,Freshwater shell (Unio protovittatus),Freshwater Shell,Layer IX,,Radiocarbon,,Terrestrial,Closed,Y,"Broeker et al., 1956","One of the earliest radiocarbon dates in Australia. Date taken from midpoint in theDevon Downs sequence, which N.B. Tindale was using to develop a chronology for Aboriginal occupation. Some discussion relating to this site being present before the nearby Murray River terrace indicating an age of  >4,500. A 6 m deep stratified rockshelter on the Murray River. Originally excavated in 1929 by Tindale, Smith re-explored the site in 1982. Smith revised the stratigraphic sequence from 12 layers to six. Analysis of artefacts, ochre, mammal remains, all indicate a peak in activity between layers 3-5 (between 2 - 4ka) along with a technology shift, with increasing appearance of shellfish in the upper spits (after 2ka). A change in seasonal movements appear to have occurred after 3 ka. Pirri and bone points present only in layers 5 and 6.  Possible duplicated of the 'lamont lab' date also listed in this dataset.",c14,,4290,,,,AUSTRALIA
10033,Murray Darling Depression,140.56,-34.42,Katarapko Island,Burial,ANU-6896,4700,140,,,Human bone,Bone,,,Radiocarbon,,Terrestrial,Open,Y,"Pardoe, 1993",Part of a wider study reviewing ages of skeletal remains along the Murray-Darling River.,c14,,4700,,,,AUSTRALIA
10034,Murray Darling Depression,140.6,-34.4,Katarapko Island,Burial,ANU 6896,4700,140,,,Human bone,Bone,,,Radiocarbon,,Terrestrial,Open,Y,Dowling 1990,,c14,,4700,Information within this entry has been inferred by authors - see Notes,,,AUSTRALIA
10097,Riverina,143.56,-35.34,"Glenesk, Swanhill",Burial,ANU-5310,4800,140,,,Calcium carbonate,Other,,,Radiocarbon,,Terrestrial,Open,Y,"Pardoe, 1993",Part of a wider study reviewing ages of skeletal remains along the Murray-Darling River.,c14,,4800,Information within this entry has been inferred by authors - see Notes,,,AUSTRALIA
11325,Sydney Basin,151.66,-33.09,Swansea Inlet,Midden,SUA-421,7530,140,,,Charcoal,Charcoal,Swanch-4,24-29,Radiocarbon,,Terrestrial,Open,Y,"Gillespie & Temple, 1979; Dyall, 2004",Charcoal from occupation level associated with backed blade industry.,c14,,7530,,,,AUSTRALIA
10533,Victoria Volcanic Plain,144.83,-37.73,Maribyrnong River (near Green Gully),Hearth,Gak-966,7700,140,,,Charcoal,Charcoal,,,Radiocarbon,,Terrestrial,Open,Y,"Gill, unpub. cit. Godfrey et al., 1996; Joyce & Anderson, 1976","This sample comes from a possible hearth (21"" below diastem) on the north bank of Maryibyrong River in Doutta Galla silts upstream from Green Gully. This sample is near Gak-985.",c14,,7700,,,,AUSTRALIA
13603,Nullarbor,129.42,-31.48,Allens Cave (N145),Rockshelter,ANU-6850,9270,140,,,Charcoal from hearth,Charcoal,145cm bsl,,Radiocarbon,,Terrestrial,Closed,Y,Roberts et al 1996,,c14,,9270,,,,AUSTRALIA
13515,Naracoorte Coastal Plain,140.69,-38.05,Koongine Cave,Rockshelter,Beta-14862,9590,140,,,Charcoal,Charcoal,"Sq. J9/59, unit 9",180,Radiocarbon,,Terrestrial,Closed,Y,"Frankel, 1986; Frankel, 1988 cit. Bird & Frankel, 1991","One of several rockshelters in this location (and includes Malangine and Piccaninnie RS). Excavations revealed a mixture of charcoal-rich occupation deposits interleaved with sterile sands. An initial intense occupation of about 1,000 years was identified at 9ka, and composed of flint tools and bones. Some shell was also evident in the lowest deposit. More recent deposits <700 years also evident, indicating abandonment of the site between c. 8ka - 1ka.",c14,,9590,,,,AUSTRALIA
14415,Warren,115.07,-34.15,Devils Lair,Rockshelter,SUA-102,11960,140,-24,2,Charcoal,Charcoal,"Trench 5, SU M",78-95,Radiocarbon,,Terrestrial,Closed,Y,"Dortch, 1974, 1975, 1979a; Dortch & Merrilees, 1973; Gillespie & Temple, 1973","A deep limestone cave containing deep earthy deposits, which has been excavated since 1955. Deposits consist of various flowstones capping earthy and silty clay units; the flowstones have been used to indicate the start/end of deposits. Artefact assemblage included quartz, chert and limestone materials and animal bone and were present over most of the last 12,000 years. Site also includes numerous bone points, some of them in association with radiocarbon dates of 19,000 BP. Direct occupation is evident living floors associated with hearth 1 and Pits 1  (c. 220 cm below surface) and 2 (c.210 cm below surface). The lowest evidence of continued occupation was at layer 30, with only sparse artefactual remains between layers 31-38, and sterile deposits between layers 39 - 51. This sample was stratigraphically below SUA-103, although Dortch 1975 indicates the date is from the same hearth as SUA-103 and relates to a human pelvis.",c14,,11960,,,,AUSTRALIA
14424,Warren,115.07,-34.15,Devils Lair,Rockshelter,SUA-103,12050,140,-24,2,Charcoal,Charcoal,"Trench 5, SU K",80,Radiocarbon,,Terrestrial,Closed,Y,"Dortch, 1974, 1975, 1979a; Dortch & Merrilees, 1973; Gillespie & Temple, 1973","A deep limestone cave containing deep earthy deposits, which has been excavated since 1955. Deposits consist of various flowstones capping earthy and silty clay units; the flowstones have been used to indicate the start/end of deposits. Artefact assemblage included quartz, chert and limestone materials and animal bone and were present over most of the last 12,000 years. Site also includes numerous bone points, some of them in association with radiocarbon dates of 19,000 BP. Direct occupation is evident living floors associated with hearth 1 and Pits 1  (c. 220 cm below surface) and 2 (c.210 cm below surface). The lowest evidence of continued occupation was at layer 30, with only sparse artefactual remains between layers 31-38, and sterile deposits between layers 39 - 51. Date taken from a hearth within which a human pelvis was recovered.",c14,,12050,,,,AUSTRALIA
14148,Tasmanian Southern Ranges,146.44,-42.85,Bone Cave (TAS #1790),Rockshelter,Beta-26510,14510,140,,,Charcoal,Charcoal,B/21,c. 52.5,Radiocarbon,,Terrestrial,Closed,Y,"Allen et al., 1988; Allen, 1996","A rockshelter first recorded by Weston (1969); lost and subsequently re-found by a geologist (Clive Calver). Ranson and Kiernan re-investigated the site before further nivestigation in 1988 by Allen et al. The site is located on Weld River, 7 m above the river. The cave is 4 x 3 x 1.5 m in size with a large talus of deposit inside of the cave, as well as a small water channel. Ten stratigraphic units were present (initially considered three units in earlier excavations):  the upper units (SU1 -4), 10-20 cm, composed of light brown cave earths and contained few stone tools and small bird, rodent and lizard bones - questionable whether a unit derived from human occupation or not; SU's 5 and 6 were a sterile sand considered to be a period of about 7ka across the LGM; a middle unit (spit data suggests around 32.5 cm - 52.5 cm) (SU 8), composed of darker brown silty soils and contained grey ashy lenses, large quantites of stone flakes and animal bones (relatively unfragmented) - primarily larger marsupials, and dated to c. 15.5 - 13.5ka; and a lower unit (spit data suggests around 52.5 cm - 74 cm) (SU 9) with blackened matrix (and dense in charcoal) and frequent hearths and contained similar finds to the middle unit, but they are more fragmented, and dated to c. 29 - 23 ka; and SU 10 - a sterile sand. Artefacts were primairly of quartzite from locally-derived material (within the cave), as well as other materials including Florentine, chalcedony, jasper, silcrete, hornfels, non-local quartzite, Mt Read volcanics and a fragment of Darwin glass (from an impact crater >100 km away). Artefacts included steep-sided and sometime multi-platform cores and several scrapers. A bone point from a macropod tibia was also recovered. This sample was taken from the lower end of the middle unit.",c14,,14510,,,,AUSTRALIA
14151,Tasmanian Southern Ranges,146.44,-42.85,Bone Cave (TAS #1790),Rockshelter,Beta-26511,15290,140,,,Charcoal,Charcoal,B/29,c.72.5,Radiocarbon,,Terrestrial,Closed,Y,"Allen et al., 1988; Allen, 1996","A rockshelter first recorded by Weston (1969); lost and subsequently re-found by a geologist (Clive Calver). Ranson and Kiernan re-investigated the site before further nivestigation in 1988 by Allen et al. The site is located on Weld River, 7 m above the river. The cave is 4 x 3 x 1.5 m in size with a large talus of deposit inside of the cave, as well as a small water channel. Ten stratigraphic units were present (initially considered three units in earlier excavations):  the upper units (SU1 -4), 10-20 cm, composed of light brown cave earths and contained few stone tools and small bird, rodent and lizard bones - questionable whether a unit derived from human occupation or not; SU's 5 and 6 were a sterile sand considered to be a period of about 7ka across the LGM; a middle unit (spit data suggests around 32.5 cm - 52.5 cm) (SU 8), composed of darker brown silty soils and contained grey ashy lenses, large quantites of stone flakes and animal bones (relatively unfragmented) - primarily larger marsupials, and dated to c. 15.5 - 13.5ka; and a lower unit (spit data suggests around 52.5 cm - 74 cm) (SU 9) with blackened matrix (and dense in charcoal) and frequent hearths and contained similar finds to the middle unit, but they are more fragmented, and dated to c. 29 - 23 ka; and SU 10 - a sterile sand. Artefacts were primairly of quartzite from locally-derived material (within the cave), as well as other materials including Florentine, chalcedony, jasper, silcrete, hornfels, non-local quartzite, Mt Read volcanics and a fragment of Darwin glass (from an impact crater >100 km away). Artefacts included steep-sided and sometime multi-platform cores and several scrapers. A bone point from a macropod tibia was also recovered. This sample was taken from the middle of the bottom unit.",c14,,15290,,,,AUSTRALIA
13530,New England Tablelands,149.15,-31.2,Crazy Man site,Rockshelter,Beta-33076,17140,140,,,Charcoal,Charcoal,,,Radiocarbon,,Terrestrial,Closed,Y,"Beck et al., unpub.","Basal date, with evidence of low level occupation peaking between 4900-5450 BP and 1730-4450 BP.",c14,,17140,,,,AUSTRALIA
13789,Pilbara (inland),117.82,-23.31,Yirra CME-A-31 rockshelter,Rockshelter,Wk-8954,19270,140,,,Charcoal from hearth,Charcoal,55.1cm bsl,,Radiocarbon,,Terrestrial,Closed,Y,Veitch et al. 2005,,c14,,19270,,,,AUSTRALIA
12081,NSW North Coast,151.9,-32.75,Moffats Swamp Dune,Open site,OZA-256,11351,143,,,Charcoal,Charcoal,"B3, spit 3",50-60,Radiocarbon,,Terrestrial,Open,Y,"Baker, 1994","Sand dune adjacent artefacts adjacent Moffats Swamp. The site was investigated as part of a testing and salvage excavation prior to sand mining activities in the area. The site was dominated by a mudstone/tuff assemblage with pre-Bondaian charateristics. Some evidence of Holocene assemblage, including the presence of Worimi cleavers. The assemblage indicated expedient use of the site. The dates from this site, all taken at similar levels, are widely varied and may indicate some movement of charcoal through the sequence. Dates of 6,000 are found in close association with those of 17,000. The author indicates only a general age of the activities can be identified from these dates. This date was taken from 10-20cm above OZA-257.",c14,,11351,,,,AUSTRALIA
11844,Murray Darling Depression,142.85,-35.23,Box Gully (Lake Tyrell),Open site,Wk-168,24061,144,,,Charcoal,Charcoal,"Sq. 2, Stratum 4",,Radiocarbon,,Terrestrial,Open,Y,"Richards et al., 2007","A lunette situated north of Lake Tyrell near Swan Hill. The focus of occupation was within stratum 4 of the lower lunette about 1 m below the surface and dated to c. 26-32ka. Hearth features, artefacts and remains of bettongs, hare-wallabies, shingle-backed lizard and freshwater mussel were all recovered. Artefacts totalled 14 and were dominated by silcrete with some quartz and chert; technology was simple and indicated early reduction. The findings suggest a short ocucpation through the LGM with adaptions to severe climate stress. Abandonment of the site occurred shortly after, with some evidence of occupation in stratum 5 (a single chert flake) as early as 40ka.",c14,,24061,,,,AUSTRALIA
11229,Sydney Basin,150.9,-34.6,Bass Point,Midden,ANU-535,2975,145,,,Charcoal,Charcoal,Pit E,55-60,Radiocarbon,,Terrestrial,Open,Y,"Bowdler 1976 cit. Brown, 2005; Hughes, 1977","Excavations initially undertaken by S.Bowdler in the 1970's. She identified four units: 1) upper midden layer, containing primarily mussel shells and shell fish hooks and bone points; 2) lower midden containing rock platform gastropods, backed artefacts and bone points. Larger shellfish were also dominant; 3) grey sand with poorly preserved shell; and 4) white sand with stone artefacts, but no shell. A subsequent re-investigation of the site by Hughes and Djodhadze included the re-opening of Bowdler's four test pits (totalling 7 sq. m) and an additional two new test pits. Hughes & Djodhadze undertook additional dating and identified the following: 1) upper midden dated to 100-740 BP; 2) lower midden dated to 740 - 1800 BP; 3) grey sand dated to 1800 - 3950 BP; 4) white sand dated to 3950 - 7700 BP; and 5) lower white sand dated to 7700 - 17500 BP. A marine-charcoal radiocarbon calibration analysis was also undertaken on the site by Gillespie. Hughes (1977) considered peak site usage was in the mid-Holocene representing probably elements of the white and grey sand.",c14,,2975,,,,AUSTRALIA
10880,NSW North Coast,152.92,-30.93,Clybucca 3,Midden,SUA-276,5120,145,,,Charcoal,Charcoal,CLY3.72.112,90-110,Radiocarbon,,Terrestrial,Open,Y,"Gillespie & Temple, 1979, Connah, 1975","Samples taken from midden on a sand ridge at the head of a bay in a Pleistocene shoreline, some 10km inland from present day shoreline. Midden was composed primarily of oyster and cockle shells, as well as backed blade industry and minor worked bone. Animal bone was also present and a fragmented human burial.",c14,,5120,,,,AUSTRALIA
14413,Warren,115.07,-34.15,Devils Lair,Rockshelter,SUA-364,6490,145,,,Charcoal,Charcoal,"Trench 7c, SU G",c. 86,Radiocarbon,,Terrestrial,Closed,Y,"Gillespie & Temple, 1976; Dortch, 1979a","A deep limestone cave containing deep earthy deposits, which has been excavated since 1955. Deposits consist of various flowstones capping earthy and silty clay units; the flowstones have been used to indicate the start/end of deposits. Artefact assemblage included quartz, chert and limestone materials and animal bone and were present over most of the last 12,000 years. Site also includes numerous bone points, some of them in association with radiocarbon dates of 19,000 BP. Direct occupation is evident living floors associated with hearth 1 and Pits 1  (c. 220 cm below surface) and 2 (c.210 cm below surface).  Artefacts and remains present in association with this date.",c14,,6490,,,,AUSTRALIA
14824,Tasmanian Northern Slopes,145.51,-40.86,Rocky Cape South,Rockshelter with midden deposits,V-97,6745,145,,,Charcoal,Charcoal,RCV,,Radiocarbon,,Terrestrial,Closed,Y,"Colley & Jones, 1987","A further study of Rocky Cape rockshelter, which was begun in the 1970's by Rhys Jones. The study confirmed earlier findings that fish remains were not present after 3500 BP. The paper further outlines at least two types of fishing methods were adopted, including nets and bait boxes.",c14,,6745,Information within this entry has been inferred by authors - see Notes,,,AUSTRALIA
10147,Victoria Volcanic Plain,144.66,-37.9,Werribee Burial Site (also WR/1; 78223/029),Burial,SUA-1085,7290,145,,,Charcoal,Charcoal,,,Radiocarbon,,Terrestrial,Open,Y,"Coutts, 1980; Lourandos and Williams various cit. Attenbrow, 2004","A burial site situated on the banks of the Werribbee River and investigated by Coutts in 1977. Several burials were found and associated with a quartz industry similar to that described at Green gully. The burials recovered indicated bones that had been dessicated and then stained with red ochre before burial. This sample was taken from Burial B, above individual 4.",c14,,7290,Information within this entry has been inferred by authors - see Notes,,,AUSTRALIA
14022,Sydney Basin,150.33,-33.73,"Lyre Bird Dell, Leura (La)",Rockshelter,SUA-15,12550,145,-24,2,Charcoal,Charcoal,,Sep-18,Radiocarbon,,Terrestrial,Closed,Y,Stockton & Holland 1974 ; Gillespie et al. 1972,"Two occupation levels in a heavily disturbed rockshelter. Two occupation layers identified, this date relates to the lower deposit. Considered to retain Capertian artefacts.",c14,,12550,,,,AUSTRALIA
10367,Murray Darling Depression,142.3,-32.5,Kinchega Darling River,Hearth,ANU 410,320,150,,,Charcoal from hearth,Charcoal,,,Radiocarbon,,Terrestrial,Open,Y,Pretty 1981,,c14,,320,,,,AUSTRALIA
15018,South East Coastal Plain,141.99,-38.12,Gorrie Swamp Hut,Stone house,ANU-3588,380,150,,,Charcoal,Charcoal,Sq. D,Oct-20,Radiocarbon,,Terrestrial,Open,Y,"Lourandos and Williams various cit. Attenbrow, 2004; Williams, 1985 cit. Bird & Frankel, 1991","A study (Bird & Frankel, 1991) using radiometric dates of southwest Victoria as a proxy for occupation/activity. The paper concludes that late Holocene intensification, at least from a social perspective perspective, was not the case. However, the paper does show increasing numbers of dates (n=80) in the late Holocene. Interesting features of the study include an apparent hiatus between 6-7ka and the appearance of earth mounds only in the last 2.5ka. Stone houses consist of low stone walls, which are considered to be foundations for structures primarily in the post-contact period.",c14,,380,,,,AUSTRALIA
14986,Gulf Coastal,136.99,-15.66,Barbara Cove Mound,Shell mound,ANU-12031,640,150,,,Charcoal,Charcoal,Spit 8,,Radiocarbon,,Terrestrial,Open,Y,"Brockwell et al., 2009; Sim & Wallis, 2008",,c14,,640,,,,AUSTRALIA
10402,Murray Darling Depression,143.1,-33.8,Lake Mungo (MA-(MB2)),Hearth,ANU 659,760,150,,,Charcoal from hearth,Charcoal,,,Radiocarbon,,Terrestrial,Open,Y,"Barbetti 1973, Johnston & Clark, 1998",,c14,,760,,,,AUSTRALIA
10198,Riverina,143.38,-35.17,DP/7,Earth mound,SUA-1120,1180,150,,,Charcoal,Charcoal,"Pit A, sq. 120/105, spit 12",,Radiocarbon,,Terrestrial,Open,,Aboriginal Affairs Victoria cit. Godfrey et al. 1996,A sample referred to as part of a large-scale compilation of radiocarbon dates in Victoria. This sample comes from an earth mound on the Murray River near Swan Hill. It may relate to work by Coutts (1979).,c14,,1180,,,,AUSTRALIA
10332,Channel Country,142.3,-29.41,Stud Creek,Hearth,Wk-6626,1330,150,-23,0.2,Charcoal from hearth,Charcoal,H98-54,,Radiocarbon,,Terrestrial,Open,Y,Holdaway et al. 2002,,c14,,1330,,,,AUSTRALIA
10718,King,144.69,-40.73,Flat Topped Bluff,Midden,I-317,1500,150,,,Wood charcoal,Wood/Plant Material,,"20""",Radiocarbon,,Terrestrial,Open,Y,"Reber, 1965",A compilation of dates obtained from excavation of a range of middens across Tasmania. Reber excavated slits into this midden to obtain a basal age. This midden was some 150 ft in diameter and 9 ft in height and abutted by a freshwater creek. It is situtated some 200 ft above sea-level. The site was identified through a vegetation change in aerial photographs. A sharp edge to the midden on the western side was postulated as having been cleared prehistorically for use as a shelter. This sample came 20 inches from the top of the midden.,c14,,1500,,,,AUSTRALIA
11989,Murray Darling Depression,139.63,-34.31,Roonka Flat Dune,Open site,OZA-673U1,1770,150,,,Human bone collagen,Bone,RA 92,66-87,Radiocarbon,,Terrestrial,Open,Y,"Pate et al., 1998","A follow-up study of the Roonka Flat burial ground. Pate indicates that some 147 burials had been recovered primarily from Trench A. The trench was 30 x 15 m in size and reached depths of 6-7 m. Most of the burials were constrained to the upper 2 m. The data indicates that the area was used exclusively for burials between 10 - 7 ka before other camp activities occurred concurrently with the burials after 7 ka. The paper concludes that most burials occurred through the late Holocene after 6 ka. This date was an AMS from a 1g sub-sample of a piece of cortical bone, which exhibited <5% acid insoluble yield. This date came from burial RA 92, a flexed burial.",c14,,1770,,,,AUSTRALIA
11239,Sydney Basin,151.2,-34.04,BHW (#52-3-724),Midden,SUA-3009,2010,150,,,Charcoal,Charcoal,"Sq. B1, spit 4",37-43,Radiocarbon,,Terrestrial,Open,Y,Brayshaw et al. 1992,"A large midden investigated and salvaged for a proposed destination resort near Boat Harbour, Kurnell Peninsula. A shell midden dominated by rock oyster, cockle (estuarine) and  limpet and nerita (rock platform). Rock platforms are nearby, but estuarine areas are over 2.2 km away. Shell occurred between spits 1- 7 with highest concentrations at spits 1 and 2 by MNI or in 2 - 9 with highest concentrations in spit 4 (with similar values across spits 3 - 6) by weight. Mammal and bird bones was also recovered - six pieces of Abalone were identified as worked into possible necklaces/ovoid shapes. About 1800 artefacts were recovered across spits 1 - 7. Artefactual assemblage was dominated by fine grained siliceous and silcrete with a reasonable proportion of petrified wood. The raw materials were considered mainly to have been brought to the site as water-rolled pebbles, possibly from the Shoalhaven River.  Backed blades were present in low numbers. A silcrete workfloor was identified in Sq. B2, spit 5. 55 cores were also recovered and indicated some use of heat in artefact manufacture.",c14,,2010,,,,AUSTRALIA
10723,King,144.63,-40.95,Marrawah (Nettley Bay),Midden,I-322,2350,150,,,Wood charcoal,Wood/Plant Material,,7',Radiocarbon,,Terrestrial,Open,Y,"Reber, 1965",A compilation of dates obtained from excavation of a range of middens across Tasmania. Reber excavated slits into this midden to obtain a basal age. A midden situated north of Marrawah lightghouse. The midden is about 8 yards high and 100 yards in diameter. This sample was taken from about 7 ft below the surface.,c14,,2350,,,,AUSTRALIA
10237,Victoria Volcanic Plain,142.85,-37.76,FM/1,Earth mound,SUA-779,2370,150,,,Charcoal,Charcoal,,,Radiocarbon,,Terrestrial,Open,Y,"Coutts, 1979 cit. Bird & Frankel, 1991","A study (Bird & Frankel, 1991) using radiometric dates of southwest Victoria as a proxy for occupation/activity. The paper concludes that late Holocene intensification, at least from a social perspective perspective, was not the case. However, the paper does show increasing numbers of dates (n=80) in the late Holocene. Interesting features of the study include an apparent hiatus between 6-7ka and the appearance of earth mounds only in the last 2.5ka. This date came from the upper cultural horizon.",c14,,2370,,,,AUSTRALIA
10918,NSW North Coast,153.17,-29.22,Wombah 1,Midden,GaK-374,2580,150,,,Charcoal,Charcoal,"Sq. (d), layer IIA","7-9""",Radiocarbon,,Terrestrial,Open,Y,"Kigoshi et al, 1966; McBryde, 1966, 1974","Part of a wider study of prehistory in New England by I. McBryde. Site was large midden on north bank of Clarence River between Wombah and Woody Head, now some 8 miles inland. Several parts of the midden were already destroyed through development at time of excavation. Eight test pits were excavated in 1963 and 1964. Four main levels were identified with levels I-IIIA retaining the bulk of the assemblage, levels VIII-VII also retained a significant number, level VI was culturally sterile, level IV was basal clear sand, but did retain some artefacts (perhaps tread-in) (note: levels are numerically recorded - from top to bottom levels were I, II, IIA, V, VI, VII, VIII, III, IV). The midden was dominated by oyster with lesser fish and animal bones. Site retained few artefacts and included pebble artefacts, groud-edge axes, some utilised and retouched flakes and a few bone points. No fish hooks or files were evident.",c14,,2580,,,,AUSTRALIA
13802,South Eastern Highlands,148.95,-35.45,Birrigai Rockshelter,Rockshelter,ARL-160,3100,150,,,Charcoal,Charcoal,"S 7, IVa lower white",33,Radiocarbon,,Terrestrial,Closed,Y,"Flood et al., 1987","A rockshetler in Tidbinbilla, ACT. The rockshelter contains four phases of occupation: 1) pre-21,000 - sterile deposits; 2) 21-3,000 BP - occupation commences including a well-defined hearth at 15,930 BP. Plant and animal resources were used during this period. Low intensity of occupation is present with minimal artefacts, charcoal or other materials. No evidence of a change between the Pleistocene/Holocene in the site; 3) 3,000 - 100 BP - occupation intensity increases dramatically, including artefacts, charcoal and sedimentation rates; and 4) 100 BP - present - represented by layer 1 and shows a slight decline in charcoal and artefacts. The overall model produced in the paper indicated increasing occupations at 3,000 BP before a decline after 2,000 BP due to re-organisation of people in the landscape. This sample found in association with artefacts.",c14,,3100,,,,AUSTRALIA
12094,Riverina,144.3,-35.96,Kow Swamp,Open site,ANU-1102,3150,150,,,Charcoal,Charcoal,,,Radiocarbon,,Terrestrial,Open,Y,"Wright, 1975","This sample relates to a series of excavations exploring and dating the Kow Sands, a geomorphological deposit overlying the Cahuna Silt. Artefacts were recovered from the Kow Sands. Artefacts were found in three discrete occupation horizons and dominated by quartz. The assemblages straddle the age between skeletal remains found at the site.",c14,,3150,Information within this entry has been inferred by authors - see Notes,,,AUSTRALIA
13877,Swan Coastal Plain,115.75,-31.67,Orchestra Shell Cave,Rockshelter,ANU-623,3310,150,,,Scattered charcoal,Charcoal,"Sq. 5, level 4","27""",Radiocarbon,,Terrestrial,Closed,Y,"Hallam, 1974","Excavations of a limestone cave at Lake Neerabub. Excavations recovered a four feet deposit with Aboriginal activity throughout (dominated by limestone flakes). A shift from exploitation of bone/animal exploitation to plant materials in the last 1,000 years. Some decline in usage of the site following rockfall at about 2,000 BP. The author considers the occuaption shows good correlation with roof markings evident in the cave.",c14,,3310,,,,AUSTRALIA
11294,Sydney Basin,150.4,-35.53,Murrumarang,Midden,NSW-71,3500,150,,,Charcoal,Charcoal,,,Radiocarbon,,Terrestrial,Open,Y,"Hughes, 1973 cit. Boot, 2002","Geomorphic studies determining the history of the area undertook small excavations into this remnant midden. Midden showed similar assemblage to Bass Point with a basal date of 3500 BP. 200 stone artefacts were recovered. Pleistocene dates were recovered from white sand beneath midden, but no evidence of human activity at these depths.",c14,,3500,,,,AUSTRALIA
11995,Murray Darling Depression,139.63,-34.31,Roonka Flat Dune,Open site,OZA-667,3610,150,,,Human bone collagen,Bone,RA 4,78-87,Radiocarbon,,Terrestrial,Open,Y,"Pate et al., 1998","A follow-up study of the Roonka Flat burial ground. Pate indicates that some 147 burials had been recovered primarily from Trench A. The trench was 30 x 15 m in size and reached depths of 6-7 m. Most of the burials were constrained to the upper 2 m. The data indicates that the area was used exclusively for burials between 10 - 7 ka before other camp activities occurred concurrently with the burials after 7 ka. The paper concludes that most burials occurred through the late Holocene after 6 ka. This date was an AMS from a 1g sub-sample of a piece of cortical bone, which exhibited <5% acid insoluble yield. This date came from burial RA 4, an 'indeterminate' mode of burial.",c14,,3610,,,,AUSTRALIA
14811,Sydney Basin,151.3,-33.59,Great Mackerel RS (45-6-1614),Rockshelter with midden deposits,ANU-6615,3670,150,,,Charcoal,Charcoal,6B/6/1; SU 4,51,Radiocarbon,,Terrestrial,Closed,Y,"McDonald , 1989, 1992, 2008","This rockshelter is located on a ridgeline overlooking Great Mackerel Beach in Pittwater. The RS was excavated as part of McDonald's PhD research and included extensive Aboriginal art motifs. Excavations were undertaken to form a correlation between directly dated art and deposits within the RS. The excavation revealed a deposit some 60 cm in depth. The site consisted of two deposits, a lower Bondaian between c.3,500 (ANU-6615) and 600 BP (ANU-6373) and containing only stone artefacts - primarily split quartz pebbles and indurated mudstone debitage overlain by a late Bondaian shell midden. The upper deposits were dominated by shell remains and accumulated more rapidly than lower deposits (25 cm in 340 years) suggestive of greater use in the last 500 years. Fish hooks were also found in this upper deposit. Sydney rock oyster (Crassosnea commercialis), the limpet (Cellana sp.), the hairy mussel (Trichonzya tiirsuta) and the black periwinkle (Nen'ta unanlentoscr) dominate the  midden in terms of minimum numbers. Fish (Snapper), small mammals and bird bones were also recovered. Some evidence of dietary change was noted and discussed. This date was taken following the erroneous reading of ANU-6373. This date is the lowest on the site, but it is not basal with artefacts occurring beneath this depth.",c14,,3670,,,,AUSTRALIA
14054,Sydney Basin,150.21,-35.12,Sassafras 1,Rockshelter,ANU-743,3770,150,,,Charcoal,Charcoal,"Sq. J4, spits 19/20",,Radiocarbon,,Terrestrial,Closed,Y,"Flood, 1980","One of two rockshelters near Bulee Brook and Sassafras. The rockshelter retained a deposit of small scrapers, blade cores and geometric micoliths. Figure 41 indicates two peaks in artefacts at spits 3 and 8, although high levels occur routinely after spit 10. This date reflects the basal occupation of the site.",c14,,3770,,,,AUSTRALIA
13946,Sydney Basin,151.11,-34.15,Curracurrang (1CU5/-),Rockshelter,GaK-394a,3880,150,,,Charcoal,Charcoal,"Cutting 5, level L","27""",Radiocarbon,,Terrestrial,Closed,Y,"Kigoshi & Kobayahsi, 1965; Megaw, 1965, 1968","A larger sandstone rockshleter in the Royal National Park, south of Sydney. The shelter retained a tripartite sequence (Elouera-Bondaian-Capertian) and was one of the key sites in the 1960's and 1970's regarding the discussion/timing of these different typological assemblages. The site retained three main sedimentary units: 1) the upper layer was a consisted of a lightly packed midden with marine, fish and some non-human bones; this layer did not extend far beyond the dripline; 2) a layer of dark brown unctuous soil with no bone or shell; this unit extends beyond the dripline, but is deepest (1'3"") and highest artefact densities are in the rockshelter; and 3) clayey decomposed sandstone matrix (1'6"" in depth) derived from weathering bedrock. This date appears to be a second sample in layer L, and should be stratigraphically the same as GaK-393b and 394b. Probably relates to similar archaeological occupation, although not specifically discussed. Megaw refers to date as relating to Capertian phase of archaeology.",c14,,3880,,,,AUSTRALIA
12340,Swan Coastal Plain,116.06,-31.74,Walyunga,Open site,SUA-633,4560,150,,,Charcoal,Charcoal,C18-17-36,76-69,Radiocarbon,,Terrestrial,Open,Y,"Gillespie & Temple, 1979","Charcoal sample predates regular use of mylonite and introduction of flat adze, latest use of Broyzoan chert. Interpretations at this site include the reduction in Broyozoan chert due to changing sea level.",c14,,4560,,,,AUSTRALIA
14825,Tasmanian Northern Slopes,145.51,-40.86,Rocky Cape South,Rockshelter with midden deposits,V-86,7465,150,,,Charcoal,Charcoal,RCI,,Radiocarbon,,Terrestrial,Closed,Y,"Colley & Jones, 1987","A further study of Rocky Cape rockshelter, which was begun in the 1970's by Rhys Jones. The study confirmed earlier findings that fish remains were not present after 3500 BP. The paper further outlines at least two types of fishing methods were adopted, including nets and bait boxes. This date reflects a basal date for RCI.",c14,,7465,Information within this entry has been inferred by authors - see Notes,,,AUSTRALIA
10534,Victoria Volcanic Plain,144.83,-37.73,Maribyrnong River (near Green Gully),Hearth,Gak-985,7710,150,,,Charcoal,Charcoal,,,Radiocarbon,,Terrestrial,Open,Y,"Gill, unpub. cit. Godfrey et al., 1996; Joyce & Anderson, 1976",This sample comes from a possible hearth in a river bank near Green Gully. This sample is similar to and near Gak-966.,c14,,7710,,,,AUSTRALIA
12071,Naracoorte Coastal Plain,140.29,-37.65,Wyrie Swamp,Open site,ANU-1192A,8470,150,,,Charcoal,Charcoal,,,Radiocarbon,,Terrestrial,Open,Y,"Luebbers, 1978 cit. Bird & Frankel, 1991","A study (Bird & Frankel, 1991) using radiometric dates of southwest Victoria as a proxy for occupation/activity. The paper concludes that late Holocene intensification, at least from a social perspective perspective, was not the case. However, the paper does show increasing numbers of dates (n=80) in the late Holocene. Interesting features of the study include an apparent hiatus between 6-7ka and the appearance of earth mounds only in the last 2.5ka. This sample was found in association with chert artefacts.",c14,,8470,,,,AUSTRALIA
10001,Naracoorte Coastal Plain,140.29,-37.65,Wyrie Swamp,Aboriginal artefact,ANU-1490,9430,150,,,Wood,Wood/Plant Material,,,Radiocarbon,,Terrestrial,Open,Y,"Luebbers, 1978 cit. Bird & Frankel, 1991","A study (Bird & Frankel, 1991) using radiometric dates of southwest Victoria as a proxy for occupation/activity. The paper concludes that late Holocene intensification, at least from a social perspective perspective, was not the case. However, the paper does show increasing numbers of dates (n=80) in the late Holocene. Interesting features of the study include an apparent hiatus between 6-7ka and the appearance of earth mounds only in the last 2.5ka. This sample was taken from a boomerang (in an unexplained context in this paper).",c14,,9430,,,,AUSTRALIA
12073,Naracoorte Coastal Plain,140.29,-37.65,Wyrie Swamp,Open site,ANU-1247,10200,150,,,Charcoal,Charcoal,,,Radiocarbon,,Terrestrial,Open,Y,"Luebbers, 1978 cit. Bird & Frankel, 1991","A study (Bird & Frankel, 1991) using radiometric dates of southwest Victoria as a proxy for occupation/activity. The paper concludes that late Holocene intensification, at least from a social perspective perspective, was not the case. However, the paper does show increasing numbers of dates (n=80) in the late Holocene. Interesting features of the study include an apparent hiatus between 6-7ka and the appearance of earth mounds only in the last 2.5ka. This sample dates the base of the deposit.",c14,,10200,,,,AUSTRALIA
12074,Naracoorte Coastal Plain,140.29,-37.65,Wyrie Swamp,Open site,ANU-1292,10200,150,,,Charcoal,Charcoal,,,Radiocarbon,,Terrestrial,Open,Y,"Luebbers, 1978 cit. Bird & Frankel, 1991","A study (Bird & Frankel, 1991) using radiometric dates of southwest Victoria as a proxy for occupation/activity. The paper concludes that late Holocene intensification, at least from a social perspective perspective, was not the case. However, the paper does show increasing numbers of dates (n=80) in the late Holocene. Interesting features of the study include an apparent hiatus between 6-7ka and the appearance of earth mounds only in the last 2.5ka. This sample was taken from peat found in association with the boomerang (ANU-1490).",c14,,10200,Information within this entry has been inferred by authors - see Notes,,,AUSTRALIA
10741,Murray Darling Depression,143.43,-34.11,Emu Lake,Midden,N-1437,12100,150,,,Freshwater shell (Unionid sp.),Freshwater Shell,,,Radiocarbon,,Terrestrial,Open,Y,"Yamasaki et al., 1977",Part of  a geomorphology study of Emu Lake by Jim Bowler. This sample came from an Aboriginal midden in calcareous sandy clays near the south end of a lunette on the eastern margin of lake. The sample represents a minimum age for the last lacustrine phase of the lake.,c14,,12100,,,,AUSTRALIA
14112,Tasmanian Central Highlands,146.08,-41.7,Parmerpar Meethaner,Rockshelter,Beta-53222,12930,150,,,Charcoal,Charcoal,"Sq.A, spit 25; sq. B, spit 29, unit 3",113,Radiocarbon,,Terrestrial,Closed,Y,"Cosgrove, 1995","A rockshelter with extensive talus slope on the edge of Forth River, south of the Lemonthyme power station. The shelter is about 12 m above the river floor; the talus is composed of quartzite soil and rubble. Excavated originally in the 1990's by Sue Kee and subsequently by La Trobe Univesity, initial investigations recovered no cultural remains. Subsequent field seasons reached over 2m of deposit before sterile deposits were reached. Surface finds included bone, artefacts and European material; at 90 cm quartz thumbnail scrapers were recovered (indicative of Late Pleistocene). A total of about 2.5 sq. m was excavated. The excavations revealed seven stratigraphic units, most of which retained artefactual material, charcoal and bone, as well as frequent layers of ash and charcoal. Unit 7 was sterile. Artefact discard rates indicate increased numbers between c. 34 - 28 ka - the period of initial occupation; at c. 21ka, a hiatus occurs with a steady rise from c.18 - 13ka, peaking at c.14.25 ka; with dramatic drop in discard after 10 ka; a last slight increase occurs at c. 3ka. Artefacts in the pre-18ka were composed of large quartzite flakes from river cobbles, with a presence of quartz; quartz becomes dominant (c.95%) between c.15-10ka; hornfels increase from 10ka and dominate after 3.5ka. Thumbnail scrapers occur between c.21 - 28ka, increasing between 18-10 ka with the appearance end scrapers.  Faunal remains included pademelon, wombat, potaroo, snake, lizard, fish, bird and marsupial mouse, and were frequently burnt. This site shows one of the few examples of continuous occupation through the LGM into the late Holocene.",c14,,12930,,,,AUSTRALIA
14113,Tasmanian Central Highlands,146.08,-41.7,Parmerpar Meethaner,Rockshelter,Beta-53221,13970,150,,,Charcoal,Charcoal,"Sq. B, spits 26 and 27, unit 3",95,Radiocarbon,,Terrestrial,Closed,Y,"Cosgrove, 1995","A rockshelter with extensive talus slope on the edge of Forth River, south of the Lemonthyme power station. The shelter is about 12 m above the river floor; the talus is composed of quartzite soil and rubble. Excavated originally in the 1990's by Sue Kee and subsequently by La Trobe Univesity, initial investigations recovered no cultural remains. Subsequent field seasons reached over 2m of deposit before sterile deposits were reached. Surface finds included bone, artefacts and European material; at 90 cm quartz thumbnail scrapers were recovered (indicative of Late Pleistocene). A total of about 2.5 sq. m was excavated. The excavations revealed seven stratigraphic units, most of which retained artefactual material, charcoal and bone, as well as frequent layers of ash and charcoal. Unit 7 was sterile. Artefact discard rates indicate increased numbers between c. 34 - 28 ka - the period of initial occupation; at c. 21ka, a hiatus occurs with a steady rise from c.18 - 13ka, peaking at c.14.25 ka; with dramatic drop in discard after 10 ka; a last slight increase occurs at c. 3ka. Artefacts in the pre-18ka were composed of large quartzite flakes from river cobbles, with a presence of quartz; quartz becomes dominant (c.95%) between c.15-10ka; hornfels increase from 10ka and dominate after 3.5ka. Thumbnail scrapers occur between c.21 - 28ka, increasing between 18-10 ka with the appearance end scrapers.  Faunal remains included pademelon, wombat, potaroo, snake, lizard, fish, bird and marsupial mouse, and were frequently burnt. This site shows one of the few examples of continuous occupation through the LGM into the late Holocene.",c14,,13970,,,,AUSTRALIA
10791,Murray Darling Depression,141.68,-34.11,Wamba Yadu,Midden,ANU-8649,15400,150,,,Freshwater mussel shell,Freshwater Shell,Burial 27,,Radiocarbon,,Terrestrial,Open,Y,"Pardoe 1995 cit. Godfrey et al., 1996",A sample referred to as part of a wider review of Victorian radiocarbon dates. This sample is from an exposed burial on the Murray River. No further contextual information.,c14,,15400,,,,AUSTRALIA
14220,Tasmanian West,145.83,-42.44,Pallawa Trounta (TAS #2448) (also ACH 84/1; 'the Acheron site'; and Palewaredia Walana-Lanala),Rockshelter,Beta-66283,17110,150,,,Charcoal,Charcoal,"Sq. A, spit 25, SU lower A5",,Radiocarbon,,Terrestrial,Closed,Y,"Stern & Allen, 1996","A rockshelter located in a small dolomite outcrop bordering Acheron River, northwest Tasmania. The shelter was some 20 m long and 2-3 m high. It was initially recorded and excavated in 1984. Only a remnant of the original deposit remained, squashed up against the back of the shelter. The original excavations including a 30 cm section collected into three 'steps' each 10-12 cm thick. The three steps each contained artefacts, bones and charcoal in various proportions; intial dates for these deposits were between 13.5 - 15ka. Further excavations were undertaken in 1991 composed of three further test pits along the remnant deposit. Excavations ranged from about 50 - 100 cm with test pit A being the most complete. 11 stratigraphic units were identified. Cultural remains occur throughout the deposits, with highest quantities in A5 and A6. Due to changing sedimentation rates, it was concluded that occupation before the LGM (18ka) was intermittent (along with frequent flooding), after 18ka occupation was more sustained, and the shelter was abandoned by c. 13.5ka.",c14,,17110,,,,AUSTRALIA
10745,Murray Darling Depression,143,-33.7,Lake Arumpo,Midden,CAMS-2873,18800,150,,,Charcoal from hearth,Charcoal,"Top Hut 1, area 1, hearth 1, 0-5cm",,Radiocarbon,,Terrestrial,Open,Y,Gillespie 1997,,c14,,18800,,,,AUSTRALIA
14390,Victoria Midlands,142.67,-37.3,Drual DR/1 Grampians,Rockshelter,Beta-98020,22160,150,,,Charcoal,Charcoal,"Sq. C3, spit 15 (AHU-75)",,Radiocarbon,,Terrestrial,Closed,Y,Bird et al. 1998,"A very large rockshelter located in the Grampians that contains both red and white paintings. Four 1 x 1 sq. m were excavated and revealed deposits up to 70 cm deep. The sequence could be divided into two units. The upper unit comprises of several layers of sandy sediments, which are rich in organic material, including charcoal and plant fragments. Hearths and burrows were also evident. Lower unit retains less organic material. Stone artefacts were found throughout. One date was previously found in the upper part of the site (SUA-535).",c14,,22160,Information within this entry has been inferred by authors - see Notes,,,AUSTRALIA
11845,Murray Darling Depression,142.85,-35.23,Box Gully (Lake Tyrell),Open site,Wk-169,24372,150,,,Charcoal,Charcoal,"Sq. 2, Stratum 4",,Radiocarbon,,Terrestrial,Open,Y,"Richards et al., 2007","A lunette situated north of Lake Tyrell near Swan Hill. The focus of occupation was within stratum 4 of the lower lunette about 1 m below the surface and dated to c. 26-32ka. Hearth features, artefacts and remains of bettongs, hare-wallabies, shingle-backed lizard and freshwater mussel were all recovered. Artefacts totalled 14 and were dominated by silcrete with some quartz and chert; technology was simple and indicated early reduction. The findings suggest a short ocucpation through the LGM with adaptions to severe climate stress. Abandonment of the site occurred shortly after, with some evidence of occupation in stratum 5 (a single chert flake) as early as 40ka.",c14,,24372,,,,AUSTRALIA
10572,Arnhem Coast,134.8,-12,Larrakun-ajirripa,Midden,ANU-2012,1190,155,,,Charcoal,Charcoal,,,Radiocarbon,,Terrestrial,Open,Y,"Brockwell et al., 2009","This date appears to have an erronoeus lab code, since it conflicts with another date at Larrakun-ajirripa.",c14,,1190,Information within this entry has been inferred by authors - see Notes,,,AUSTRALIA
11382,Tasmanian West,146.37,-43.52,Lousia River Site 2,Midden,SUA-1063A,2830,155,,,Bone apatite,Bone,,,Radiocarbon,,Terrestrial,Open,Y,"Vanderwal & Horton, 1984",Part of a larger study of middens along the southwest coast of Tasmania. This site was composed of a single dense unit of shell between sterile sand dune deposits.,c14,,2830,,,,AUSTRALIA
14810,Sydney Basin,151.3,-33.59,Great Mackerel RS (45-6-1614),Rockshelter with midden deposits,ANU-6372,560,160,,,Charcoal,Charcoal,6/9/1; SU 3,22,Radiocarbon,,Terrestrial,Closed,Y,"McDonald , 1989, 1992, 2008","This rockshelter is located on a ridgeline overlooking Great Mackerel Beach in Pittwater. The RS was excavated as part of McDonald's PhD research and included extensive Aboriginal art motifs. Excavations were undertaken to form a correlation between directly dated art and deposits within the RS. The excavation revealed a deposit some 60 cm in depth. The site consisted of two deposits, a lower Bondaian between c.3,500 (ANU-6615) and 600 BP (ANU-6373) and containing only stone artefacts - primarily split quartz pebbles and indurated mudstone debitage overlain by a late Bondaian shell midden. The upper deposits were dominated by shell remains and accumulated more rapidly than lower deposits (25 cm in 340 years) suggestive of greater use in the last 500 years. Fish hooks were also found in this upper deposit. Sydney rock oyster (Crassosnea commercialis), the limpet (Cellana sp.), the hairy mussel (Trichonzya tiirsuta) and the black periwinkle (Nen'ta unanlentoscr) dominate the  midden in terms of minimum numbers. Fish (Snapper), small mammals and bird bones were also recovered. Some evidence of dietary change was noted and discussed.",c14,,560,,,,AUSTRALIA
14987,Gulf Coastal,136.99,-15.66,Barbara Cove Mound,Shell mound,ANU-12032,660,160,,,Charcoal,Charcoal,Spit 2,,Radiocarbon,,Terrestrial,Open,Y,"Brockwell et al., 2009; Sim & Wallis, 2008",,c14,,660,,,,AUSTRALIA
13971,Sydney Basin,150.32,-35.63,Durras North,Rockshelter,ANU-13,680,160,,,Charcoal,Charcoal,,85,Radiocarbon,,Terrestrial,Closed,Y,Polach et al. 1967,Midden site in sea cave at Durras North. Date comes from 85 cm below surface and 25 cm above sandstone bedrock in association with two edge-ground axes. Date was in broad association with Gak-873,c14,,680,,,,AUSTRALIA
11333,Sydney Basin,151.12,-34.14,Wattamolla,Midden,ANU-177,840,160,,,Charcoal,Charcoal,"Cutting G1, strata 2",7.5,Radiocarbon,,Terrestrial,Closed,Y,"Megaw, 1974 cit. Flood, 1983; Megaw & Roberts, 1974 cit. Sullivan, 1982","This site consists of two rockshelters within a cliff face on Wattamolla cove. The larger shelter retained two deposits, the lower was generally Bondaian, while the upper deposit retained little stone. Fishhooks and fish hook files were also found in association with this date. Faunal remains were dominated by reef fish and some seal, little land animals present.",c14,,840,,,,AUSTRALIA
10730,King,144.73,-40.33,Muttonbird Midden,Midden,ANU-1363,1610,160,,,Charcoal,Charcoal,,,Radiocarbon,,Terrestrial,Open,Y,"Bowdler, 1979 cit. Stockton, 1981",This sample is referred to in a review paper of Tasmanian radiocarbon dates by Stockton 1981. Limited contextual information is provided. This sample comes from the base of the midden.,c14,,1610,Information within this entry has been inferred by authors - see Notes,,,AUSTRALIA
13801,South Eastern Highlands,148.95,-35.45,Birrigai Rockshelter,Rockshelter,Beta-17657,2740,160,,,Charcoal,Charcoal,"T 06B, IVb top",35.2-39.6,Radiocarbon,,Terrestrial,Closed,Y,"Flood et al., 1987","A rockshetler in Tidbinbilla, ACT. The rockshelter contains four phases of occupation: 1) pre-21,000 - sterile deposits; 2) 21-3,000 BP - occupation commences including a well-defined hearth at 15,930 BP. Plant and animal resources were used during this period. Low intensity of occupation is present with minimal artefacts, charcoal or other materials. No evidence of a change between the Pleistocene/Holocene in the site; 3) 3,000 - 100 BP - occupation intensity increases dramatically, including artefacts, charcoal and sedimentation rates; and 4) 100 BP - present - represented by layer 1 and shows a slight decline in charcoal and artefacts. The overall model produced in the paper indicated increasing occupations at 3,000 BP before a decline after 2,000 BP due to re-organisation of people in the landscape. This sample found in association with artefacts.",c14,,2740,,,,AUSTRALIA
10919,NSW North Coast,153.17,-29.22,Wombah 1,Midden,GaK-375,2760,160,,,Charcoal,Charcoal,"Sq. (d), layer VIII","25-30""",Radiocarbon,,Terrestrial,Open,Y,"Kigoshi et al, 1966; McBryde, 1966, 1974","Part of a wider study of prehistory in New England by I. McBryde. Site was large midden on north bank of Clarence River between Wombah and Woody Head, now some 8 miles inland. Several parts of the midden were already destroyed through development at time of excavation. Eight test pits were excavated in 1963 and 1964. Four main levels were identified with levels I-IIIA retaining the bulk of the assemblage, levels VIII-VII also retained a significant number, level VI was culturally sterile, level IV was basal clear sand, but did retain some artefacts (perhaps tread-in) (note: levels are numerically recorded - from top to bottom levels were I, II, IIA, V, VI, VII, VIII, III, IV). The midden was dominated by oyster with lesser fish and animal bones. Site retained few artefacts and included pebble artefacts, groud-edge axes, some utilised and retouched flakes and a few bone points. No fish hooks or files were evident. . Dates the earliest occupation of the site with sterile deposits beneath.",c14,,2760,,,,AUSTRALIA
10528,Victoria Volcanic Plain,144.83,-37.73,Keilor,Hearth,W-125,3010,160,,,Charcoal,Charcoal,,,Radiocarbon,,Terrestrial,Open,Y,"Rubin & Suess, 1955; Gill, 1966; Joyce & Anderson, 1976","Part of a series of excavations by E.D. Gill to identify the age of the Keilor skull found in this area. Hearth retaining charcoal and bones within the Keilor Terrace. The young age indicates that this date may be intrusive and should be treated with caution. Joyce & Anderson indicates this date may also have been 3100 +/- 160, and similarly indicate its young age for the geological deposit it was found in.",c14,,3010,,,,AUSTRALIA
11347,Tasmanian South East,147.33,-42.98,Alum Cliffs,Midden,SUA-599,3875,160,,,Charcoal,Charcoal,,,Radiocarbon,,Terrestrial,Open,Y,"Stockton et al., 1979 cit. Stockton, 1981","This sample is referred to in a review paper of Tasmanian radiocarbon dates by Stockton 1981. This sample was the basal date of a midden. Limited contextual information is provided. The paper does not indicate if this sample is terrestrial or marine -given the lack of reservoir correction discussio in the paper, it is assumed to be terrestrial.",c14,,3875,Information within this entry has been inferred by authors - see Notes,,,AUSTRALIA
12341,Swan Coastal Plain,116.06,-31.74,Walyunga,Open site,SUA-509,6135,160,,,Charcoal,Charcoal,C18-19,90,Radiocarbon,,Terrestrial,Open,Y,"Gillespie & Temple, 1979",Charcoal sample relate to conclusion of period with no major technology change. Brozoan chert still available.Interpretations at this site include the reduction in Broyozoan chert due to changing sea level.,c14,,6135,,,,AUSTRALIA
12069,Naracoorte Coastal Plain,140.29,-37.65,Wyrie Swamp,Open site,ANU-1377,7930,160,,,Charcoal,Charcoal,,,Radiocarbon,,Terrestrial,Open,Y,"Luebbers, 1978 cit. Bird & Frankel, 1991","A study (Bird & Frankel, 1991) using radiometric dates of southwest Victoria as a proxy for occupation/activity. The paper concludes that late Holocene intensification, at least from a social perspective perspective, was not the case. However, the paper does show increasing numbers of dates (n=80) in the late Holocene. Interesting features of the study include an apparent hiatus between 6-7ka and the appearance of earth mounds only in the last 2.5ka. This sample was found in association with spear fragments.",c14,,7930,,,,AUSTRALIA
14414,Warren,115.07,-34.15,Devils Lair,Rockshelter,O-654,8500,160,,,Charcoal,Charcoal,,,Radiocarbon,,Terrestrial,Closed,Y,"Lundelius, 1960 cit. Dortch & Merrilees, 1973; Davies, 1968","A deep limestone cave containing deep earthy deposits, which has been excavated since 1955. Deposits consist of various flowstones capping earthy and silty clay units; the flowstones have been used to indicate the start/end of deposits. Artefact assemblage included quartz, chert and limestone materials and animal bone and were present over most of the last 12,000 years. Site also includes numerous bone points, some of them in association with radiocarbon dates of 19,000 BP. Direct occupation is evident living floors associated with hearth 1 and Pits 1  (c. 220 cm below surface) and 2 (c.210 cm below surface). The lowest evidence of continued occupation was at layer 30, with only sparse artefactual remains between layers 31-38, and sterile deposits between layers 39 - 51. . This date was taken in association with a human incisor, baler shell and stone artefacts.",c14,,8500,,,,AUSTRALIA
10913,NSW North Coast,152.99,-30.9,Stuarts Point 1,Midden,SUA-484,9320,160,,,Wood charcoal,Wood/Plant Material,"Cutting I, layer 2",,Radiocarbon,,Terrestrial,Open,Y,"Connah, 1976","A large midden dominated by cockle and oyster shell. Site also contains hearths, stone artefact, bone points, animal and fish bone and plant remains. This date marks the change from cockle dominated deposits to oyster dominated deposits. Attenbrow (1999) suggests that this date is disputed.",c14,,9320,,,,AUSTRALIA
13803,South Eastern Highlands,148.95,-35.45,Birrigai Rockshelter,Rockshelter,Beta-16653,10160,160,,,Charcoal,Charcoal,"T 7B, IVb base",45.2-50.2,Radiocarbon,,Terrestrial,Closed,Y,"Flood, 1983; Flood etal., 1987","A rockshetler in Tidbinbilla, ACT. The rockshelter contains four phases of occupation: 1) pre-21,000 - sterile deposits; 2) 21-3,000 BP - occupation commences including a well-defined hearth at 15,930 BP. Plant and animal resources were used during this period. Low intensity of occupation is present with minimal artefacts, charcoal or other materials. No evidence of a change between the Pleistocene/Holocene in the site; 3) 3,000 - 100 BP - occupation intensity increases dramatically, including artefacts, charcoal and sedimentation rates; and 4) 100 BP - present - represented by layer 1 and shows a slight decline in charcoal and artefacts. The overall model produced in the paper indicated increasing occupations at 3,000 BP before a decline after 2,000 BP due to re-organisation of people in the landscape. This sample found in association with artefacts.",c14,,10160,,,,AUSTRALIA
14173,Tasmanian Southern Ranges,146.84,-41.56,ORS 7,Rockshelter,Beta-27079,10440,160,,,Charcoal,Charcoal,"Layer 2, spit 3",15,Radiocarbon,,Terrestrial,Closed,Y,"Cosgrove, 1989, 1996a","A sandstone rockshelter located on the edge of the Tasmanian high plateau on the Shannon River. At the time of publication, the analysis of this site was minimal. The site consisted of a deposit 55 cm deep and containing four stratigraphic units. The lowest was sterile. Layer 3 was a sandy akaline soil and contained 371 artefacts. The lowest date, 30,840 BP, contained 179 artefacts. The sample dated to 19,080 BP was from a hearth in spit 5, while 17,660 BP came from a fire pit. This spit contained 22 artefacts and indicated occupation during the LGM. Layer 2 was dated to between 18ka (from a hearth in spit 4) and 10 ka and contained 96 artefacts, some bone and emu eggshell. Layer 1 was disturbed with a date of 2.4 ka from a hearth 5 cm below the surface. Burnt organic matter, charcoal and 177 artefacts (some retouched) were found from this layer. Stone material appeared to have been sourced locally. The eary dates indicate the Tasmania was connected to the mainland several times during the last 50 ka; that megafauna was extinct in Tasmania by 30 ka (given its absence here); and that occupation occurred during the LGM despite poor climatic conditions and glaciation.",c14,,10440,,,,AUSTRALIA
13346,Kanmantoo,137.08,-35.92,Seton Site,Rockshelter,ANU-925,10940,160,,,Charcoal,Charcoal,,,Radiocarbon,,Terrestrial,Closed,Y,"Lampert, 1977","Intense period of activity at the site, including small scrapers and quartz bipolar flaking and bone awls from Kangaroo tibiae. Grey kangaroo featured prominently in the diet at this time. Shortly after this period of intense occupation, activity at the site ceased.",c14,,10940,,,,AUSTRALIA
10099,Riverina,144.3,-35.96,Kow Swamp,Burial,ANU-1235,11350,160,,,Freshwater shell,Freshwater Shell,,,Radiocarbon,,Terrestrial,Open,Y,"Thorne, 1975 cit. Godfrey et al., 1996",A series of samples noted in a wider study of Victorian radiocarbon dates. This sample is referred to as a shell sample coming from burial 17.,c14,,11350,,,,AUSTRALIA
10108,Riverina,143.93,-34.45,Nacurrie,Burial,Not given,11440,160,,,Bone,Bone,,,Radiocarbon,,Terrestrial,Open,Y,"Brown, 1994 cit. Pardoe, 1995",A paper discussing the appearance of cemeteries and burial complexes along the Murray River. This date is listed as a male buria. This burial was considered to date one of the older burial clusters discussed.,c14,,11440,Information within this entry has been inferred by authors - see Notes,,,AUSTRALIA
10109,Riverina,143,-35,Narcurrie,Burial,Not given,11440,160,,,Human bone,Bone,,,Radiocarbon,,Terrestrial,Open,Y,"Pardoe, 1993",Part of a wider study reviewing ages of skeletal remains along the Murray-Darling River.,c14,,11440,Information within this entry has been inferred by authors - see Notes,,,AUSTRALIA
14186,Tasmanian West,146.42,-42.61,Condominium Cliffs 2,Rockshelter,R11769/4 NZA-564,13840,160,,,Charcoal,Charcoal,XU II,10,Radiocarbon,,Terrestrial,Closed,Y,"Brown et al., 1991","A small rockshelter near Denison River, Tasmania. The rockshelter has a low ceiling with an alcove 3 m beyond the rear wall of the main part of the shelter. The floor deposit had been severely eroded, but stone artefacts were visible on the surface, including quartz and quartzite flakes and cobbles. A 35 cm ( 50 cm based on figures) exposure at the rear of the shelter was cleaned and investigated for material. The section contained seven stratigraphic units: Unit II, a yellow brown clayey fine sand contained stone artefacts and charcoal. Unit III also contained artefacts and charcoal; units IV and V were sterile; unit VI was thought to be a hearth; unit VII was bedrock. 28 artefacts were recovered fromt he section: one quartzite flake, seven quartz flakes, 13 quartz flaked pieces, thre chalcedony flakes, one chalcedony flaked piece and one piece of Darwin glass. The Darwin glass was found in association with dated to 17,540 +/- 220 years BP. No bone was present in the section.",c14,,13840,Information within this entry has been inferred by authors - see Notes,,,AUSTRALIA
14150,Tasmanian Southern Ranges,146.44,-42.85,Bone Cave (TAS #1790),Rockshelter,Beta-37548,14960,160,,,Charcoal,Charcoal,"Sq. C, spit 23, SU 4, No. 12",c.90,Radiocarbon,,Terrestrial,Closed,Y,"Allen, 1996","A rockshelter first recorded by Weston (1969); lost and subsequently re-found by a geologist (Clive Calver). Ranson and Kiernan re-investigated the site before further nivestigation in 1988 by Allen et al. The site is located on Weld River, 7 m above the river. The cave is 4 x 3 x 1.5 m in size with a large talus of deposit inside of the cave, as well as a small water channel. Ten stratigraphic units were present (initially considered three units in earlier excavations):  the upper units (SU1 -4), 10-20 cm, composed of light brown cave earths and contained few stone tools and small bird, rodent and lizard bones - questionable whether a unit derived from human occupation or not; SU's 5 and 6 were a sterile sand considered to be a period of about 7ka across the LGM; a middle unit (spit data suggests around 32.5 cm - 52.5 cm) (SU 8), composed of darker brown silty soils and contained grey ashy lenses, large quantites of stone flakes and animal bones (relatively unfragmented) - primarily larger marsupials, and dated to c. 15.5 - 13.5ka; and a lower unit (spit data suggests around 52.5 cm - 74 cm) (SU 9) with blackened matrix (and dense in charcoal) and frequent hearths and contained similar finds to the middle unit, but they are more fragmented, and dated to c. 29 - 23 ka; and SU 10 - a sterile sand. Artefacts were primairly of quartzite from locally-derived material (within the cave), as well as other materials including Florentine, chalcedony, jasper, silcrete, hornfels, non-local quartzite, Mt Read volcanics and a fragment of Darwin glass (from an impact crater >100 km away). Artefacts included steep-sided and sometime multi-platform cores and several scrapers. A bone point from a macropod tibia was also recovered.",c14,,14960,,,,AUSTRALIA
14389,Victoria Midlands,142.67,-37.3,Drual DR/1 Grampians,Rockshelter,Beta-88523,22140,160,,,Charcoal,Charcoal,"Sq. C4, spit 13 (AHU-32)",,Radiocarbon,,Terrestrial,Closed,Y,Bird et al. 1998,"A very large rockshelter located in the Grampians that contains both red and white paintings. Four 1 x 1 sq. m were excavated and revealed deposits up to 70 cm deep. The sequence could be divided into two units. The upper unit comprises of several layers of sandy sediments, which are rich in organic material, including charcoal and plant fragments. Hearths and burrows were also evident. Lower unit retains less organic material. Stone artefacts were found throughout. One date was previously found in the upper part of the site (SUA-535).",c14,,22140,Information within this entry has been inferred by authors - see Notes,,,AUSTRALIA
14059,Sydney Basin,150.58,-33.67,"Springwood Creek, Springwood",Rockshelter,SUA-17,2930,165,-24,2,Charcoal,Charcoal,,40-46,Radiocarbon,,Terrestrial,Closed,Y,Stockton & Holland 1974 ; Gillespie et al. 1972,"Rockshelter with several phases of occupation. Phase I-IV exhibits Bondaian technology between 0 and 60 cm. 60 - 70 cm is sterile, with four dates (although only two are presented) for a Capertian assemblage between 70 - 140cm (Phases V-VI). This date reflects Phase IV. This date marks the basal limit of Bondaian industry",c14,,2930,,,,AUSTRALIA
14826,Tasmanian Northern Slopes,145.51,-40.86,Rocky Cape South,Rockshelter with midden deposits,GXO-266,8120,165,,,Wood charcoal,Wood/Plant Material,RCI,,Radiocarbon,,Terrestrial,Closed,Y,"Reber, 1965; Colley & Jones, 1987","A site originally identified and investigated by Reber in 1965. Reber stated that the midden deposit extended 50 yards into the cave as well as down onto the talus slope. He took this date from 10ft below the surface. Colley & Jones undertook a further study of Rocky Cape rockshelter, following on from work begun in the 1970's by Rhys Jones. This study confirmed earlier findings that fish remains were not present after 3500 BP. The paper further outlines at least two types of fishing methods were adopted, including nets and bait boxes. This date reflects a basal date for RCI.",c14,,8120,,,,AUSTRALIA
12102,Riverina,144.3,-35.96,Kow Swamp,Open site,ANU-1099,8190,165,,,Charcoal,Charcoal,,105,Radiocarbon,,Terrestrial,Open,Y,"Wright, 1975","This sample relates to a series of excavations exploring and dating the Kow Sands, a geomorphological deposit overlying the Cahuna Silt. Artefacts were recovered from the Kow Sands. Artefacts were found in three discrete occupation horizons and dominated by quartz. The assemblages straddle the age between skeletal remains found at the site.",c14,,8190,Information within this entry has been inferred by authors - see Notes,,,AUSTRALIA
11394,Victoria Volcanic Plain,146.23,-39.09,Great Glennie Island/1,Midden,ANU-2425,320,170,,,Charcoal,Charcoal,"Spit 10, unit 3",53,Radiocarbon,,Terrestrial,Closed,Y,"Head et al., 1983 cit. Gaughwin & Fullagar, 1995; Head et al., cit. Godfrey et al., 1996.","A site mentioned in a review section of these two papers. This date comes from the basal deposits of a midden excavated on Great Glennie Island. The midden is made up of five prehistoric layers made up of rock platform shellfish (predominantly limpets), bone, charcoal and stone artefacts. It was interpreted as a series of short term visits to the region.",c14,,320,,,,AUSTRALIA
11146,South East Corner,149.91,-36.95,Lake Pambula,Midden,ANU-2828,590,170,,,Charcoal,Charcoal,Spit 7,35.5,Radiocarbon,,Terrestrial,Open,Y,"Sullivan, 1982; Sullivan, 1984 cit. Brown, 2005; Sullivan, 1984","Test excavations of a sell mound as part of a PhD thesis. Trench 1 x 0.5 m dug to bedrock (1.2 m) revealed three units: 1) upper midden dominated by mussel and dated to about 1,200 BP; 2) middle midden dominated by hairy mussel with some mud oyster and dated to 1200 - 2300 BP; and 3) lower midden dominated by mud oyster and dating to 2300 - 3000 BP. Other finds included bone (bird, land and sea mammals, fish), bone tools and stone artefacts. No fish hooks, etc were observed. This sample was part of a charcoal-marine pair from spit 7 - pairs with ANU-2827",c14,,590,,,,AUSTRALIA
10057,Murray Darling Depression,141.2,-35.2,Lake Victoria,Burial,ANU-421,750,170,-22,,Human bone collagen,Bone,,,Radiocarbon,,Terrestrial,Open,Y,Blackwood and Simpson 1973; Polach et al. 1978,Aboriginal midden and charcoal located on top of Nulla Nulla Sand formation east of Lake Victoria. Dates one of 16 skeletons found in this proximity.,c14,,750,,,,AUSTRALIA
10364,Flinders Lofty Block,139.45,-32.02,Plumbago site 9907,Hearth,ANU-2304,900,170,,,Charcoal,Charcoal,Hearth,,Radiocarbon,,Terrestrial,Open,Y,M Smith 1980 unpub MA,,c14,,900,,,,AUSTRALIA
10484,Simpson Strzelecki Dunefields,134.23,-24.76,Simpson Desert 275,Hearth,GX14608,1260,170,,,Charcoal,Charcoal,buried hearth,,Radiocarbon,,Terrestrial,Open,Y,Napton&Greathouse 1996,,c14,,1260,,,,AUSTRALIA
10823,Naracoorte Coastal Plain,140.69,-38.05,Finger Point 1,Midden,ANU-6354,1810,170,,,Charcoal,Charcoal,North section,,Radiocarbon,,Terrestrial,Open,Y,"Egloff et al., 1989; Egloff et al., 1989 cit. Bird & Frankel, 1991","A study of five middens dominated by subinella sp. and flint nodules along the South Australia coast. The study was undertaken as mitigation prior to a proposed development. Bird & Frankel (1991) used these dates as part of a proxy for occupation/activity. Their paper concludes that late Holocene intensification, at least from a social perspective perspective, was not the case. However, the paper does show increasing numbers of dates (n=80) in the late Holocene. Interesting features of the study include an apparent hiatus between 6-7ka and the appearance of earth mounds only in the last 2.5ka.",c14,,1810,,,,AUSTRALIA
11990,Murray Darling Depression,139.63,-34.31,Roonka Flat Dune,Open site,OZA-674U2,1870,170,,,Human bone collagen,Bone,RA 32A,27-36,Radiocarbon,,Terrestrial,Open,Y,"Pate et al., 1998","A follow-up study of the Roonka Flat burial ground. Pate indicates that some 147 burials had been recovered primarily from Trench A. The trench was 30 x 15 m in size and reached depths of 6-7 m. Most of the burials were constrained to the upper 2 m. The data indicates that the area was used exclusively for burials between 10 - 7 ka before other camp activities occurred concurrently with the burials after 7 ka. The paper concludes that most burials occurred through the late Holocene after 6 ka. This date was an AMS from a 1g sub-sample of a piece of cortical bone, which exhibited <5% acid insoluble yield. This date came from burial RA 32A, a fully extended burial.",c14,,1870,,,,AUSTRALIA
10421,Murray Darling Depression,143.1,-33.8,Lake Mungo (WOC-3),Hearth,ANU 664,2060,170,,,Charcoal from hearth,Charcoal,,,Radiocarbon,,Terrestrial,Open,Y,"Barbetti 1973, Johnston & Clark, 1998",,c14,,2060,,,,AUSTRALIA
10071,Murray Darling Depression,142.41,-32.4,Menindee,Burial,ANU-7504,2150,170,,,Human bone apatite,Bone,,,Radiocarbon,,Terrestrial,Open,Y,"Pardoe, 1993",Part of a wider study reviewing ages of skeletal remains along the Murray-Darling River.,c14,,2150,Information within this entry has been inferred by authors - see Notes,,,AUSTRALIA
10475,Simpson Strzelecki Dunefields,140.27,-26.84,Ellar Creek 1,Hearth,ANU-5428,3080,170,,,Termite nest used in hearth,Other,,,Radiocarbon,,Terrestrial,Open,Y,Williams 1988,,c14,,3080,,,,AUSTRALIA
13920,Sydney Basin,150.2,-35.11,Bulee Brook 2,Rockshelter,ANU-8432,3260,170,,,Charcoal from hearth,Charcoal,"Sq. 1., spit 7",,Radiocarbon,,Terrestrial,Closed,Y,"Boot 1993, 1994","Sansdstone shelter on Bulee Brook, a tributary of the Endrick River. In the vicnitiy of Bobs Cave and Sassfras 1.. Date from a hearth within the rockshelter. Hearth overlays backed blade horizons. No evidence of bipolar technology in this site.Site indicates a hiatus in occupation at spit 7, with bondaian industry dominated by silcrete above and an assemblage dominated by quartz below.",c14,,3260,,,,AUSTRALIA
10023,Murray Darling Depression,144,-35.1,Jeraly Edward River,Burial,ANU 8974B,4580,170,,,Human bone collagen,Bone,,,Radiocarbon,,Terrestrial,Open,Y,Pardoe 1995,,c14,,4580,Information within this entry has been inferred by authors - see Notes,,,AUSTRALIA
13904,Sydney Basin,149.72,-32.29,BOB/1 (Ulan),Rockshelter,ANU-287,5150,170,,,Charcoal,Charcoal,"Sq. E, level 7","25-26""",Radiocarbon,,Terrestrial,Closed,Y,Moore 1970,"Excavation of rockshelter near Queens Creek (Ulan), 16,609 artefacts recovered with 907 being implements to depths of 48"" (hard grey sterile clay and/or sandstone bedrock found beneath this point). Different from Hunter Valley in raw materials - milky quartz, rock crystal and fine grained grey chert. Bondi points found throughout.  69 bone implements also identified, 42 of which were burins. Bone found only in levels 1-3 (many of which were post-European species).This date was undertaken to clarify the date of Level 7, which retained Bondi Points following the the findings of ANU-124. Clarification still suggested Bondi Points to depths below this date.",c14,,5150,Information within this entry has been inferred by authors - see Notes,,,AUSTRALIA
14060,Sydney Basin,150.58,-33.67,"Springwood Creek, Springwood",Rockshelter,SUA-18,6050,170,-24,2,Charcoal,Charcoal,,76,Radiocarbon,,Terrestrial,Closed,Y,Stockton & Holland 1974 ; Gillespie et al. 1972,"Rockshelter with several phases of occupation. Phase I-IV exhibits Bondaian technology between 0 and 60 cm. 60 - 70 cm is sterile, with four dates (although only two are presented) for a Capertian assemblage between 70 - 140cm (Phases V-VI). This date marks the upper limit of Capertian industry - sterile units occur above this before the Bondaian industry occurs.",c14,,6050,,,,AUSTRALIA
13167,Flinders,147.75,-40.08,Mannalargenna Cave,Rockshelter,SUA-2895,7960,170,,,Charcoal,Charcoal,"Sq. C1, spit 2",05-Oct,Radiocarbon,,Terrestrial,Closed,,"Brown, 1993","A rockshelter on Prime Seal Island originally identified by Harris and subsequently excavated by Brown. Excavations of a stepped 3 x 3 m test pit was undertaken to a depth of 3.5 m below surface (a further 48 cm before bedrock/rock fall was below this - identified by a probe). The excavations identified four stratigraphic units: 1) a shallow dark brown clayey sand - modern disturbance zone; 2) the bulk of the site was composed of brownish yellow calcareous sand and contained the majority of the cultural deposits; 3) and 4) sand deposits, largely sterile. A wide range of bone was recovered, including Broad toothed rat, Long tailed rat, New Holland mouse and five species of kangaroo - some of this is from animals, with peak human activity in spits 15-28. Emu and eggshell were present. About 1,800 artefacts were recovered, dominated by topaz and quartz with some quartzite, limestone and silcrete. Sim summarised the site as follows: a low occupation during the Terminal Pleistocene and early Holocene, with possible peak activity during the LGM; along with Beeton RS retained worked and retouched fossil shell artefacts, high percentage of quartz crystal flakes and cores, small amounts of ochre, scallop shell for ornament and food remains including extinct emu eggshell fragments and grey forester kangaroo bone.",c14,,7960,,,,AUSTRALIA
14194,Tasmanian West,145.7,-41.69,Mackintosh 90/1 (TAS #4551),Rockshelter,Beta-54738,10440,170,,,Charcoal,Charcoal,SU II,,Radiocarbon,,Terrestrial,Closed,Y,"Portch, 1992 cit. Allen & Cosgrove, 1996","A follow up study of the Mackintosh 90/1 rockshelter excavated by Stern and Marshall (1993). A further five radiocarbon dates were obtained from horizon II - the only stratigraphic unit within the shelter containing cultural materials. These further results broadly agree with the earlier work, but suggest an earlier occupation of the site (pushing it into the LGM, rather than post LGM). Portch further re-classified horizon II into two units: Layer 1 dating from c. 20 - 14ka, and layer 2 dating to c.15 - 14ka (errors in the ages accounting for the overlap). Portch further identified a layer 3, which formed part of Stern and Marshall's horizon II and III; this layer contained hearths and was dated to c.15-10ka. Some suggestion that the site was used into the Holocene is also inferred.",c14,,10440,Information within this entry has been inferred by authors - see Notes,,,AUSTRALIA
11961,Murray Darling Depression,142.05,-34.17,Merbein/Irymple (also JH/1; 73294/001),Open site,SUA-963,13340,170,,,Freshwater mussel (Velesunio ambiguus sp.),Freshwater Shell,,,Radiocarbon,,Terrestrial,Open,Y,"Coutts, 1980; Ross, 1981","A site near Merbein in northwest Victoria excavated by Coutts in 1977. This was a very large site overlooking a billabong of the Murray River. The site contained two separated cultural horizons, each dominated by freshwater mussel. Coutts suggests that the site was occupied only intermittently and exclusively for shellfish exploitation. Ross referenced this date in a wider study of the Mallee region of northwest Victoria.",c14,,13340,Information within this entry has been inferred by authors - see Notes,,,AUSTRALIA
14204,Tasmanian West,145.7,-41.69,Mackintosh 90/1 (TAS #4551),Rockshelter,Beta-45815,15730,170,,,Charcoal,Charcoal,"Sq. HN, spit 19, SU 2",c.50,Radiocarbon,,Terrestrial,Closed,Y,"Stern & Marshall, 1993","A rockshelter located on a limestone bluff adjacent Brouham's inlet, part of Lake Mackintosh, western Tasmania. This site was located as part of the wider Southern Forests Archaeological Project in the early 1990's - the site had a prospectors trench (1-1.5 m deep) showing stratigraphy, as well as surface artefacts and bone. Thirteen 50 x 50 cm test pits were undertaken into the floor deposits. Spits were 2.5 cm thick. The excavations revealed four stratigraphic units: the lowest deposit was a white/yellow silty sand sterile of cultural material; above this is 60 cm of hearthy, ashy and cultural remains (horizon II); overlying this is sediment following abandonment of the site and overburden from the prospectors trench. Radiocarbon dates suggest occupation occurred between c. 17-15ka. Analysis was not complete at time of publication. Artefacts were dominated by quartz with presence of quartzite, chert, hornfels, crystal quartz and Darwin glass, and  did include flaking debris and thumbnail scrapers. Bone was recovered, and included Bennett's Wallaby and wombat. Interpretation of this site is later modified by Portch (1992) cit. Allen & Cosgrove, 1996, and suggests occupation between c.20 - 10ka with some suggestion of Holocene use as well.",c14,,15730,,,,AUSTRALIA
14155,Tasmanian Southern Ranges,146.44,-42.85,Bone Cave (TAS #1790),Rockshelter,Beta-37545/ETH-6734,15840,170,,,Charcoal,Charcoal,"Sq C, spit 2, SU 2, No. 8",,Radiocarbon,,Terrestrial,Closed,Y,"Allen, 1996","A rockshelter first recorded by Weston (1969); lost and subsequently re-found by a geologist (Clive Calver). Ranson and Kiernan re-investigated the site before further nivestigation in 1988 by Allen et al. The site is located on Weld River, 7 m above the river. The cave is 4 x 3 x 1.5 m in size with a large talus of deposit inside of the cave, as well as a small water channel.  Ten stratigraphic units were present (initially considered three units in earlier excavations):  the upper units (SU1 -4), 10-20 cm, composed of light brown cave earths and contained few stone tools and small bird, rodent and lizard bones - questionable whether a unit derived from human occupation or not; SU's 5 and 6 were a sterile sand considered to be a period of about 7ka across the LGM; a middle unit (spit data suggests around 32.5 cm - 52.5 cm) (SU 8), composed of darker brown silty soils and contained grey ashy lenses, large quantites of stone flakes and animal bones (relatively unfragmented) - primarily larger marsupials, and dated to c. 15.5 - 13.5ka; and a lower unit (spit data suggests around 52.5 cm - 74 cm) (SU 9) with blackened matrix (and dense in charcoal) and frequent hearths and contained similar finds to the middle unit, but they are more fragmented, and dated to c. 29 - 23 ka; and SU 10 - a sterile sand. Artefacts were primairly of quartzite from locally-derived material (within the cave), as well as other materials including Florentine, chalcedony, jasper, silcrete, hornfels, non-local quartzite, Mt Read volcanics and a fragment of Darwin glass (from an impact crater >100 km away). Artefacts included steep-sided and sometime multi-platform cores and several scrapers. A bone point from a macropod tibia was also recovered.  This sample was taken from the upper spit of the middle unit. This sample was an AMS date on a small sample. An AMS sample to try and determine the termination of human occupation. Considered slightly too old possibly due to carbonate contamination.",c14,,15840,,,,AUSTRALIA
14222,Tasmanian West,145.83,-42.44,Pallawa Trounta (TAS #2448) (also ACH 84/1; 'the Acheron site'; and Palewaredia Walana-Lanala),Rockshelter,Beta-44079,18060,170,,,Charcoal,Charcoal,"Sq. A, spit 28, SU top of A4",,Radiocarbon,,Terrestrial,Closed,Y,"Cosgrove, 1999","A rockshelter located in a small dolomite outcrop bordering Acheron River, northwest Tasmania. The shelter was some 20 m long and 2-3 m high. It was initially recorded and excavated in 1984. Only a remnant of the original deposit remained, squashed up against the back of the shelter. The original excavations including a 30 cm section collected into three 'steps' each 10-12 cm thick. The three steps each contained artefacts, bones and charcoal in various proportions; intial dates for these deposits were between 13.5 - 15ka. Further excavations were undertaken in 1991 composed of three further test pits along the remnant deposit. Excavations ranged from about 50 - 100 cm with test pit A being the most complete. 11 stratigraphic units were identified. Cultural remains occur throughout the deposits, with highest quantities in A5 and A6. Due to changing sedimentation rates, it was concluded that occupation before the LGM (18ka) was intermittent (along with frequent flooding), after 18ka occupation was more sustained, and the shelter was abandoned by c. 13.5ka. Cosgrove (1999) indicates this date as the first appearance of thumbnail scrapers at the site.",c14,,18060,,,,AUSTRALIA
14164,Tasmanian Southern Ranges,146.44,-42.85,Bone Cave (TAS #1790),Rockshelter,Beta-29988,23270,170,,,Charcoal,Charcoal,B/57,c.142.5,Radiocarbon,,Terrestrial,Closed,Y,"Allen, 1989, 1996","A rockshelter first recorded by Weston (1969); lost and subsequently re-found by a geologist (Clive Calver). Ranson and Kiernan re-investigated the site before further nivestigation in 1988 by Allen et al. The site was not completed in 1988 and a further 2 x 50 cm test pit to a depth of 152 cm was undertaken in 1989. The site is located on Weld River, 7 m above the river. The cave is 4 x 3 x 1.5 m in size with a large talus of deposit inside of the cave, as well as a small water channel.  They identified three stratigraphic units: the upper unit, 10-20 cm, composed of light brown cave earths and contained few stone tools and small bird, rodent and lizard bones - questionable whether a unit derived from human occupation or not; a middle unit (spit data suggests around 32.5 cm - 52.5 cm), composed of darker brown silty soils and contained grey ashy lenses, large quantites of stone flakes and animal bones (relatively unfragmented) - primarily larger marsupials; and a lower unit (spit data suggests around 52.5 cm - 74 cm) with blackened matrix (and dense in charcoal) and frequent hearths and contained similar finds to the middle unit, but they are more fragmented. Artefacts were primairly of quartzite from locally-derived material (within the cave), as well as other materials including Florentine, chalcedony, jasper, silcrete, hornfels, non-local quartzite, Mt Read volcanics and a fragment of Darwin glass (from an impact crater >100 km away). Artefacts included steep-sided and sometime multi-platform cores and several scrapers. A bone point from a macropod tibia was also recovered.",c14,,23270,,,,AUSTRALIA
12494,Victoria Volcanic Plain,144.83,-37.73,Keilor,Open site,NZ-1222,6186,171,,,Carbonate,Other,,,Radiocarbon,,Terrestrial,Open,Y,"Gill, unpub. cit. Godfrey et al., 1996","A sample referenced as part of a compilation of Victorian radiocarbon dates. This sample comes from a superficial crust on femur. It is a revised NZ date. While not specified, it may be related to NZ-1221.",c14,,6186,,,,AUSTRALIA
12540,Wet Tropics,146.122,-17.61,Mourilyan Midden,Open site,Wk-11350,3827,172,,,Charcoal,Charcoal,,,Radiocarbon,,Terrestrial,Open,Y,Cosgrove et al. 2007,"Incorrectly cited as shell in Cosgrove et al. (2007:Table 1) (Cosgrove, pers. comm., 2009).",c14,,3827,,,,AUSTRALIA
11843,Murray Darling Depression,142.85,-35.23,Box Gully (Lake Tyrell),Open site,Wk-167,23507,174,,,Charcoal,Charcoal,"Sq. 1, Stratum 4",,Radiocarbon,,Terrestrial,Open,Y,"Richards et al., 2007","A lunette situated north of Lake Tyrell near Swan Hill. The focus of occupation was within stratum 4 of the lower lunette about 1 m below the surface and dated to c. 26-32ka. Hearth features, artefacts and remains of bettongs, hare-wallabies, shingle-backed lizard and freshwater mussel were all recovered. Artefacts totalled 14 and were dominated by silcrete with some quartz and chert; technology was simple and indicated early reduction. The findings suggest a short ocucpation through the LGM with adaptions to severe climate stress. Abandonment of the site occurred shortly after, with some evidence of occupation in stratum 5 (a single chert flake) as early as 40ka.",c14,,23507,,,,AUSTRALIA
11026,South East Coastal Plain,142.35,-38.32,Goose Lagoon Midden,Midden,C-600,1177,175,,,Charcoal,Charcoal,,,Radiocarbon,,Terrestrial,Open,Y,"Gill, 1955; Tindale, 1957b; Lourandos, 1983",From an Aboriginal midden on a 25-ft emerged shoreline. Similar to Y-150-1,c14,,1177,,,,AUSTRALIA
13903,Sydney Basin,149.72,-32.29,BOB/1 (Ulan),Rockshelter,ANU-790,4120,175,,,Charcoal,Charcoal,"Sq. E, level 7","21-23""",Radiocarbon,,Terrestrial,Closed,Y,Moore 1981,Follow up date on the 1970's excavtions to clarify Bondi points in lower part of site. Does not contradict the findings of the earlier dates.,c14,,4120,Information within this entry has been inferred by authors - see Notes,,,AUSTRALIA
10874,NSW North Coast,152.32,-32.62,Broughton Island,Midden,SUA-402C,445,179,,,Charcoal,Charcoal,,50-60,Radiocarbon,,Terrestrial,Open,Y,"Gillespie, 1977; Wright cit. Brown 2005",Part of a coupled marine-charcoal calibration at this site. Brown suggests that this date came from shell in the upper part of a midden where two burials were found. Also evidence of mutton bird exploitation. Sullivan (1982a) references this date as 440 +/- 180 radiocarbon years BP.,c14,,445,,,,AUSTRALIA
14087,Sydney Basin,150.9,-32.98,Yengo 1,Rockshelter,ANU-6058,540,180,,,Charcoal,Charcoal,Sq. 2B/4/2 (layer II),16.5,Radiocarbon,,Terrestrial,Closed,Y,"McDonald, 1994, 2008","Brown states: ...a medium sized rockshelter (14 m x 6 m x 1.9 m high at dripline) and faces east and contains art (stencils, paintings and engravings), occupation deposits and grinding grooves. Large area exavated in floor deposits. Some 10,050 artefacts were recovered dominated by quartz (c.50%) and lesser indurated mudstone. 70% of the assemblage was unmodified flakes. Occupation history as follows: 1) 6,000 -4,600 yrs BP initial occupation (layers VI-VII) - ephemeral occupation dominated by indurated mudstone and FGS. No diagnostic tool types, considered Capertian; 2) second phase of occupation 4,600 - 2,850 years BP (layer V) - dominated by mudstone, but increasing appearance of quartz. Backed blades evident in upper part of this unit. Possible hiatus between this unit and the one above ; 3) most intense occupation -<1,950 - >540 years BP (Unit IV). Marked increase in artefact discards centred around 1,500 years BP, but continuing into units III. Frequent backed blades, ground edge implements and retouched tools, dominated by quartz; 4) occupation continue after 540 BP (units I-II), but was significantly reduced. Engraving circles, dots and kangaroo tracks probably produced during earliest occupation of the shelter and minimum date for their production is  older than c. 3,000 years ago. Stencil art believed to date to main or layer occupation of site. Grinding grooves realted to finds of edge-ground artefacts from 1500 years ago. McDonald indicates that this sample came from a dense artefact, bone and ash rich layer.",c14,,540,Information within this entry has been inferred by authors - see Notes,,,AUSTRALIA
11245,Sydney Basin,150.77,-35.11,Bowen Island 1,Midden,ANU-2344,550,180,,,Charcoal,Charcoal,Sq. C,,Radiocarbon,,Terrestrial,Open,Y,Blackwell 1982,"Midden site located at the north of Bowen Island. Large face of midden exposed by erosion. Midden consisted of three units: upper (this date), middle and lower. The lower unit was dominated by gastropods (notably Subninella undulata) with the upper units dominated by bivalves (notably Mytilus planulatus). Bird bones, especially mutton bird, and seal bones found in the sequence. Few artefacts found, made of quartz, silcrete and volcanic materials. Concusions outline that the site was used only after 1200 BP, and was a used for specific seasonal resource exploitation (probably of the mutton birds).The exploitation and intensity of the midden changed considerably  (from lower to middle horizons) between 1200-600BP - common to other midden sites such as Bass Point and Cemtery Point.",c14,,550,,,,AUSTRALIA
14984,Gulf Coastal,136.99,-15.66,Barbara Cove Mound,Shell mound,ANU-12030,570,180,,,Charcoal,Charcoal,Basal,,Radiocarbon,,Terrestrial,Open,Y,"Brockwell et al., 2009; Sim & Wallis, 2008",Brockwell (2008) quotes an error of +/- 100 years,c14,,570,,,,AUSTRALIA
10917,NSW North Coast,153.17,-29.22,Wombah 1,Midden,GX-0108,1860,180,,,Charcoal,Charcoal,Level IIA,,Radiocarbon,,Terrestrial,Open,Y,"Kigoshi et al, 1966; McBryde, 1966, 1974","Part of a wider study of prehistory in New England by I. McBryde. Site was large midden on north bank of Clarence River between Wombah and Woody Head, now some 8 miles inland. Several parts of the midden were already destroyed through development at time of excavation. Eight test pits were excavated in 1963 and 1964. Four main levels were identified with levels I-IIIA retaining the bulk of the assemblage, levels VIII-VII also retained a significant number, level VI was culturally sterile, level IV was basal clear sand, but did retain some artefacts (perhaps tread-in) (note: levels are numerically recorded - from top to bottom levels were I, II, IIA, V, VI, VII, VIII, III, IV). The midden was dominated by oyster with lesser fish and animal bones. Site retained few artefacts and included pebble artefacts, groud-edge axes, some utilised and retouched flakes and a few bone points. No fish hooks or files were evident.",c14,,1860,,,,AUSTRALIA
10443,Murray Darling Depression,144.66,-35.82,Murray River,Hearth,ANU-676,1880,180,-24,,Charcoal,Charcoal,,,Radiocarbon,,Terrestrial,Open,Y,"Barbetti & Polach, 1973",,c14,,1880,,,,AUSTRALIA
13941,Sydney Basin,151.11,-34.15,Curracurrang (1CU5/-),Rockshelter,I-1135,2150,180,,,Wood charcoal,Wood/Plant Material,Base of layer B,"30""",Radiocarbon,,Terrestrial,Closed,Y,"Kigoshi & Kobayahsi, 1965; Megaw, 1965, 1968","A larger sandstone rockshleter in the Royal National Park, south of Sydney. The shelter retained a tripartite sequence (Elouera-Bondaian-Capertian) and was one of the key sites in the 1960's and 1970's regarding the discussion/timing of these different typological assemblages. The site retained three main sedimentary units: 1) the upper layer was a consisted of a lightly packed midden with marine, fish and some non-human bones; this layer did not extend far beyond the dripline; 2) a layer of dark brown unctuous soil with no bone or shell; this unit extends beyond the dripline, but is deepest (1'3"") and highest artefact densities are in the rockshelter; and 3) clayey decomposed sandstone matrix (1'6"" in depth) derived from weathering bedrock. Relating to the base of layer B of this site. Layer B represents a Bondaian industry assemblage. Found in association with an occupation deposit. Megaw refers to the date as associated with Bondaian/Capertain deposits.",c14,,2150,,,,AUSTRALIA
11994,Murray Darling Depression,139.63,-34.31,Roonka Flat Dune,Open site,OZA-671U2,3480,180,,,Human bone collagen,Bone,RA 12A,36-78,Radiocarbon,,Terrestrial,Open,Y,"Pate et al., 1998","A follow-up study of the Roonka Flat burial ground. Pate indicates that some 147 burials had been recovered primarily from Trench A. The trench was 30 x 15 m in size and reached depths of 6-7 m. Most of the burials were constrained to the upper 2 m. The data indicates that the area was used exclusively for burials between 10 - 7 ka before other camp activities occurred concurrently with the burials after 7 ka. The paper concludes that most burials occurred through the late Holocene after 6 ka. This date was an AMS from a 1g sub-sample of a piece of cortical bone, which exhibited <5% acid insoluble yield. This date came from burial RA 12A, a flexed burial.",c14,,3480,,,,AUSTRALIA
14004,Sydney Basin,150.66,-33.66,KII Shaws Creek,Rockshelter,Beta-1211,4140,180,,,Charcoal,Charcoal,"Sq. C, spit 8, unit 4, phase IV",38,Radiocarbon,,Terrestrial,Closed,Y,"Kohen et al. 1981, 1984","Site has sedimentary units increasing through the site (from 1 to 6, with archaeology only occurring in 4-6), with archaeological phases going up the site from Phase VI - I. Base of phase VI retained 55 artefacts; Phase VI retained a high proportion of heavy flakes and several with fine invasive retouch; Phase V and IV showed continutiy with earlier assemblage and includes reducing mean weight (g), decline in chert, decline in tools, declne in thick flakes, higher retouched pieces; phase III-i saw appearance and decline in backed tools and geometric microliths and edge-ground hatchets. Phase III-1 retained the highest number of artefacts. Kohen et al. notes a decline in the assemblage during Phase IV (4100 - 7900 calendar years BP).Also referred to as SUA-1389 in Kohen et al. 1981.",c14,,4140,,,,AUSTRALIA
13598,Nullarbor,129.42,-31.48,Allens Cave (N145),Rockshelter,ANU-6845,4750,180,,,Charcoal,Charcoal,hearth,116 cm bsl,Radiocarbon,,Terrestrial,Closed,Y,Cane 1995,Hearth,c14,,4750,,,,AUSTRALIA
10024,Murray Darling Depression,144,-35.1,Jeraly Edward River,Burial,ANU 8974A,5010,180,,,Human bone apatite,Bone,,,Radiocarbon,,Terrestrial,Open,Y,Pardoe 1995,,c14,,5010,Information within this entry has been inferred by authors - see Notes,,,AUSTRALIA
13516,Naracoorte Coastal Plain,140.69,-38.05,Koongine Cave,Rockshelter,Beta-14861,9710,180,,,Charcoal,Charcoal,"Sq. J9/44, unit 9",160,Radiocarbon,,Terrestrial,Closed,Y,"Frankel, 1986; Frankel, 1988 cit. Bird & Frankel, 1991","One of several rockshelters in this location (and includes Malangine and Piccaninnie RS). Excavations revealed a mixture of charcoal-rich occupation deposits interleaved with sterile sands. An initial intense occupation of about 1,000 years was identified at 9ka, and composed of flint tools and bones. Some shell was also evident in the lowest deposit. More recent deposits <700 years also evident, indicating abandonment of the site between c. 8ka - 1ka.",c14,,9710,,,,AUSTRALIA
10485,Simpson Strzelecki Dunefields,138.18,-28.4,White Crossing (CC1510),Hearth,Wk-1510,11770,180,,,Charcoal,Charcoal,"H2 Hearth (also reported as 'new age' 12,110?190)",,Radiocarbon,,Terrestrial,Open,Y,Veth & Hamm 1989; Veth et al 1990,,c14,,11770,,,,AUSTRALIA
14471,Warren,115.02,-34.02,Tunnel Cave,Rockshelter,Wk-3030,12590,180,,,Charcoal,Charcoal,"Sq. G12, spit 13, layer 4",80,Radiocarbon,,Terrestrial,Closed,Y,"Dortch, 1994; Smith, 1999",A 3 m deep sequence composed of occupation layers intermixed with sterile deposits. This date comes from a hearth. Layer 7 retained 15 hearths and high densities of archaeological mateiral for the site (between 1.4-1.9m below surface).,c14,,12590,,,,AUSTRALIA
10776,Murray Darling Depression,143.1,-33.8,Lake Mungo (WOC-7 (152)),Midden,ANU 2967,16000,180,,,Freshwater mussel shell,Freshwater Shell,,,Radiocarbon,,Terrestrial,Open,Y,"Clark 1987, Johnston & Clark 1998",,c14,,16000,,,,AUSTRALIA
14135,Tasmanian Southern Ranges,146.84,-42.27,Bluff Cave (also Nunamira cave/TAS #4046/JF 53),Rockshelter,Beta-27075,16120,180,,,Charcoal,Charcoal,"Layer 3, unit 5/1",20,Radiocarbon,,Terrestrial,Closed,Y,"Cosgrove, 1989, 1996","A rockshelter located in the Tasmanian Southern Ranges on the Weld River. Excavations identified six units to a depth of 60 cm. The lowest three are sterile, the upper three were culturally rich and dated to about 30ka - 11ka. Layer 3 was the most culturally important with over 12,000 flakes, bones (including bird bone and emu egg shell) and high concentration of charcoal. Layer 2 is similar in finds but not at such high numbers. Layer 1 was a calcium carbonate flowstone sealing the deposit and retained small mammal bones and occasional artefacts indicating infrequent use. Stone materials include local crystal quartz and five pieces of impactite from the Darwin meteorite site some 75 km away. The eary dates indicate the Tasmania was connected to the mainland several times during the last 50 ka; that megafauna was extinct in Tasmania by 30 ka (given its absence here); and that occupation occurred during the LGM despite poor climatic conditions and glaciation.",c14,,16120,,,,AUSTRALIA
10770,Murray Darling Depression,143,-33.6,Lake Leaghur (LW-5),Midden,ANU 2203,16700,180,,,Freshwater mussel shell,Freshwater Shell,,,Radiocarbon,,Terrestrial,Open,Y,"Clark 1987, Johnston & Clark 1998",,c14,,16700,,,,AUSTRALIA
10370,Murray Darling Depression,143,-33.7,Lake Arumpo,Hearth,CAMS-2875,20880,180,,,Charcoal from hearth,Charcoal,"Top Hut 1, area 1, hearth 1, 19-24cm",,Radiocarbon,,Terrestrial,Open,Y,Gillespie 1997,,c14,,20880,,,,AUSTRALIA
14159,Tasmanian Southern Ranges,146.44,-42.85,Bone Cave (TAS #1790),Rockshelter,Beta-40349,22730,180,,,Charcoal,Charcoal,"Sq. C, spit 37, SU 9, No. 18",c.115,Radiocarbon,,Terrestrial,Closed,Y,"Allen, 1996","A rockshelter first recorded by Weston (1969); lost and subsequently re-found by a geologist (Clive Calver). Ranson and Kiernan re-investigated the site before further nivestigation in 1988 by Allen et al. The site was not completed in 1988 and a further 2 x 50 cm test pit to a depth of 152 cm was undertaken in 1989. The site is located on Weld River, 7 m above the river. The cave is 4 x 3 x 1.5 m in size with a large talus of deposit inside of the cave, as well as a small water channel.  They identified three stratigraphic units: the upper unit, 10-20 cm, composed of light brown cave earths and contained few stone tools and small bird, rodent and lizard bones - questionable whether a unit derived from human occupation or not; a middle unit (spit data suggests around 32.5 cm - 52.5 cm), composed of darker brown silty soils and contained grey ashy lenses, large quantites of stone flakes and animal bones (relatively unfragmented) - primarily larger marsupials; and a lower unit (spit data suggests around 52.5 cm - 74 cm) with blackened matrix (and dense in charcoal) and frequent hearths and contained similar finds to the middle unit, but they are more fragmented. Artefacts were primairly of quartzite from locally-derived material (within the cave), as well as other materials including Florentine, chalcedony, jasper, silcrete, hornfels, non-local quartzite, Mt Read volcanics and a fragment of Darwin glass (from an impact crater >100 km away). Artefacts included steep-sided and sometime multi-platform cores and several scrapers. A bone point from a macropod tibia was also recovered. Due to the uneven natuer of the excavations - the presence of a 'sump' in the centre of the site, this sample should be (and is) younger than Beta-29989 and older than Beta-29987.",c14,,22730,,,,AUSTRALIA
14168,Tasmanian Southern Ranges,146.44,-42.85,Bone Cave (TAS #1790),Rockshelter,Beta-29989,26190,180,,,Charcoal,Charcoal,B/58,c.145,Radiocarbon,,Terrestrial,Closed,Y,"Allen, 1989, 1996","A rockshelter first recorded by Weston (1969); lost and subsequently re-found by a geologist (Clive Calver). Ranson and Kiernan re-investigated the site before further nivestigation in 1988 by Allen et al. The site was not completed in 1988 and a further 2 x 50 cm test pit to a depth of 152 cm was undertaken in 1989. The site is located on Weld River, 7 m above the river. The cave is 4 x 3 x 1.5 m in size with a large talus of deposit inside of the cave, as well as a small water channel.  They identified three stratigraphic units: the upper unit, 10-20 cm, composed of light brown cave earths and contained few stone tools and small bird, rodent and lizard bones - questionable whether a unit derived from human occupation or not; a middle unit (spit data suggests around 32.5 cm - 52.5 cm), composed of darker brown silty soils and contained grey ashy lenses, large quantites of stone flakes and animal bones (relatively unfragmented) - primarily larger marsupials; and a lower unit (spit data suggests around 52.5 cm - 74 cm) with blackened matrix (and dense in charcoal) and frequent hearths and contained similar finds to the middle unit, but they are more fragmented. Artefacts were primairly of quartzite from locally-derived material (within the cave), as well as other materials including Florentine, chalcedony, jasper, silcrete, hornfels, non-local quartzite, Mt Read volcanics and a fragment of Darwin glass (from an impact crater >100 km away). Artefacts included steep-sided and sometime multi-platform cores and several scrapers. A bone point from a macropod tibia was also recovered. Due to the uneven natuer of the excavations - the presence of a 'sump' in the centre of the site, this sample should be (and is) younger than Beta-29989 and older than Beta-29987.",c14,,26190,,,,AUSTRALIA
10060,Murray Darling Depression,141.03,-35.08,Lindsay River,Burial,ANU-420C,4550,185,-14,,Human bone apatite,Bone,,,Radiocarbon,,Terrestrial,Open,Y,"Polach et al., 1978",Samples taken from lowest four skeletons of 16 identified in a tight mass grave. One of four samples looking at various bone components for dating.,c14,,4550,,,,AUSTRALIA
13591,NSW South Western Slopes,150.34,-33.1,Noola,Rockshelter,V-35,12550,185,,,Charcoal,Charcoal,Hearth,"74""",Radiocarbon,,Terrestrial,Closed,Y,"Bermingham, 1966",Hearth on a pre-prepared floor of rounded stones. A large and characteristic implement of nosed-grave type was found in the ashes. Dates a 'Tartangan' horizon.,c14,,12550,,,,AUSTRALIA
14769,South East Corner,149.94,-37.28,Greenglade,Rockshelter with midden deposits,ANU-6935,290,190,,,Charcoal,Charcoal,Tr. 1,c.130,Radiocarbon,,Terrestrial,Closed,Y,"Colley, 1990, 1997","A rockshelter with midden deposits to almost 3 m depth. The stratigraphy reveals a thick midden deposit (1.5 m) over sand beneath which were several thin midden layers intermixed with sand. The midden deposits were dominated by Turbo, Cart Rut, Beaked Mussel and Edible mussel shells with a consistent presence of chitons and limpets. Bone includes mammals, fish and birds. A fish hook and two bone points were identified. Artefactual material was almost exclusively quartz and was predominantly undifferentiated flakes. Dates from the rockshelter indicate its use from around 700 BP to present.",c14,,290,,,,AUSTRALIA
10210,South East Coastal Plain,142.52,-37.96,McArthur Creek 5,Earth mound,ANU-3762,790,190,,,Charcoal,Charcoal,"Unit 3, Upper section",,Radiocarbon,,Terrestrial,Open,Y,"Williams 1985, cit. Bird & Frankel, 1991","A study (Bird & Frankel, 1991) using radiometric dates of southwest Victoria as a proxy for occupation/activity. The paper concludes that late Holocene intensification, at least from a social perspective perspective, was not the case. However, the paper does show increasing numbers of dates (n=80) in the late Holocene. Interesting features of the study include an apparent hiatus between 6-7ka and the appearance of earth mounds only in the last 2.5ka. Earth mounds have several different interpretations, including house foundations and/or a byproduct of repeated visitation and cooking and/or through collapse of sod/turf structures.",c14,,790,,,,AUSTRALIA
14000,Sydney Basin,150.66,-33.66,KII Shaws Creek,Rockshelter,SUA-1307,1580,190,,,Charcoal,Charcoal,"Sq. A, spit 3, unit 6, phase II",24,Radiocarbon,,Terrestrial,Closed,Y,"Kohen et al. 1981, 1984","Site has sedimentary units increasing through the site (from 1 to 6, with archaeology only occurring in 4-6), with archaeological phases going up the site from Phase VI - I. Base of phase VI retained 55 artefacts; Phase VI retained a high proportion of heavy flakes and several with fine invasive retouch; Phase V and IV showed continutiy with earlier assemblage and includes reducing mean weight (g), decline in chert, decline in tools, declne in thick flakes, higher retouched pieces; phase III-i saw appearance and decline in backed tools and geometric microliths and edge-ground hatchets. Phase III-1 retained the highest number of artefacts. Kohen et al. notes a decline in the assemblage during Phase IV (4100 - 7900 calendar years BP)",c14,,1580,,,,AUSTRALIA
11753,Darwin Coastal,130.8,-12.5,Scotch Creek 1,Open site,ANU-9070,2360,190,,,Bone (apatite fraction),Bone,,39-43,Radiocarbon,,Terrestrial,Closed,Y,"Smith, 1995; Brockwell et al., 2009",Date relates to the concentration of bifacial points within the site.,c14,,2360,Information within this entry has been inferred by authors - see Notes,,,AUSTRALIA
11194,South East Corner,149.95,-36.79,Wallagoot Lake,Midden,ANU-7770,2990,190,,,Charcoal,Charcoal,,,Radiocarbon,,Terrestrial,Open,Y,"Boot, 2002","Basal age of site. Brown (2005) refers to this date as having lab code ANU-2345, but this is considered erroneous.",c14,,2990,Information within this entry has been inferred by authors - see Notes,,,AUSTRALIA
10021,Murray Darling Depression,142.75,-34.58,Euston,Burial,ANU-5309,3390,190,,,Calcium carbonate,Other,,,Radiocarbon,,Terrestrial,Open,Y,"Pardoe, 1993",Part of a wider study reviewing ages of skeletal remains along the Murray-Darling River.,c14,,3390,Information within this entry has been inferred by authors - see Notes,,,AUSTRALIA
10423,Murray Darling Depression,143.1,-33.8,Lake Mungo (WOC-3),Hearth,ANU 669,4260,190,,,Baked clay from hearth,Soil,,,Radiocarbon,,Terrestrial,Open,Y,"Barbetti 1973, Johnston & Clark, 1998",,c14,,4260,,,,AUSTRALIA
11755,Eyre York Block,132.52,-31.89,Gypsum Lake Site (Site B) - Clare Bay,Open site,ANU-5795,5470,190,,,Soil carbonate,Soil,,,Radiocarbon,,Terrestrial,Open,Y,"Belperio & Fotheringhan, 1990",Comes from a deposit within which fossilised human and animal footprints were observed.,c14,,5470,,,,AUSTRALIA
10135,Victoria Midlands,144.83,-37.73,Green Gully,Burial,NZ-676,6460,190,,,Charcoal,Charcoal,,,Radiocarbon,,Terrestrial,Open,Y,"Mulvaney, 1975 cit. Pardoe, 1993",Burial located within a river terrace downstream from the well-known Keilor Terrace. Tunn (2006) identifies this burial as the same one as dated by V-64 and suggests the material dated was bone collagen.,c14,,6460,,,,AUSTRALIA
10068,Murray Darling Depression,142.25,-34.25,Mallee Cliffs (MC1),Burial,ANU-5787a,6610,190,,,Human bone apatite,Bone,,,Radiocarbon,,Terrestrial,Open,Y,"Pardoe, 1988, 1993",Three disturbed burials eroding from the cliff banks of the Murray River. This sample relates to the lowest and least disturbed of the burials.,c14,,6610,,,,AUSTRALIA
12100,Riverina,144.3,-35.96,Kow Swamp,Open site,ANU-1023,7820,190,,,Scattered charcoal,Charcoal,TC 3/5,,Radiocarbon,,Terrestrial,Open,Y,"Wright, 1975","This sample relates to a series of excavations exploring and dating the Kow Sands, a geomorphological deposit overlying the Cahuna Silt. Artefacts were recovered from the Kow Sands. Artefacts were found in three discrete occupation horizons and dominated by quartz. The assemblages straddle the age between skeletal remains found at the site.",c14,,7820,,,,AUSTRALIA
13604,Nullarbor,129.42,-31.48,Allens Cave (N145),Rockshelter,ANU-6849,9530,190,,,Charcoal from hearth,Charcoal,145cm bsl,,Radiocarbon,,Terrestrial,Closed,Y,Roberts et al 1996,,c14,,9530,,,,AUSTRALIA
10491,Simpson Strzelecki Dunefields,139.49,-28.4,JSN Site - Wassons Hearth,Hearth,ANU-2278,13850,190,,,Charcoal,Charcoal,,,Radiocarbon,,Terrestrial,Open,Y,Smith et al. 1991,,c14,,13850,,,,AUSTRALIA
14185,Tasmanian West,146.42,-42.61,Artefact Creek Waterfall rockshelter,Rockshelter,R11769/5 NZA-565,14410,190,,,Charcoal,Charcoal,XU Ive,20,Radiocarbon,,Terrestrial,Closed,Y,"Brown et al., 1991","One of nine rockshelters on a steep tributary running into Denison River. The rockshelters are all within dolomitic siltstone. This shelter is 15 m long x 3 m wide x 7 m high with a waterfall running through the northern end. The shelter was comprised of clay deposits eroding by the waterfall: a pool included artefacts of quartzite, quartz and chalcedony. An exposure adjacent the splash pool was cleaned and investigated. Five stratigraphic units were identified with units IV and V containing cultural material. 64 artefacts were recovered dominated by quartz. Bone fragments were also recovered. This sample came from a charcoal rich unit within the wider cultural deposit.",c14,,14410,Information within this entry has been inferred by authors - see Notes,,,AUSTRALIA
13356,King,144.45,-40.34,Cave Bay Cave,Rockshelter,ANU-1772,14850,190,,,Charcoal,Charcoal,"Tr. V, spit 13 = spit 11A",63-71,Radiocarbon,,Terrestrial,Closed,Y,"Bowdler 1979 cit. Stockton 1981; Bowdler, 1984","A large rockshelter located on Hunter Island in the Bass Strait. An excavation of a 2 x 2 m trench to a depth of 2 m revealed an extensive Pleistocene deposit with non-Tasmanian faunal remains (i.e. Coming from the Bass Plain prior to sea level rise). The topmost Pleistocene deposits was identified at 65 cm below the surface. Between 145 and 185 cm below the surface was a series of well defined hearhy layers with macropod bones, charcoal and quartz flakes. The lowest of these layers (175-185) was the lowest evidence of human occupation dating to about 22 ka. The upper part of this hearthy unit was dated to c. 20 ka. Above this (120-145 cm below surface) was sporadic evidence of human occupation, as well as extensive rock fall. Between 120 - 65 cm below surface, there is little evidence of human use, with the exception of a well-defined hearth at 85 cm below surface dated to c. 15 ka. The upper 65 cm of deposit consisted of a midden (between 50 - 65 cm) dating to between c. 4 and 8 ka and containing bone artefacts, then 25 cm of culturally sterile sand, then 25 cm of hearth and shell midden lenses. This sample dates the base of the midden. Bowdler (1984) indicates that some mis-labelling of the radiocarbon dates had occurred between ANU-1772 and ANU-1773; a further two dates ANU-1797 and ANU-1852 were undertaken to clarify this issue. Ultimately, it was concluded that ANU-1772 and ANU-1773 were correct, but in reverse order (i.e. spit 11 is c. 6 ka, while spit 13 is c. 14 ka).",c14,,14850,,,,AUSTRALIA
14152,Tasmanian Southern Ranges,146.44,-42.85,Bone Cave (TAS #1790),Rockshelter,Beta-37553,15290,190,,,Charcoal,Charcoal,"Sq. ZZ, spit 9, SU Above 6, No. 22",c.75,Radiocarbon,,Terrestrial,Closed,Y,"Allen, 1996","A rockshelter first recorded by Weston (1969); lost and subsequently re-found by a geologist (Clive Calver). Ranson and Kiernan re-investigated the site before further nivestigation in 1988 by Allen et al. The site is located on Weld River, 7 m above the river. The cave is 4 x 3 x 1.5 m in size with a large talus of deposit inside of the cave, as well as a small water channel. Ten stratigraphic units were present (initially considered three units in earlier excavations):  the upper units (SU1 -4), 10-20 cm, composed of light brown cave earths and contained few stone tools and small bird, rodent and lizard bones - questionable whether a unit derived from human occupation or not; SU's 5 and 6 were a sterile sand considered to be a period of about 7ka across the LGM; a middle unit (spit data suggests around 32.5 cm - 52.5 cm) (SU 8), composed of darker brown silty soils and contained grey ashy lenses, large quantites of stone flakes and animal bones (relatively unfragmented) - primarily larger marsupials, and dated to c. 15.5 - 13.5ka; and a lower unit (spit data suggests around 52.5 cm - 74 cm) (SU 9) with blackened matrix (and dense in charcoal) and frequent hearths and contained similar finds to the middle unit, but they are more fragmented, and dated to c. 29 - 23 ka; and SU 10 - a sterile sand. Artefacts were primairly of quartzite from locally-derived material (within the cave), as well as other materials including Florentine, chalcedony, jasper, silcrete, hornfels, non-local quartzite, Mt Read volcanics and a fragment of Darwin glass (from an impact crater >100 km away). Artefacts included steep-sided and sometime multi-platform cores and several scrapers. A bone point from a macropod tibia was also recovered. This sample was taken from the middle of the bottom unit.",c14,,15290,,,,AUSTRALIA
14207,Tasmanian West,145.7,-41.69,Mackintosh 90/1 (TAS #4551),Rockshelter,Beta-45812,16500,190,,,Charcoal,Charcoal,"Sq. HM, spit 22, SU base of 2",,Radiocarbon,,Terrestrial,Closed,Y,"Stern & Marshall, 1993","A rockshelter located on a limestone bluff adjacent Brouham's inlet, part of Lake Mackintosh, western Tasmania. This site was located as part of the wider Southern Forests Archaeological Project in the early 1990's - the site had a prospectors trench (1-1.5 m deep) showing stratigraphy, as well as surface artefacts and bone. Thirteen 50 x 50 cm test pits were undertaken into the floor deposits. Spits were 2.5 cm thick. The excavations revealed four stratigraphic units: the lowest deposit was a white/yellow silty sand sterile of cultural material; above this is 60 cm of hearthy, ashy and cultural remains (horizon II); overlying this is sediment following abandonment of the site and overburden from the prospectors trench. Radiocarbon dates suggest occupation occurred between c. 17-15ka. Analysis was not complete at time of publication. Artefacts were dominated by quartz with presence of quartzite, chert, hornfels, crystal quartz and Darwin glass, and  did include flaking debris and thumbnail scrapers. Bone was recovered, and included Bennett's Wallaby and wombat. Interpretation of this site is later modified by Portch (1992) cit. Allen & Cosgrove, 1996, and suggests occupation between c.20 - 10ka with some suggestion of Holocene use as well.",c14,,16500,,,,AUSTRALIA
11873,Murray Darling Depression,143,-33.7,Lake Arumpo,Open site,CAMS-1929,21140,190,,,Emu eggshell,Other,"Top Hut 1, area 3, hearth 3 area",,Radiocarbon,,Terrestrial,Open,Y,Gillespie 1997,,c14,,21140,,,,AUSTRALIA
11874,Murray Darling Depression,143,-33.7,Lake Arumpo,Open site,CAMS-1930,21190,190,,,Otolith,Bone,"Top Hut 1, area 3, hearth 3 area",,Radiocarbon,,Terrestrial,Open,Y,Gillespie 1997,,c14,,21190,,,,AUSTRALIA
14162,Tasmanian Southern Ranges,146.44,-42.85,Bone Cave (TAS #1790),Rockshelter,Beta-48329,23220,190,,,Charcoal,Charcoal,"Sq. A, spit 23, SU 8, No. 23",c.85,Radiocarbon,,Terrestrial,Closed,Y,"Allen, 1996","A rockshelter first recorded by Weston (1969); lost and subsequently re-found by a geologist (Clive Calver). Ranson and Kiernan re-investigated the site before further nivestigation in 1988 by Allen et al. The site was not completed in 1988 and a further 2 x 50 cm test pit to a depth of 152 cm was undertaken in 1989. The site is located on Weld River, 7 m above the river. The cave is 4 x 3 x 1.5 m in size with a large talus of deposit inside of the cave, as well as a small water channel.  They identified three stratigraphic units: the upper unit, 10-20 cm, composed of light brown cave earths and contained few stone tools and small bird, rodent and lizard bones - questionable whether a unit derived from human occupation or not; a middle unit (spit data suggests around 32.5 cm - 52.5 cm), composed of darker brown silty soils and contained grey ashy lenses, large quantites of stone flakes and animal bones (relatively unfragmented) - primarily larger marsupials; and a lower unit (spit data suggests around 52.5 cm - 74 cm) with blackened matrix (and dense in charcoal) and frequent hearths and contained similar finds to the middle unit, but they are more fragmented. Artefacts were primairly of quartzite from locally-derived material (within the cave), as well as other materials including Florentine, chalcedony, jasper, silcrete, hornfels, non-local quartzite, Mt Read volcanics and a fragment of Darwin glass (from an impact crater >100 km away). Artefacts included steep-sided and sometime multi-platform cores and several scrapers. A bone point from a macropod tibia was also recovered.",c14,,23220,,,,AUSTRALIA
10344,Desert Uplands,143.1519,-20.7422,Richmond Hearth 12/A1,Hearth,ANU-11900,340,200,,,Charcoal,Charcoal,,,Radiocarbon,,Terrestrial,Open,Y,Wallis et al. 2004,,c14,,340,,,,AUSTRALIA
10025,Murray Darling Depression,140.56,-34.42,Katarapko Island,Burial,ANU-6899,350,200,,,Human bone,Bone,,,Radiocarbon,,Terrestrial,Open,Y,"Pardoe, 1993",Part of a wider study reviewing ages of skeletal remains along the Murray-Darling River.,c14,,350,,,,AUSTRALIA
10026,Murray Darling Depression,140.6,-34.4,Katarapko Island,Burial,ANU 6899,350,200,,,Human bone,Bone,,,Radiocarbon,,Terrestrial,Open,Y,Dowling 1990,,c14,,350,Information within this entry has been inferred by authors - see Notes,,,AUSTRALIA
11040,South East Coastal Plain,142.37,-38.35,Koroit Beach,Midden,Not given,538,200,,,Charcoal,Charcoal,,,Radiocarbon,,Terrestrial,Open,Y,"Gill, 1955; Gill, 1955 cit. Tindale, 1957b, Mahoney, 1964","This date was taken from a midden on the coastal dunes of Armstrong Bay. The site was rich in stone artefacts and faunal remains. Date relates to the Mudukian implements at this site and the presence of a now extinct species, Sacrophilus harrisii.",c14,,538,,,,AUSTRALIA
10029,Murray Darling Depression,140.56,-34.42,Katarapko Island,Burial,ANU-6894,1070,200,,,Human bone,Bone,,,Radiocarbon,,Terrestrial,Open,Y,"Pardoe, 1993",Part of a wider study reviewing ages of skeletal remains along the Murray-Darling River.,c14,,1070,,,,AUSTRALIA
10030,Murray Darling Depression,140.6,-34.4,Katarapko Island,Burial,ANU 6894,1070,200,,,Human bone,Bone,,,Radiocarbon,,Terrestrial,Open,Y,Dowling 1990,,c14,,1070,Information within this entry has been inferred by authors - see Notes,,,AUSTRALIA
10728,King,144.71,-40.86,Mount Cameron West,Midden,ANU-339,1350,200,,,Charcoal,Charcoal,,,Radiocarbon,,Terrestrial,Open,Y,"Jones pers comm. cit Stockton, 1981",This sample is referred to in a review paper of Tasmanian radiocarbon dates by Stockton 1981. Limited contextual information is provided. This sample comes from the base of the midden.,c14,,1350,Information within this entry has been inferred by authors - see Notes,,,AUSTRALIA
10031,Murray Darling Depression,140.56,-34.42,Katarapko Island,Burial,ANU-6895,1560,200,,,Human bone,Bone,,,Radiocarbon,,Terrestrial,Open,Y,"Pardoe, 1993",Part of a wider study reviewing ages of skeletal remains along the Murray-Darling River.,c14,,1560,,,,AUSTRALIA
10032,Murray Darling Depression,140.6,-34.4,Katarapko Island,Burial,ANU 6895,1560,200,,,Human bone,Bone,,,Radiocarbon,,Terrestrial,Open,Y,Dowling 1990,,c14,,1560,Information within this entry has been inferred by authors - see Notes,,,AUSTRALIA
10479,Simpson Strzelecki Dunefields,136.23,-26.83,Oolgawa WH,Hearth,ANU-2838,1900,200,,,Charcoal from hearth,Charcoal,,,Radiocarbon,,Terrestrial,Open,Y,Smith & Clark 1993,,c14,,1900,,,,AUSTRALIA
13593,Nullarbor,129.42,-31.48,Allens Cave (N145),Rockshelter,ANU-6846,2490,200,,,Charcoal,Charcoal,,,Radiocarbon,,Terrestrial,Closed,Y,Cane 1995,same hearth as ANU-6845,c14,,2490,,,,AUSTRALIA
11430,Victoria Volcanic Plain,142.52,-38.39,Thunder Point,Midden,SUA-675,4130,200,,,Charcoal,Charcoal,,,Radiocarbon,,Terrestrial,Open,Y,"Lourandos and Williams various cit. Attenbrow, 2004; Coutts, 1977 cit. Coutts, 1989; Coutts, 1978 cit. Bird & Frankel, 1991","A study (Bird & Frankel, 1991) using radiometric dates of southwest Victoria as a proxy for occupation/activity. The paper concludes that late Holocene intensification, at least from a social perspective perspective, was not the case. However, the paper does show increasing numbers of dates (n=80) in the late Holocene. Interesting features of the study include an apparent hiatus between 6-7ka and the appearance of earth mounds only in the last 2.5ka. This date relates to the earlier part of the site.",c14,,4130,,,,AUSTRALIA
11366,Tasmanian South East,147.34,-43.1,"Dennes Point, Bruny Island",Midden,R1250/2,5220,200,,,Charcoal,Charcoal,,,Radiocarbon,,Terrestrial,Open,Y,"Reber, 1967 cit. Stockton, 1981",This sample is referred to in a review paper of Tasmanian radiocarbon dates by Stockton 1981. Limited contextual information is provided. This date comes from a midden.,c14,,5220,Information within this entry has been inferred by authors - see Notes,,,AUSTRALIA
10106,Riverina,144.23,-36.21,Mitiamo,Burial,ANU-1038,5540,200,,,Organic,Other,,,Radiocarbon,,Terrestrial,Open,Y,"Pardoe, 1993","Part of a wider study reviewing ages of skeletal remains along the Murray-Darling River. Lab code referred to another date in same paper, unclear which one is correct.",c14,,5540,Information within this entry has been inferred by authors - see Notes,,,AUSTRALIA
10107,Riverina,144.23,-36.21,Mitiamo Skeleton,Burial,Gak-703,5540,200,,,Bone (organics),Bone,,,Radiocarbon,,Terrestrial,Open,Y,"Gill 1967 cit. Godfrey et al., 1996",A sample referred to as part of a wider review of Victorian radiocarbon dates. This sample comes from a skeleton found in a sand quarry near Mologa Forest. The skeleton had evidence of Paget disease.,c14,,5540,Information within this entry has been inferred by authors - see Notes,,,AUSTRALIA
13529,Naracoorte Coastal Plain,140.96,-38.03,Piccininnie Cave,Rockshelter,Beta-14863,5750,200,,,Charcoal,Charcoal,Sq. K12/16,70,Radiocarbon,,Terrestrial,Closed,Y,"Frankel, 1986","One of several rockshelters in this location (and includes Malangine and Koongine RS). Rockshelter was very low and excavations of a 1 x 1 m were undertaken at the front of the shelter.  This date was associated with bone, marine shell and stone tools, including a range of backed artefacts.",c14,,5750,,,,AUSTRALIA
14290,Victoria Bonaparte,129.15,-15.18,Granilpi,Rockshelter,Wk-7302,6170,200,,,Charcoal,Charcoal,G1/I  Spit 18A,96.83-107.75,Radiocarbon,,Terrestrial,Closed,Y,"Atchison et. al., 2005",Sample relates to a fruit seed processing study and directly relates to the human activity,c14,,6170,,,,AUSTRALIA
10085,Murray Darling Depression,145.5,-33.2,Willandra Lakes,Burial,BKY 88034,6200,200,,,Human bone,Bone,Skeleton WLH-55 U-series date,,Radiocarbon,,Terrestrial,Open,Y,Gillespie 2002,see Webb 89 for locations,c14,,6200,Information within this entry has been inferred by authors - see Notes,,,AUSTRALIA
10055,Murray Darling Depression,141.84,-33.46,Lake Nitchie skeleton,Burial,NZ-1225,6820,200,,,Human bone collagen,Bone,,,Radiocarbon,,Terrestrial,Open,Y,"Pardoe & Webb, 1986, Pardoe, 1993","Referenced in both these papers as a comparitive tool, no further information provided",c14,,6820,,,,AUSTRALIA
10019,Murray Darling Depression,141.8,-34.1,David's Dune Murray River,Burial,ANU 8647,7140,200,,,Human bone apatite,Bone,,,Radiocarbon,,Terrestrial,Open,Y,Pardoe 1995,,c14,,7140,Information within this entry has been inferred by authors - see Notes,,,AUSTRALIA
10079,Murray Darling Depression,141.73,-34.13,Wallpolla 1,Burial,ANU-8647,7140,200,,,Bone (apatite fraction),Bone,Burial 20,,Radiocarbon,,Terrestrial,Open,Y,"Pardoe 1995 cit. Godfrey et al., 1996",A sample referred to as part of a wider review of Victorian radiocarbon dates. This sample is from a burial on Wallpolla creek. No further contextual information provided.,c14,,7140,Information within this entry has been inferred by authors - see Notes,,,AUSTRALIA
11364,Tasmanian South East,147.65,-42.88,Carlton Bluff (Reber's Site 11),Midden,I-323,8700,200,,,Wood charcoal,Wood/Plant Material,,5',Radiocarbon,,Terrestrial,Open,Y,"Reber, 1965; Healey & Stockton, 1980","A compilation of dates obtained from excavation of a range of middens across Tasmania. Reber excavated slits into this midden to obtain a basal age. A disturbed midden with upper surface having been used for lime burning and road metal. Slit was cut into north face, with sample taken from 5' below surface. More recently referred to as Carlton Bluff midden.",c14,,8700,,,,AUSTRALIA
14130,Tasmanian Southern Ranges,146.84,-42.27,Bluff Cave (also Nunamira cave/TAS #4046/JF 53),Rockshelter,Beta-25877,11630,200,,,Charcoal,Charcoal,"Layer 1, unit 2/1",5,Radiocarbon,,Terrestrial,Closed,Y,"Cosgrove, 1989, 1996","A rockshelter located in the Tasmanian Southern Ranges on the Weld River. Excavations identified six units to a depth of 60 cm. The lowest three are sterile, the upper three were culturally rich and dated to about 30ka - 11ka. Layer 3 was the most culturally important with over 12,000 flakes, bones (including bird bone and emu egg shell) and high concentration of charcoal. Layer 2 is similar in finds but not at such high numbers. Layer 1 was a calcium carbonate flowstone sealing the deposit and retained small mammal bones and occasional artefacts indicating infrequent use. Stone materials include local crystal quartz and five pieces of impactite from the Darwin meteorite site some 75 km away. The eary dates indicate the Tasmania was connected to the mainland several times during the last 50 ka; that megafauna was extinct in Tasmania by 30 ka (given its absence here); and that occupation occurred during the LGM despite poor climatic conditions and glaciation.",c14,,11630,,,,AUSTRALIA
14195,Tasmanian West,145.7,-41.69,Mackintosh 90/1 (TAS #4551),Rockshelter,Beta-54737,12000,200,,,Charcoal,Charcoal,SU II,,Radiocarbon,,Terrestrial,Closed,Y,"Portch, 1992 cit. Allen & Cosgrove, 1996","A follow up study of the Mackintosh 90/1 rockshelter excavated by Stern and Marshall (1993). A further five radiocarbon dates were obtained from horizon II - the only stratigraphic unit within the shelter containing cultural materials. These further results broadly agree with the earlier work, but suggest an earlier occupation of the site (pushing it into the LGM, rather than post LGM). Portch further re-classified horizon II into two units: Layer 1 dating from c. 20 - 14ka, and layer 2 dating to c.15 - 14ka (errors in the ages accounting for the overlap). Portch further identified a layer 3, which formed part of Stern and Marshall's horizon II and III; this layer contained hearths and was dated to c.15-10ka. Some suggestion that the site was used into the Holocene is also inferred.",c14,,12000,Information within this entry has been inferred by authors - see Notes,,,AUSTRALIA
14128,Tasmanian Southern Ranges,146.46,-42.55,Beginners Luck Cave (Site P),Rockshelter,R5001/4,12600,200,,,Charcoal,Charcoal,,,Radiocarbon,,Terrestrial,Closed,Y,"Murray et al., 1980; Goede & Murray, 1977","Excavation of a series of rockshelters in the Florentine Valley. The excavations identified three units of deposit within site 'P' with unit B retaining the highest activity. Assemblage consists of 16 artefacts, all crude and amphorous in shape, composed of quartzite and cherty hornfels. Bones included five marsupials.",c14,,12600,,,,AUSTRALIA
10489,Simpson Strzelecki Dunefields,139.49,-28.4,JSN Site - JSN/W3,Hearth,ANU-7196,14400,200,,,Charcoal,Charcoal,JSN/W3 earth oven (second phase of use),,Radiocarbon,,Terrestrial,Open,Y,Smith et al. 1991,,c14,,14400,,,,AUSTRALIA
14197,Tasmanian West,145.7,-41.69,Mackintosh 90/1 (TAS #4551),Rockshelter,Beta-46304,14950,200,,,Charcoal,Charcoal,"Sq. GL, spits 19,21,23, SU2",,Radiocarbon,,Terrestrial,Closed,Y,"Stern & Marshall, 1993","A rockshelter located on a limestone bluff adjacent Brouham's inlet, part of Lake Mackintosh, western Tasmania. This site was located as part of the wider Southern Forests Archaeological Project in the early 1990's - the site had a prospectors trench (1-1.5 m deep) showing stratigraphy, as well as surface artefacts and bone. Thirteen 50 x 50 cm test pits were undertaken into the floor deposits. Spits were 2.5 cm thick. The excavations revealed four stratigraphic units: the lowest deposit was a white/yellow silty sand sterile of cultural material; above this is 60 cm of hearthy, ashy and cultural remains (horizon II); overlying this is sediment following abandonment of the site and overburden from the prospectors trench. Radiocarbon dates suggest occupation occurred between c. 17-15ka. Analysis was not complete at time of publication. Artefacts were dominated by quartz with presence of quartzite, chert, hornfels, crystal quartz and Darwin glass, and  did include flaking debris and thumbnail scrapers. Bone was recovered, and included Bennett's Wallaby and wombat. Interpretation of this site is later modified by Portch (1992) cit. Allen & Cosgrove, 1996, and suggests occupation between c.20 - 10ka with some suggestion of Holocene use as well.",c14,,14950,,,,AUSTRALIA
14134,Tasmanian Southern Ranges,146.84,-42.27,Bluff Cave (also Nunamira cave/TAS #4046/JF 53),Rockshelter,Beta-30952,15200,200,,,Charcoal,Charcoal,"Sq. B1, SU 4, XU 10",25,Radiocarbon,,Terrestrial,Closed,Y,"Cosgrove, 1996","A rockshelter located in the Tasmanian Southern Ranges on the Weld River. Excavations identified six units to a depth of 60 cm. The lowest three are sterile, the upper three were culturally rich and dated to about 30ka - 11ka. Layer 3 was the most culturally important with over 12,000 flakes, bones (including bird bone and emu egg shell) and high concentration of charcoal. Layer 2 is similar in finds but not at such high numbers. Layer 1 was a calcium carbonate flowstone sealing the deposit and retained small mammal bones and occasional artefacts indicating infrequent use. Stone materials include local crystal quartz and five pieces of impactite from the Darwin meteorite site some 75 km away. The eary dates indicate the Tasmania was connected to the mainland several times during the last 50 ka; that megafauna was extinct in Tasmania by 30 ka (given its absence here); and that occupation occurred during the LGM despite poor climatic conditions and glaciation.",c14,,15200,,,,AUSTRALIA
10761,Murray Darling Depression,143.1,-33.5,Lake Garnpung (GL-13),Midden,ANU 2210,16050,200,,,Freshwater mussel shell,Freshwater Shell,,,Radiocarbon,,Terrestrial,Open,Y,"Clark 1987, Johnston & Clark 1998",,c14,,16050,,,,AUSTRALIA
11962,Murray Darling Depression,142.05,-34.17,Merbein/Irymple (also JH/1; 73294/001),Open site,SUA-964,16120,200,,,Freshwater mussel (Velesunio ambiguus sp.),Freshwater Shell,,,Radiocarbon,,Terrestrial,Open,Y,"Coutts, 1980; Ross, 1981","A site near Merbein in northwest Victoria excavated by Coutts in 1977. This was a very large site overlooking a billabong of the Murray River. The site contained two separated cultural horizons, each dominated by freshwater mussel. Coutts suggests that the site was occupied only intermittently and exclusively for shellfish exploitation. Ross referenced this date in a wider study of the Mallee region of northwest Victoria.",c14,,16120,Information within this entry has been inferred by authors - see Notes,,,AUSTRALIA
10769,Murray Darling Depression,143,-33.6,Lake Leaghur (LW-20),Midden,ANU 2769,16360,200,,,Freshwater mussel shell,Freshwater Shell,,,Radiocarbon,,Terrestrial,Open,Y,"Clark 1987, Johnston & Clark 1998",,c14,,16360,,,,AUSTRALIA
13177,Flinders,147.75,-40.08,Mannalargenna Cave,Rockshelter,SUA-2897,18400,200,,,Charcoal,Charcoal,"Sq. D, spit 23",c. 220,Radiocarbon,,Terrestrial,Closed,,"Brown, 1993","A rockshelter on Prime Seal Island originally identified by Harris and subsequently excavated by Brown. Excavations of a stepped 3 x 3 m test pit was undertaken to a depth of 3.5 m below surface (a further 48 cm before bedrock/rock fall was below this - identified by a probe). The excavations identified four stratigraphic units: 1) a shallow dark brown clayey sand - modern disturbance zone; 2) the bulk of the site was composed of brownish yellow calcareous sand and contained the majority of the cultural deposits; 3) and 4) sand deposits, largely sterile. A wide range of bone was recovered, including Broad toothed rat, Long tailed rat, New Holland mouse and five species of kangaroo - some of this is from animals, with peak human activity in spits 15-28. Emu and eggshell were present. About 1,800 artefacts were recovered, dominated by topaz and quartz with some quartzite, limestone and silcrete. Sim summarised the site as follows: a low occupation during the Terminal Pleistocene and early Holocene, with possible peak activity during the LGM; along with Beeton RS retained worked and retouched fossil shell artefacts, high percentage of quartz crystal flakes and cores, small amounts of ochre, scallop shell for ornament and food remains including extinct emu eggshell fragments and grey forester kangaroo bone.",c14,,18400,,,,AUSTRALIA
14176,Tasmanian Southern Ranges,146.84,-41.56,ORS 7,Rockshelter,Beta-27077,18840,200,,,Charcoal,Charcoal,"Layer 3, spit 4",22,Radiocarbon,,Terrestrial,Closed,Y,"Cosgrove, 1989, 1996a","A sandstone rockshelter located on the edge of the Tasmanian high plateau on the Shannon River. At the time of publication, the analysis of this site was minimal. The site consisted of a deposit 55 cm deep and containing four stratigraphic units. The lowest was sterile. Layer 3 was a sandy akaline soil and contained 371 artefacts. The lowest date, 30,840 BP, contained 179 artefacts. The sample dated to 19,080 BP was from a hearth in spit 5, while 17,660 BP came from a fire pit. This spit contained 22 artefacts and indicated occupation during the LGM. Layer 2 was dated to between 18ka (from a hearth in spit 4) and 10 ka and contained 96 artefacts, some bone and emu eggshell. Layer 1 was disturbed with a date of 2.4 ka from a hearth 5 cm below the surface. Burnt organic matter, charcoal and 177 artefacts (some retouched) were found from this layer. Stone material appeared to have been sourced locally. The eary dates indicate the Tasmania was connected to the mainland several times during the last 50 ka; that megafauna was extinct in Tasmania by 30 ka (given its absence here); and that occupation occurred during the LGM despite poor climatic conditions and glaciation.",c14,,18840,,,,AUSTRALIA
14235,Tasmanian West,145.94,-42.49,Warreen Cave (TAS #3786),Rockshelter,Beta-42995,22650,200,,,Charcoal,Charcoal,"Sq. B, XU 30, 31, 32. SU 3",62-69,Radiocarbon,,Terrestrial,Closed,Y,"Allen, 1996a","A collapsed rockshelter located in the Upper Maxwell River valley on the Lancelot Rivulet, western Tasmania. It is situated in a dolomite bluff, c. 30 m above the valley floor. Originally excavated in 1986 during some early reconnaissance work by Parks and Wildlife Servce, subsequently re-excavated in 1990 as part of the Southern Forests Archaeological Project. The paper suggests some difficulty in correlating the two different excavations (and hence some of the approximation in depth of dates, etc, included here). The shelter revealed two main areas of deposit divided by roof fall; originally it would have formed an 80 sq. m floor; the collapse is believed to have led to abandonment of the shelter. Excavations of two contigous 50 x 50 cm test pits (A and B) were undertaken in the main chamber, with a third (C) occurring in the collapsed part of the shelter to identify ante terminus. Seven stratigraphic units were identified in the excavations: SU 7 was basically sterile; SU 5 and 6 contained artefactual material, as well as extensive limestone boulders, and was dated to c. 24-30 ka; SU 3 and 3 were both rich bone beds (of human origin) and were dated to c. 24-21ka; SU 1 and 2 retained little bone, but numerous hearths and extensive artefactual remains (some suggestion bone was used as fuel, since it was often burnt) and dated to c. 19-16 ka. Detailed analysis of the faunal and lithics remains were not available at the time of publication.",c14,,22650,,,,AUSTRALIA
14166,Tasmanian Southern Ranges,146.44,-42.85,Bone Cave (TAS #1790),Rockshelter,Beta-40331,23790,200,,,Charcoal,Charcoal,"Sq. ZZ, spit 17, SU 8, No. 25",c.98,Radiocarbon,,Terrestrial,Closed,Y,"Allen, 1996","A rockshelter first recorded by Weston (1969); lost and subsequently re-found by a geologist (Clive Calver). Ranson and Kiernan re-investigated the site before further nivestigation in 1988 by Allen et al. The site was not completed in 1988 and a further 2 x 50 cm test pit to a depth of 152 cm was undertaken in 1989. The site is located on Weld River, 7 m above the river. The cave is 4 x 3 x 1.5 m in size with a large talus of deposit inside of the cave, as well as a small water channel.  They identified three stratigraphic units: the upper unit, 10-20 cm, composed of light brown cave earths and contained few stone tools and small bird, rodent and lizard bones - questionable whether a unit derived from human occupation or not; a middle unit (spit data suggests around 32.5 cm - 52.5 cm), composed of darker brown silty soils and contained grey ashy lenses, large quantites of stone flakes and animal bones (relatively unfragmented) - primarily larger marsupials; and a lower unit (spit data suggests around 52.5 cm - 74 cm) with blackened matrix (and dense in charcoal) and frequent hearths and contained similar finds to the middle unit, but they are more fragmented. Artefacts were primairly of quartzite from locally-derived material (within the cave), as well as other materials including Florentine, chalcedony, jasper, silcrete, hornfels, non-local quartzite, Mt Read volcanics and a fragment of Darwin glass (from an impact crater >100 km away). Artefacts included steep-sided and sometime multi-platform cores and several scrapers. A bone point from a macropod tibia was also recovered.",c14,,23790,,,,AUSTRALIA
11817,Mulga Lands,147.2,-30.2,Cuddie Springs,Open site,Beta-46170,28310,200,,,Charcoal,Charcoal,Unit 6a,120,Radiocarbon,,Terrestrial,Open,Y,"Furby, 1991; Furby et al. 1993; Dodson et al. 1993; Field, 2006","A well-known open site containing Aboriginal archaeological material over a megafauna bone bed. Unit 5 - 8 includes a wide variety of megafauna remains (including Diprotodon and Genyornis sp.) between c. 28,000BP - >30,000 BP. Artefacts occur from unit 6 in association with megafauna remains - the origins of these artefacts form the basis of human/climate megafauna extinction debate. The majority of the archaeological assemblage occurs in unit 5 and includes horsehoof cores, small single and multi platform cores and flakes, from silcrete, quartz, quartzite, chert, conglomerate, feldspar porphory, and sandstone. Unit 5 forms the upper of three bone beds present to depths of 4 m in at this site.",c14,,28310,,,,AUSTRALIA
